-- phpMyAdmin SQL Dump
-- version 5.0.2
-- https://www.phpmyadmin.net/
--
-- Hôte : 127.0.0.1
-- Généré le : jeu. 15 juil. 2021 à 15:57
-- Version du serveur :  10.4.11-MariaDB
-- Version de PHP : 7.4.4

SET SQL_MODE = "NO_AUTO_VALUE_ON_ZERO";
START TRANSACTION;
SET time_zone = "+00:00";


/*!40101 SET @OLD_CHARACTER_SET_CLIENT=@@CHARACTER_SET_CLIENT */;
/*!40101 SET @OLD_CHARACTER_SET_RESULTS=@@CHARACTER_SET_RESULTS */;
/*!40101 SET @OLD_COLLATION_CONNECTION=@@COLLATION_CONNECTION */;
/*!40101 SET NAMES utf8mb4 */;

--
-- Base de données : `ae_entrepreneur`
--

-- --------------------------------------------------------

--
-- Structure de la table `activite`
--

CREATE TABLE `activite` (
  `id` int(11) NOT NULL,
  `nom` varchar(255) COLLATE utf8mb4_unicode_ci NOT NULL,
  `taux` double NOT NULL,
  `ref` varchar(255) COLLATE utf8mb4_unicode_ci NOT NULL
) ENGINE=InnoDB DEFAULT CHARSET=utf8mb4 COLLATE=utf8mb4_unicode_ci;

--
-- Déchargement des données de la table `activite`
--

INSERT INTO `activite` (`id`, `nom`, `taux`, `ref`) VALUES
(140, 'Secteur de l\'industrie', 0.7, 'Activite-60aec5429460f'),
(141, 'Secteur de l\'agriculture', 10, 'Activite-60aec54294612'),
(142, 'Secteur du commerce', 20, 'Activite-60aec54294613'),
(143, 'Secteur des services', 15, 'Activite-60aec54294614'),
(144, 'Secteur de l’artisanat ou des métiers', 12, 'Activite-60aec54294615');

-- --------------------------------------------------------

--
-- Structure de la table `actualite`
--

CREATE TABLE `actualite` (
  `id` int(11) NOT NULL,
  `title` varchar(255) COLLATE utf8mb4_unicode_ci NOT NULL,
  `description` longtext COLLATE utf8mb4_unicode_ci NOT NULL,
  `image` varchar(255) COLLATE utf8mb4_unicode_ci NOT NULL,
  `created_at` datetime NOT NULL,
  `ref` varchar(255) COLLATE utf8mb4_unicode_ci NOT NULL
) ENGINE=InnoDB DEFAULT CHARSET=utf8mb4 COLLATE=utf8mb4_unicode_ci;

--
-- Déchargement des données de la table `actualite`
--

INSERT INTO `actualite` (`id`, `title`, `description`, `image`, `created_at`, `ref`) VALUES
(174, 'Dolor omnis et quia mollitia.', 'Quibusdam ea optio ut esse recusandae voluptatibus ex. Sint omnis et minima consequatur iste aliquam ipsam. Illo aut facere deleniti et omnis. Sapiente quaerat doloremque rerum eius.', 'https://avocat-charlottedingaatipo.fr/wp-content/uploads/accomplishment-agreement-business-1249158-Pexels.jpg', '2021-05-27 00:01:43', 'Act-60aec5475c1a8'),
(175, 'Rerum harum quo accusantium est veritatis adipisci.', 'Quod aspernatur dolorem numquam et tempore nostrum possimus. Consequatur distinctio dolores similique quo nemo non.', 'https://www.dynamique-mag.com/wp-content/uploads/2b8b4313995737e29f938e99cc5eb9ff.jpg', '2021-05-27 00:01:43', 'Act-60aec5475c27a'),
(176, 'Et quidem voluptas itaque accusamus sapiente pariatur consequatur et.', 'Dolore illo ab voluptas consectetur quod reprehenderit. Saepe est consequatur eum eum. Quia temporibus et molestias odio magni neque. Omnis saepe nostrum ut quibusdam est.', 'https://www.mescertifications.com/wp-content/uploads/2019/08/managementstrategique.jpg', '2021-05-27 00:01:43', 'Act-60aec5475c2b6'),
(177, 'Quisquam beatae ipsum eligendi a.', 'Laborum minus inventore corporis numquam optio quae eum. Voluptatem sequi ducimus aut autem. Quos pariatur ducimus sunt est praesentium aperiam fugiat.', 'https://avocat-charlottedingaatipo.fr/wp-content/uploads/accomplishment-agreement-business-1249158-Pexels.jpg', '2021-05-27 00:01:43', 'Act-60aec5475c2e6'),
(178, 'Veritatis enim sed nam dolorum maiores.', 'Facilis non sint quos eos consequatur unde minima. Ab et dolorum modi minima et eveniet perspiciatis. Unde voluptatibus ab repellat fuga ipsum impedit. Totam dolor molestias nostrum perspiciatis ea neque ut.', 'https://avocat-charlottedingaatipo.fr/wp-content/uploads/accomplishment-agreement-business-1249158-Pexels.jpg', '2021-05-27 00:01:43', 'Act-60aec5475c31e'),
(179, 'Est ipsam dolore corporis veritatis eaque officiis.', 'Velit modi vel laborum officia vero quibusdam. Itaque autem id quam voluptas ut. Rerum qui dignissimos sed omnis fugiat deleniti laboriosam. Minima quo quibusdam optio quia saepe at.', 'https://avocat-charlottedingaatipo.fr/wp-content/uploads/accomplishment-agreement-business-1249158-Pexels.jpg', '2021-05-27 00:01:43', 'Act-60aec5475c354'),
(180, 'Ullam incidunt inventore rerum minus et labore ullam iste.', 'Et tempore omnis reprehenderit. Omnis eligendi exercitationem libero. Velit totam at veritatis nesciunt quaerat similique.', 'https://www.mescertifications.com/wp-content/uploads/2019/08/managementstrategique.jpg', '2021-05-27 00:01:43', 'Act-60aec5475c37d'),
(181, 'Accusamus eos odit qui deserunt nemo ab consectetur.', 'Laudantium provident ipsa aspernatur voluptates earum quidem. Cum quisquam molestiae est perspiciatis et. Illo dolor eum quisquam molestiae neque voluptatem.', 'https://avocat-charlottedingaatipo.fr/wp-content/uploads/accomplishment-agreement-business-1249158-Pexels.jpg', '2021-05-27 00:01:43', 'Act-60aec5475c3aa'),
(182, 'Ullam aut id possimus.', 'Eaque earum dolor velit sapiente animi illo. Est ut ut qui iure voluptatibus natus quisquam.', 'https://www.mescertifications.com/wp-content/uploads/2019/08/managementstrategique.jpg', '2021-05-27 00:01:43', 'Act-60aec5475c3cc'),
(183, 'Nisi commodi ut non magni deserunt quam.', 'Aut mollitia est autem quas delectus. Et voluptas quidem quo exercitationem. Eaque qui adipisci quia qui sed voluptatibus. Pariatur eum repudiandae accusamus veritatis.', 'https://www.mescertifications.com/wp-content/uploads/2019/08/managementstrategique.jpg', '2021-05-27 00:01:43', 'Act-60aec5475c3fc'),
(184, 'JDN Entrepreneur : définition simple, traduction et synonymes', 'sqdqdsqdqsssssssqd qsssssssssssssqdqdsqdqsssssssqd qsssssssssssssqdqdsqdqsssssssqd qsssssssssssssqdqdsqdqsssssssqd qsssssssssssssqdqdsqdqsssssssqd qsssssssssssssqdqdsqdqsssssssqd qssssssssssss', 'https://img-0.journaldunet.com/bXpnkwaBcUWi65UmmZrHYSFbqsE=/1500x/smart/23356966f345437e8a3be0c63f4fe265/ccmcms-jdn/10901509.jpg', '2021-06-16 16:18:36', 'Act-60ca083cdc34e');

-- --------------------------------------------------------

--
-- Structure de la table `admin`
--

CREATE TABLE `admin` (
  `id` int(11) NOT NULL,
  `email` varchar(180) COLLATE utf8mb4_unicode_ci NOT NULL,
  `roles` longtext COLLATE utf8mb4_unicode_ci NOT NULL COMMENT '(DC2Type:json)',
  `password` varchar(255) COLLATE utf8mb4_unicode_ci NOT NULL,
  `nom` varchar(255) COLLATE utf8mb4_unicode_ci NOT NULL,
  `prenom` varchar(255) COLLATE utf8mb4_unicode_ci NOT NULL,
  `cin` int(11) NOT NULL
) ENGINE=InnoDB DEFAULT CHARSET=utf8mb4 COLLATE=utf8mb4_unicode_ci;

--
-- Déchargement des données de la table `admin`
--

INSERT INTO `admin` (`id`, `email`, `roles`, `password`, `nom`, `prenom`, `cin`) VALUES
(82, 'admin@gmail.com', '[\"ROLE_ADMIN\"]', '$argon2id$v=19$m=65536,t=4,p=1$M1l2TnJuOWsxRlVQTXNQQQ$6acMO8OK8ZqylpFA/a02ruhTi4j4Ebap6P0Qv9of0PI', 'Anis', 'Brahmi', 73262233);

-- --------------------------------------------------------

--
-- Structure de la table `agent`
--

CREATE TABLE `agent` (
  `id` int(11) NOT NULL,
  `email` varchar(180) COLLATE utf8mb4_unicode_ci NOT NULL,
  `roles` longtext COLLATE utf8mb4_unicode_ci NOT NULL COMMENT '(DC2Type:json)',
  `password` varchar(255) COLLATE utf8mb4_unicode_ci NOT NULL,
  `nom` varchar(255) COLLATE utf8mb4_unicode_ci NOT NULL,
  `prenom` varchar(255) COLLATE utf8mb4_unicode_ci NOT NULL,
  `cin` int(11) NOT NULL,
  `slug` varchar(255) COLLATE utf8mb4_unicode_ci NOT NULL,
  `etat` tinyint(1) NOT NULL
) ENGINE=InnoDB DEFAULT CHARSET=utf8mb4 COLLATE=utf8mb4_unicode_ci;

--
-- Déchargement des données de la table `agent`
--

INSERT INTO `agent` (`id`, `email`, `roles`, `password`, `nom`, `prenom`, `cin`, `slug`, `etat`) VALUES
(977, 'arno.lesch@yahoo.com', '[\"ROLE_AGENT\"]', '$argon2id$v=19$m=65536,t=4,p=1$L2pNMXdlYXE4ejJyZHhWMg$LUpkpyuI4vNeXLfhBJ5I09kC4KHepqLmJnRyJjPzZrY', 'Howard Pfannerstill', 'Koss', 97719529, 'kosshoward-pfannerstill135025', 1),
(978, 'leffler.milan@yahoo.com', '[\"ROLE_AGENT\"]', '$argon2id$v=19$m=65536,t=4,p=1$NUNEbElWQWU5YUdNSWMudA$awM3vjQvSZxUWuI/Mn3b5D1HmZlTKpxHaKvlgcQ/oEY', 'Damian Daniel', 'Johnson', 78916761, 'johnsondamian-daniel270139', 1),
(979, 'rmedhurst@gmail.com', '[\"ROLE_AGENT\"]', '$argon2id$v=19$m=65536,t=4,p=1$STlaVHM5RmQ2b0ZITm5hUw$At4XMYkBzIzRwhqPDsJKpx/f7PLBKCFNBFPYrxivYAI', 'Prof. Anderson Marks I', 'Collins', 90740036, 'collinsprof-anderson-marks-i270139', 1),
(980, 'katlynn.bailey@thiel.com', '[\"ROLE_AGENT\"]', '$argon2id$v=19$m=65536,t=4,p=1$WHhPZVBpSW53Ti5heWtPWg$EfTMjkN0gRZxxjOU7oRUAXqmVTPcgEFyFnjHC7xeiTQ', 'Oswaldo Bednar', 'Pfannerstill', 76364729, 'pfannerstilloswaldo-bednar270139', 1),
(981, 'myrtle37@yahoo.com', '[\"ROLE_AGENT\"]', '$argon2id$v=19$m=65536,t=4,p=1$TkhhVmIwVnpITkJsT2M3QQ$7knxgSDPfgpG/LAEHWt7Qh+LOKgynaN9wqi+b2zlUKY', 'Dustin Friesen', 'Sipes', 82545727, 'sipesdustin-friesen270139', 1),
(982, 'jessy53@bailey.com', '[\"ROLE_AGENT\"]', '$argon2id$v=19$m=65536,t=4,p=1$cm05N3V0aVNqSVBsSHBSSQ$e+3ZQg97APMVurQGAroka3MS8AUOOmOmKXOsL37sP44', 'Joana Lehner DDS', 'Shanahan', 32536599, 'shanahanjoana-lehner-dds270140', 1),
(983, 'aniya.homenick@hahn.com', '[\"ROLE_AGENT\"]', '$argon2id$v=19$m=65536,t=4,p=1$WTVSN2ZkQzc2S3lpTmJCVQ$jqBj7ZJFk+LL4sKYPypqP60JOA/+IMugh3dTpADF5aI', 'Mr. Andy Crooks Sr.', 'Lesch', 91461701, 'leschmr-andy-crooks-sr-270140', 1),
(984, 'csmith@yahoo.com', '[\"ROLE_AGENT\"]', '$argon2id$v=19$m=65536,t=4,p=1$aGVuN1NWQi55Uk5lVm9QUg$/dOEKyhvMZe3HZzpM5YjBmOP17BuJd4oWIOaYdWoiZQ', 'Tyreek Schmeler', 'Schowalter', 54368441, 'schowaltertyreek-schmeler270140', 1),
(985, 'zechariah30@lakin.com', '[\"ROLE_AGENT\"]', '$argon2id$v=19$m=65536,t=4,p=1$UWZTdE1NVmxvT3IuTzAwaA$I/7Awf9juPZWtGqBIpY4XSJczQ0vhWDBzE+7uqxgv8U', 'Myrl Breitenberg', 'Erdman', 83560628, 'erdmanmyrl-breitenberg270140', 1),
(986, 'berry51@hotmail.com', '[\"ROLE_AGENT\"]', '$argon2id$v=19$m=65536,t=4,p=1$QVZtVGl4RlJObEJTRlhCTQ$EkWuWeqKpNUn8rw34HCeS7T6g+AXuGFxM0ew4mMIOj4', 'Eldon Waelchi', 'Nicolas', 51609644, 'nicolaseldon-waelchi270140', 1),
(987, 'mckenzie.valerie@gmail.com', '[\"ROLE_AGENT\"]', '$argon2id$v=19$m=65536,t=4,p=1$bEhJVHh1VFJhQmtlYkNxVg$NIF7jmXc4g26Tj7F0BZNmP2qqdupCRjf7kxZv4ioMGA', 'Rubie Donnelly II', 'Wiza', 33025295, 'wizarubie-donnelly-ii270141', 1),
(988, 'selmer.mclaughlin@yahoo.com', '[\"ROLE_AGENT\"]', '$argon2id$v=19$m=65536,t=4,p=1$RzhKdTBwbUJhaGlMZnc1aw$O9rU3ZLvNWq+CBZThakb5G21WdKCwneLAWcwDHr595Q', 'Prof. Antoinette Legros Jr.', 'Jast', 86563614, 'jastprof-antoinette-legros-jr-270141', 1),
(989, 'vincenza.langosh@gmail.com', '[\"ROLE_AGENT\"]', '$argon2id$v=19$m=65536,t=4,p=1$UUkxcTN4UHA0b2cxdE43dQ$xTCu4w5MdUDvvFh1MzMLt18eGSO85mdokHMZwg5Ztt4', 'Alysa Zulauf IV', 'Ankunding', 83079182, 'ankundingalysa-zulauf-iv270141', 1),
(990, 'effertz.cameron@langosh.com', '[\"ROLE_AGENT\"]', '$argon2id$v=19$m=65536,t=4,p=1$OXBpYWdHcWN6UnNMbjA2Vw$RHMt6rr7AOlI8SdtawQgo4XqfMyRB9Fhz8N/4McJoUY', 'Anne Graham PhD', 'McKenzie', 73747723, 'mckenzieanne-graham-phd270141', 1),
(991, 'tito45@hotmail.com', '[\"ROLE_AGENT\"]', '$argon2id$v=19$m=65536,t=4,p=1$UUw3LmQ5a0F6MC50dXkxRQ$8wpMVGLtAgkX+OizPxBkVT5iO9McFY6MBf2e6fpkw9s', 'Kiarra Stehr', 'Reichel', 15172333, 'reichelkiarra-stehr270142', 1),
(992, 'sschiller@gmail.com', '[\"ROLE_AGENT\"]', '$argon2id$v=19$m=65536,t=4,p=1$OU1oam5nbjJXSy9LeDRNVw$0U9+vPgtBedWH2zeBXETMafdw2qyDzaxIH8a1rE7Ikg', 'Vella Carter', 'Davis', 33289296, 'davisvella-carter270142', 1),
(993, 'aurore.baumbach@yahoo.com', '[\"ROLE_AGENT\"]', '$argon2id$v=19$m=65536,t=4,p=1$SjVQQkE5ZGMyajZ2S3RJYg$yXo6hkyizvaycb9E1RpGeMYnTARpnc3t5sZwBlnTZwc', 'Shad Feeney', 'Christiansen', 55803555, 'christiansenshad-feeney270142', 1),
(994, 'addie.brekke@gmail.com', '[\"ROLE_AGENT\"]', '$argon2id$v=19$m=65536,t=4,p=1$Q2FvOGY4UDZRZFllZXdqNw$Fb8NAYPmt66OGhCUBMfKAsCq4IcQfD6V0F3W+iA35dk', 'Bret Kuhn', 'Connelly', 83117083, 'connellybret-kuhn270142', 1),
(995, 'cecile.simonis@lang.biz', '[\"ROLE_AGENT\"]', '$argon2id$v=19$m=65536,t=4,p=1$ekxESE1GRFNHZG1iYmNrQQ$XFp/3yusk0+tU4AZK8WcoRK3JJ96LszwGCGTMPbH8vU', 'Mrs. Ramona Dietrich', 'Hettinger', 47458020, 'hettingermrs-ramona-dietrich270143', 1),
(996, 'hazel.ebert@yahoo.com', '[\"ROLE_AGENT\"]', '$argon2id$v=19$m=65536,t=4,p=1$UU9SZk95UWpSVUtaY3UwSw$YBEBjfLGoHMomwnVoI8m6sL1lg7hl5cax7XiS3TRQbg', 'Adelbert Turner', 'Watsica', 87866127, 'watsicaadelbert-turner270143', 1);

-- --------------------------------------------------------

--
-- Structure de la table `attestation_chiffre_affaire`
--

CREATE TABLE `attestation_chiffre_affaire` (
  `id` int(11) NOT NULL,
  `entrepreneur_id` int(11) NOT NULL,
  `date` date NOT NULL,
  `ref` varchar(255) COLLATE utf8mb4_unicode_ci NOT NULL,
  `annee` varchar(255) COLLATE utf8mb4_unicode_ci NOT NULL,
  `nom` varchar(255) COLLATE utf8mb4_unicode_ci NOT NULL
) ENGINE=InnoDB DEFAULT CHARSET=utf8mb4 COLLATE=utf8mb4_unicode_ci;

--
-- Déchargement des données de la table `attestation_chiffre_affaire`
--

INSERT INTO `attestation_chiffre_affaire` (`id`, `entrepreneur_id`, `date`, `ref`, `annee`, `nom`) VALUES
(24, 817, '2021-06-09', 'ACh-60c07f5313953', '2017', 'Attestation chiffre d\'affaire'),
(25, 828, '2021-06-16', 'ACh-60ca076823400', '2021', 'Attestation chiffre d\'affaire');

-- --------------------------------------------------------

--
-- Structure de la table `attestation_fiscale`
--

CREATE TABLE `attestation_fiscale` (
  `id` int(11) NOT NULL,
  `entrepreneur_id` int(11) NOT NULL,
  `date_cr` date NOT NULL,
  `ref` varchar(255) COLLATE utf8mb4_unicode_ci NOT NULL,
  `annee` varchar(255) COLLATE utf8mb4_unicode_ci NOT NULL,
  `nom` varchar(255) COLLATE utf8mb4_unicode_ci NOT NULL
) ENGINE=InnoDB DEFAULT CHARSET=utf8mb4 COLLATE=utf8mb4_unicode_ci;

--
-- Déchargement des données de la table `attestation_fiscale`
--

INSERT INTO `attestation_fiscale` (`id`, `entrepreneur_id`, `date_cr`, `ref`, `annee`, `nom`) VALUES
(3, 828, '2021-06-16', 'AFi-60ca078bce1ca', '2021', 'Attestation Fiscale');

-- --------------------------------------------------------

--
-- Structure de la table `categorie`
--

CREATE TABLE `categorie` (
  `id` int(11) NOT NULL,
  `activite_id` int(11) DEFAULT NULL,
  `entrepreneur_id` int(11) DEFAULT NULL,
  `adresse` varchar(255) COLLATE utf8mb4_unicode_ci NOT NULL,
  `codepostale` int(11) NOT NULL,
  `domicile` tinyint(1) NOT NULL,
  `slug` varchar(255) COLLATE utf8mb4_unicode_ci NOT NULL
) ENGINE=InnoDB DEFAULT CHARSET=utf8mb4 COLLATE=utf8mb4_unicode_ci;

--
-- Déchargement des données de la table `categorie`
--

INSERT INTO `categorie` (`id`, `activite_id`, `entrepreneur_id`, `adresse`, `codepostale`, `domicile`, `slug`) VALUES
(251, 144, 816, '113 Turner Turnpike Suite 342\nMcClureburgh, NY 63715', 88636, 0, 'tremayne-champlincategorie270143'),
(252, 141, 817, '456 Eusebio Knolls Apt. 580\nEast Bernard, NJ 78806-5568', 50100, 0, 'sanford-mosciskicategorie270143'),
(253, 144, 818, '95041 Sporer Extension Apt. 370\nJessyfurt, DC 15154', 93198, 0, 'linda-weissnatcategorie270144'),
(254, 143, 819, '3375 Walker Mountain Apt. 290\nLake Jamil, DE 74452', 66832, 1, 'kiera-reingercategorie270144'),
(255, 142, 820, '38615 Hagenes Groves\nBeierberg, CT 86017-3070', 53166, 1, 'daisha-fishercategorie270144'),
(256, 142, 821, '88560 Veum Forges\nPort Uriah, MI 62272-8788', 88218, 0, 'prof-damian-haleycategorie270144'),
(257, 144, 822, '73892 Hessel Ferry\nUrsulaberg, KS 89346', 51010, 1, 'haven-treutelcategorie270145'),
(258, 142, 823, '1865 Mathias Ways\nElisabethfort, WI 40096', 53833, 1, 'mr-kelvin-baumbach-mdcategorie270145'),
(259, 143, 824, '2411 Herbert Shore\nEast Isabellaberg, NJ 26859', 31429, 1, 'berniece-johnsoncategorie270145'),
(260, 141, 825, '8988 Kiera Extensions Apt. 123\nBrendanborough, TN 15995-3482', 49951, 0, 'prof-sheridan-franecki-phdcategorie270145'),
(261, 144, 826, '8135 Williamson Dale Suite 845\nJacefort, MI 01605-1254', 95157, 0, 'edythe-bartoletticategorie270146'),
(262, 143, 827, 'Tunisie, beb jdid rue 02', 1596, 1, 'ahmedcategorie091611'),
(263, 143, 828, 'Tunisie, beb jdid rue 01', 98556, 1, 'brahmicategorie165956'),
(264, 142, 829, 'Tunisie', 6988, 1, 'test66categorie155417');

-- --------------------------------------------------------

--
-- Structure de la table `declaration`
--

CREATE TABLE `declaration` (
  `id` int(11) NOT NULL,
  `entrepreneur_id` int(11) DEFAULT NULL,
  `chiffre` double DEFAULT NULL,
  `date_dec` date DEFAULT NULL,
  `date_ex` date NOT NULL,
  `date_cr` date DEFAULT NULL,
  `penalite` double DEFAULT NULL,
  `cotisation` double DEFAULT NULL,
  `etat` tinyint(1) NOT NULL,
  `totalapayer` double DEFAULT NULL,
  `ref` varchar(255) COLLATE utf8mb4_unicode_ci NOT NULL,
  `attestation_chiffre_affaire_id` int(11) DEFAULT NULL,
  `attestation_fiscale_id` int(11) DEFAULT NULL
) ENGINE=InnoDB DEFAULT CHARSET=utf8mb4 COLLATE=utf8mb4_unicode_ci;

--
-- Déchargement des données de la table `declaration`
--

INSERT INTO `declaration` (`id`, `entrepreneur_id`, `chiffre`, `date_dec`, `date_ex`, `date_cr`, `penalite`, `cotisation`, `etat`, `totalapayer`, `ref`, `attestation_chiffre_affaire_id`, `attestation_fiscale_id`) VALUES
(7732, 816, NULL, NULL, '2021-06-09', '2021-05-26', NULL, NULL, 0, NULL, 'Dec-60aec54797b8f', NULL, NULL),
(7733, 816, NULL, NULL, '1998-01-05', '1986-07-07', NULL, NULL, 0, NULL, 'Dec-60aec54797c1b', NULL, NULL),
(7734, 816, 576840097.07, '1984-06-03', '2016-05-03', '2016-02-13', 2889.7431, 204.8322, 1, 3094.5753, 'Dec-60aec54797c65', NULL, NULL),
(7735, 816, 0.66, '2015-06-30', '2008-03-15', '2002-06-03', 0.8584623, 1, 1, 1.8584623, 'Dec-60aec54797ca8', NULL, NULL),
(7736, 816, NULL, NULL, '2004-12-16', '2017-03-30', NULL, NULL, 0, NULL, 'Dec-60aec54797cd3', NULL, NULL),
(7737, 816, NULL, NULL, '1971-09-19', '2014-11-22', NULL, NULL, 0, NULL, 'Dec-60aec54797d01', NULL, NULL),
(7738, 816, 17176889.66, '1992-03-04', '1976-05-15', '1983-10-22', 15.581303914, 179767, 1, 179782.58130391, 'Dec-60aec54797d42', NULL, NULL),
(7739, 816, 64913.116, '1973-07-22', '1991-01-10', '1972-07-07', 84658495.11613, 44.382, 1, 84658539.49813, 'Dec-60aec54797d81', NULL, NULL),
(7740, 816, NULL, NULL, '2017-01-01', '2007-07-14', NULL, NULL, 0, NULL, 'Dec-60aec54797dae', NULL, NULL),
(7741, 816, 185791.5102, '2003-09-05', '1980-12-22', '1981-07-30', 35257547.37101, 399692.65, 1, 35657240.02101, 'Dec-60aec54797df1', NULL, NULL),
(7742, 816, 57.24234634, '1986-12-23', '1978-10-18', '1997-04-20', 138.7484, 12522385, 1, 12522523.7484, 'Dec-60aec54797e31', NULL, NULL),
(7743, 816, 31.910623148, '2005-05-09', '2003-09-29', '2004-03-24', 52616626.7, 227.4, 1, 52616854.1, 'Dec-60aec54797e73', NULL, NULL),
(7744, 816, NULL, NULL, '1987-09-17', '1988-10-23', NULL, NULL, 0, NULL, 'Dec-60aec54797ea0', NULL, NULL),
(7745, 816, NULL, NULL, '2011-04-12', '2002-01-18', NULL, NULL, 0, NULL, 'Dec-60aec54797eca', NULL, NULL),
(7746, 816, 0.28, '1992-03-22', '1993-08-20', '1985-10-07', 32350.2986, 2612.2552802, 1, 34962.5538802, 'Dec-60aec54797f0a', NULL, NULL),
(7747, 816, 1960493.863561, '2017-03-04', '2011-12-22', '1976-02-17', 7102706, 563841.768, 1, 7666547.768, 'Dec-60aec54797f49', NULL, NULL),
(7748, 816, NULL, NULL, '2014-06-28', '2000-01-20', NULL, NULL, 0, NULL, 'Dec-60aec54797f75', NULL, NULL),
(7749, 816, 3775.7, '1977-07-19', '1984-10-17', '1985-08-23', 3.78822822, 49044682.972202, 1, 49044686.76043, 'Dec-60aec54797fb4', NULL, NULL),
(7750, 816, 1956.270021, '2005-08-31', '2004-04-22', '1995-01-15', 1875.2139144, 15.999138, 1, 1891.2130524, 'Dec-60aec54797ff4', NULL, NULL),
(7751, 816, 18752635.95, '1980-08-16', '2020-10-14', '1991-11-05', 833999.89238038, 776326.98958, 1, 1610326.8819604, 'Dec-60aec54798033', NULL, NULL),
(7752, 816, NULL, NULL, '2012-08-16', '1984-02-25', NULL, NULL, 0, NULL, 'Dec-60aec5479805e', NULL, NULL),
(7753, 816, NULL, NULL, '1974-07-16', '1995-12-23', NULL, NULL, 0, NULL, 'Dec-60aec54798089', NULL, NULL),
(7754, 817, NULL, NULL, '2021-06-09', '2021-05-26', NULL, NULL, 0, NULL, 'Dec-60aec547d3e9c', NULL, NULL),
(7755, 817, 20.303233127, '1985-06-12', '2011-04-20', '2017-11-14', 129064.38340158, 1240.48, 1, 130304.86340158, 'Dec-60aec547d3eeb', 24, NULL),
(7756, 817, NULL, NULL, '2002-08-12', '2000-02-25', NULL, NULL, 0, NULL, 'Dec-60aec547d3f19', NULL, NULL),
(7757, 817, NULL, NULL, '1992-05-02', '2006-11-13', NULL, NULL, 0, NULL, 'Dec-60aec547d3f44', NULL, NULL),
(7758, 817, 81.52435, '1976-12-31', '1980-12-15', '2008-01-17', 3.9702286, 608.3, 1, 612.2702286, 'Dec-60aec547d3f85', NULL, NULL),
(7759, 817, 0.1, '1970-07-16', '1980-03-20', '1976-09-27', 14532.49, 22.50571983, 1, 14554.99571983, 'Dec-60aec547d3fc5', NULL, NULL),
(7760, 817, 31088.167075, '1976-03-28', '1979-04-12', '1993-08-23', 296554.579, 11074.213, 1, 307628.792, 'Dec-60aec547d4005', NULL, NULL),
(7761, 817, 26094.9, '1991-11-21', '1995-08-14', '2007-03-11', 12632553.2007, 111.7097, 1, 12632664.9104, 'Dec-60aec547d4045', NULL, NULL),
(7762, 817, 2105631.687, '1995-03-14', '1973-11-16', '1986-09-05', 97151.33639318, 4181611.65, 1, 4278762.9863932, 'Dec-60aec547d4084', NULL, NULL),
(7763, 817, NULL, NULL, '2015-03-30', '1974-03-16', NULL, NULL, 0, NULL, 'Dec-60aec547d40ae', NULL, NULL),
(7764, 817, 411284.82753, '2007-01-10', '2019-10-29', '1992-10-29', 3090461.389, 29719.1669568, 1, 3120180.5559568, 'Dec-60aec547d40ee', NULL, NULL),
(7765, 817, NULL, NULL, '1981-07-04', '1973-07-24', NULL, NULL, 0, NULL, 'Dec-60aec547d4119', NULL, NULL),
(7766, 817, 42478226.855696, '1987-05-14', '1992-10-09', '1976-05-24', 176.49882, 0.114, 1, 176.61282, 'Dec-60aec547d4157', NULL, NULL),
(7767, 817, NULL, NULL, '2015-02-25', '1980-12-03', NULL, NULL, 0, NULL, 'Dec-60aec547d4182', NULL, NULL),
(7768, 817, 2352948.1, '2018-04-18', '1989-03-22', '1985-04-21', 24394534.651, 654.49, 1, 24395189.141, 'Dec-60aec547d41c1', NULL, NULL),
(7769, 817, 43.901, '2010-05-22', '1971-10-13', '1984-10-22', 47124, 622556411.13532, 1, 622603535.13532, 'Dec-60aec547d4201', NULL, NULL),
(7770, 817, NULL, NULL, '2007-07-01', '1980-02-11', NULL, NULL, 0, NULL, 'Dec-60aec547d4239', NULL, NULL),
(7771, 817, NULL, NULL, '1994-03-18', '1983-07-10', NULL, NULL, 0, NULL, 'Dec-60aec547d4264', NULL, NULL),
(7772, 817, 3540704, '1996-12-16', '1975-04-11', '1979-11-24', 2.5, 2.2997015, 1, 4.7997015, 'Dec-60aec547d42a6', NULL, NULL),
(7773, 817, 11502.284599913, '1970-07-11', '1985-06-01', '1978-06-06', 4, 32050.32533217, 1, 32054.32533217, 'Dec-60aec547d42e7', NULL, NULL),
(7774, 817, 35.8134812, '2010-10-28', '2001-04-04', '2009-06-02', 259188.5, 37, 1, 259225.5, 'Dec-60aec547d4328', NULL, NULL),
(7775, 817, 51323290.579, '1992-05-24', '1992-04-13', '2000-05-24', 33755, 749286502.20864, 1, 749320257.20864, 'Dec-60aec547d4369', NULL, NULL),
(7776, 818, NULL, NULL, '2021-06-09', '2021-05-26', NULL, NULL, 0, NULL, 'Dec-60aec5481b2f9', NULL, NULL),
(7777, 818, NULL, NULL, '2017-12-15', '2017-12-15', NULL, NULL, 0, NULL, 'Dec-60aec5481b331', NULL, NULL),
(7778, 818, NULL, NULL, '1982-09-23', '2015-05-26', NULL, NULL, 0, NULL, 'Dec-60aec5481b35e', NULL, NULL),
(7779, 818, 936.1, '1985-10-26', '1983-05-14', '2002-01-17', 4558.929296, 13.11821, 1, 4572.047506, 'Dec-60aec5481b3a0', NULL, NULL),
(7780, 818, 874116.660571, '1980-07-27', '1997-06-18', '1971-07-23', 11.12248814, 4.676, 1, 15.79848814, 'Dec-60aec5481b3e1', NULL, NULL),
(7781, 818, NULL, NULL, '1982-01-02', '2010-08-01', NULL, NULL, 0, NULL, 'Dec-60aec5481b40c', NULL, NULL),
(7782, 818, NULL, NULL, '2021-02-11', '1970-11-05', NULL, NULL, 0, NULL, 'Dec-60aec5481b437', NULL, NULL),
(7783, 818, NULL, NULL, '2007-12-31', '2004-04-17', NULL, NULL, 0, NULL, 'Dec-60aec5481b461', NULL, NULL),
(7784, 818, NULL, NULL, '1977-07-16', '1998-11-24', NULL, NULL, 0, NULL, 'Dec-60aec5481b48c', NULL, NULL),
(7785, 818, 4965.5358193, '2008-08-04', '2013-07-09', '2015-11-29', 1.4136916, 4053.305377937, 1, 4054.719069537, 'Dec-60aec5481b4cc', NULL, NULL),
(7786, 818, NULL, NULL, '2006-11-05', '1980-10-30', NULL, NULL, 0, NULL, 'Dec-60aec5481b4f7', NULL, NULL),
(7787, 818, 999760.69, '1987-08-04', '2015-02-18', '1989-01-10', 35.05, 6456.649, 1, 6491.699, 'Dec-60aec5481b537', NULL, NULL),
(7788, 818, NULL, NULL, '1971-09-04', '2016-09-13', NULL, NULL, 0, NULL, 'Dec-60aec5481b562', NULL, NULL),
(7789, 818, NULL, NULL, '2002-08-06', '2019-07-13', NULL, NULL, 0, NULL, 'Dec-60aec5481b58c', NULL, NULL),
(7790, 818, NULL, NULL, '1982-10-19', '2017-10-05', NULL, NULL, 0, NULL, 'Dec-60aec5481b5c3', NULL, NULL),
(7791, 818, 1734522.2, '2002-01-05', '1971-03-23', '2002-03-21', 3958.797, 71.381, 1, 4030.178, 'Dec-60aec5481b603', NULL, NULL),
(7792, 818, 2574.7778448, '1984-12-02', '1995-08-11', '1983-11-24', 116947944.857, 2759493.6218825, 1, 119707438.47888, 'Dec-60aec5481b642', NULL, NULL),
(7793, 818, 58.98338767, '2006-06-30', '1970-05-03', '2021-02-26', 5595, 82004.72537529, 1, 87599.72537529, 'Dec-60aec5481b682', NULL, NULL),
(7794, 818, NULL, NULL, '2021-03-31', '2021-05-22', NULL, NULL, 0, NULL, 'Dec-60aec5481b6ac', NULL, NULL),
(7795, 818, NULL, NULL, '1990-09-18', '2019-02-20', NULL, NULL, 0, NULL, 'Dec-60aec5481b6d7', NULL, NULL),
(7796, 818, 13346149.076214, '2008-12-12', '2004-02-24', '1981-12-12', 6.4, 328.8848, 1, 335.2848, 'Dec-60aec5481b716', NULL, NULL),
(7797, 818, 1863182.0864986, '2013-11-14', '2000-09-12', '2002-05-25', 233731591.37187, 133827.65948, 1, 233865419.03135, 'Dec-60aec5481b756', NULL, NULL),
(7798, 819, NULL, NULL, '2021-06-09', '2021-05-26', NULL, NULL, 0, NULL, 'Dec-60aec54858af0', NULL, NULL),
(7799, 819, NULL, NULL, '2006-11-22', '1971-10-01', NULL, NULL, 0, NULL, 'Dec-60aec54858b2a', NULL, NULL),
(7800, 819, NULL, NULL, '2006-06-07', '2005-08-05', NULL, NULL, 0, NULL, 'Dec-60aec54858b59', NULL, NULL),
(7801, 819, NULL, NULL, '2011-03-12', '2013-03-29', NULL, NULL, 0, NULL, 'Dec-60aec54858b85', NULL, NULL),
(7802, 819, NULL, NULL, '1978-04-27', '1971-11-05', NULL, NULL, 0, NULL, 'Dec-60aec54858bb2', NULL, NULL),
(7803, 819, NULL, NULL, '2001-04-15', '2018-06-29', NULL, NULL, 0, NULL, 'Dec-60aec54858bde', NULL, NULL),
(7804, 819, NULL, NULL, '1977-05-25', '1972-11-18', NULL, NULL, 0, NULL, 'Dec-60aec54858c0a', NULL, NULL),
(7805, 819, NULL, NULL, '2009-01-31', '2018-08-14', NULL, NULL, 0, NULL, 'Dec-60aec54858c35', NULL, NULL),
(7806, 819, 13698, '1985-08-27', '1982-09-14', '1971-09-14', 64367051.934, 3384.575687, 1, 64370436.509687, 'Dec-60aec54858c79', NULL, NULL),
(7807, 819, NULL, NULL, '1970-06-27', '2015-08-13', NULL, NULL, 0, NULL, 'Dec-60aec54858ca6', NULL, NULL),
(7808, 819, NULL, NULL, '1994-02-14', '1989-12-02', NULL, NULL, 0, NULL, 'Dec-60aec54858cd2', NULL, NULL),
(7809, 819, 6.5889271, '2001-10-03', '2013-11-05', '1973-07-17', 43157.34, 110227.173417, 1, 153384.513417, 'Dec-60aec54858d14', NULL, NULL),
(7810, 819, NULL, NULL, '2017-11-24', '2010-07-21', NULL, NULL, 0, NULL, 'Dec-60aec54858d41', NULL, NULL),
(7811, 819, 621770868.435, '2004-12-13', '2017-12-09', '1988-12-19', 64647.5645, 1.193131, 1, 64648.757631, 'Dec-60aec54858d83', NULL, NULL),
(7812, 819, 11186, '1999-08-25', '1995-12-24', '2019-01-15', 19.484097004, 2011.2, 1, 2030.684097004, 'Dec-60aec54858dc5', NULL, NULL),
(7813, 819, NULL, NULL, '1993-06-30', '1992-12-25', NULL, NULL, 0, NULL, 'Dec-60aec54858df3', NULL, NULL),
(7814, 819, NULL, NULL, '2008-05-02', '1985-06-16', NULL, NULL, 0, NULL, 'Dec-60aec54858e1f', NULL, NULL),
(7815, 819, 2308869.15968, '2011-07-09', '2003-05-23', '1970-06-23', 193724989.47105, 411364.924853, 1, 194136354.39591, 'Dec-60aec54858e5f', NULL, NULL),
(7816, 819, NULL, NULL, '1982-11-24', '2001-10-08', NULL, NULL, 0, NULL, 'Dec-60aec54858e8b', NULL, NULL),
(7817, 819, 6113485.3512, '1982-09-01', '1999-11-30', '1986-05-14', 47.293939987, 151242033, 1, 151242080.29394, 'Dec-60aec54858ecc', NULL, NULL),
(7818, 819, NULL, NULL, '1989-03-16', '1990-08-16', NULL, NULL, 0, NULL, 'Dec-60aec54858ef7', NULL, NULL),
(7819, 819, NULL, NULL, '2020-08-03', '1976-10-28', NULL, NULL, 0, NULL, 'Dec-60aec54858f23', NULL, NULL),
(7820, 820, NULL, NULL, '2021-06-09', '2021-05-26', NULL, NULL, 0, NULL, 'Dec-60aec54894e38', NULL, NULL),
(7821, 820, 1080780.2326, '2005-03-25', '1972-05-29', '1987-06-16', 3, 242.636, 1, 245.636, 'Dec-60aec54894e88', NULL, NULL),
(7822, 820, NULL, NULL, '1993-01-06', '2009-07-28', NULL, NULL, 0, NULL, 'Dec-60aec54894eb5', NULL, NULL),
(7823, 820, 32.257, '2008-07-31', '2006-04-13', '2002-11-08', 62965.5716, 17.8932443, 1, 62983.4648443, 'Dec-60aec54894ef6', NULL, NULL),
(7824, 820, 2585022, '1985-01-17', '2001-03-25', '1992-09-29', 24982866.19, 2519.47938, 1, 24985385.66938, 'Dec-60aec54894f36', NULL, NULL),
(7825, 820, NULL, NULL, '2009-04-27', '1978-05-06', NULL, NULL, 0, NULL, 'Dec-60aec54894f62', NULL, NULL),
(7826, 820, NULL, NULL, '1982-10-04', '1973-11-14', NULL, NULL, 0, NULL, 'Dec-60aec54894f8c', NULL, NULL),
(7827, 820, 0.655431053, '2016-08-11', '1972-11-21', '1995-04-02', 200279154.04477, 37092.49, 1, 200316246.53477, 'Dec-60aec54894fcc', NULL, NULL),
(7828, 820, 32103560, '1990-11-03', '1998-09-25', '2019-03-25', 1.626817, 45957, 1, 45958.626817, 'Dec-60aec5489500c', NULL, NULL),
(7829, 820, NULL, NULL, '1995-07-04', '1978-02-11', NULL, NULL, 0, NULL, 'Dec-60aec5489503c', NULL, NULL),
(7830, 820, 16.700256, '1977-02-26', '2009-05-30', '2018-11-12', 33986.990170521, 512.370102755, 1, 34499.360273276, 'Dec-60aec5489507c', NULL, NULL),
(7831, 820, 2236412.798547, '1980-04-13', '2011-04-29', '2011-02-07', 631725722.428, 660.393, 1, 631726382.821, 'Dec-60aec548950bd', NULL, NULL),
(7832, 820, 4165.438705289, '2016-10-25', '2016-12-28', '1981-03-05', 21138761, 195703.1424329, 1, 21334464.142433, 'Dec-60aec548950fc', NULL, NULL),
(7833, 820, 919.241, '2017-07-16', '1998-01-24', '2020-02-22', 13479643.480785, 374501.7991715, 1, 13854145.279956, 'Dec-60aec5489513c', NULL, NULL),
(7834, 820, 22.62513, '2007-02-19', '1972-12-13', '1995-08-29', 4.9414095, 714817653.36467, 1, 714817658.30608, 'Dec-60aec5489517b', NULL, NULL),
(7835, 820, 56.826169, '1977-11-13', '2015-01-29', '1988-06-05', 418930.779, 1490977.69, 1, 1909908.469, 'Dec-60aec548951bb', NULL, NULL),
(7836, 820, NULL, NULL, '1976-09-02', '1974-09-14', NULL, NULL, 0, NULL, 'Dec-60aec548951e6', NULL, NULL),
(7837, 820, 6677.74, '1997-07-12', '1986-01-02', '2003-10-02', 61295, 30959790.489351, 1, 31021085.489351, 'Dec-60aec54895225', NULL, NULL),
(7838, 820, 1105832.468, '2013-07-28', '2019-11-25', '1990-02-12', 60490.68052, 1.1993, 1, 60491.87982, 'Dec-60aec54895265', NULL, NULL),
(7839, 820, 393791.9563, '1978-10-05', '1991-08-20', '2017-09-16', 624524.8370688, 3627526, 1, 4252050.8370688, 'Dec-60aec548952a5', NULL, NULL),
(7840, 820, 706.463, '2008-07-02', '1979-06-12', '1996-07-31', 566442702.28487, 3108774.5762454, 1, 569551476.86112, 'Dec-60aec548952e4', NULL, NULL),
(7841, 820, 6572075.85756, '1983-04-19', '1981-01-30', '2020-06-02', 1330493.947334, 14015.6, 1, 1344509.547334, 'Dec-60aec54895323', NULL, NULL),
(7842, 821, NULL, NULL, '2021-06-09', '2021-05-26', NULL, NULL, 0, NULL, 'Dec-60aec548d2bb0', NULL, NULL),
(7843, 821, NULL, NULL, '2017-01-19', '1999-01-23', NULL, NULL, 0, NULL, 'Dec-60aec548d2be9', NULL, NULL),
(7844, 821, 17, '1988-04-01', '1979-01-15', '2011-11-24', 1076.9174018, 1.7, 1, 1078.6174018, 'Dec-60aec548d2c31', NULL, NULL),
(7845, 821, NULL, NULL, '2007-04-09', '1998-10-06', NULL, NULL, 0, NULL, 'Dec-60aec548d2c5d', NULL, NULL),
(7846, 821, 15, '2011-10-27', '1971-06-21', '2015-10-20', 6065.262, 432076208.763, 1, 432082274.025, 'Dec-60aec548d2c9e', NULL, NULL),
(7847, 821, NULL, NULL, '2014-08-11', '1986-10-14', NULL, NULL, 0, NULL, 'Dec-60aec548d2cc9', NULL, NULL),
(7848, 821, NULL, NULL, '2003-08-23', '2016-10-14', NULL, NULL, 0, NULL, 'Dec-60aec548d2cf4', NULL, NULL),
(7849, 821, 610303.5762719, '2006-05-15', '2017-10-14', '1993-06-29', 18147927, 245.1007595, 1, 18148172.100759, 'Dec-60aec548d2d34', NULL, NULL),
(7850, 821, NULL, NULL, '1973-06-24', '2014-06-26', NULL, NULL, 0, NULL, 'Dec-60aec548d2d5f', NULL, NULL),
(7851, 821, 14814.101518, '1982-04-10', '1983-05-17', '1977-06-06', 5.4519957, 203.891, 1, 209.3429957, 'Dec-60aec548d2d9e', NULL, NULL),
(7852, 821, 24.1311, '1973-10-31', '1985-09-06', '2016-04-30', 62985487.751201, 21640911.110632, 1, 84626398.861833, 'Dec-60aec548d2dde', NULL, NULL),
(7853, 821, 3.0319044, '2003-09-21', '2012-09-29', '2010-09-25', 127.45977628, 1165662.3826428, 1, 1165789.842419, 'Dec-60aec548d2e1d', NULL, NULL),
(7854, 821, 99929, '1992-01-07', '1977-06-01', '2014-05-07', 370611868.39, 122828649.4937, 1, 493440517.8837, 'Dec-60aec548d2e5d', NULL, NULL),
(7855, 821, 941605.299, '2010-06-30', '2005-05-09', '1970-08-12', 4.95, 3248938.777217, 1, 3248943.727217, 'Dec-60aec548d2e9c', NULL, NULL),
(7856, 821, 7.926351, '1987-11-05', '2013-07-09', '1971-10-28', 2366484.637, 131.2, 1, 2366615.837, 'Dec-60aec548d2edb', NULL, NULL),
(7857, 821, NULL, NULL, '2006-09-17', '1972-03-27', NULL, NULL, 0, NULL, 'Dec-60aec548d2f0b', NULL, NULL),
(7858, 821, NULL, NULL, '2015-01-20', '1997-10-19', NULL, NULL, 0, NULL, 'Dec-60aec548d2f36', NULL, NULL),
(7859, 821, NULL, NULL, '2016-11-02', '1976-07-18', NULL, NULL, 0, NULL, 'Dec-60aec548d2f60', NULL, NULL),
(7860, 821, 8542.796495615, '2006-08-10', '1984-12-02', '2017-08-23', 183501896.68648, 17.06685535, 1, 183501913.75333, 'Dec-60aec548d2fa1', NULL, NULL),
(7861, 821, NULL, NULL, '2011-04-19', '2016-02-02', NULL, NULL, 0, NULL, 'Dec-60aec548d2fcc', NULL, NULL),
(7862, 821, NULL, NULL, '2020-05-17', '1971-01-11', NULL, NULL, 0, NULL, 'Dec-60aec548d2ff7', NULL, NULL),
(7863, 821, NULL, NULL, '2012-05-13', '1999-12-20', NULL, NULL, 0, NULL, 'Dec-60aec548d3021', NULL, NULL),
(7864, 822, NULL, NULL, '2021-06-09', '2021-05-26', NULL, NULL, 0, NULL, 'Dec-60aec5491b81f', NULL, NULL),
(7865, 822, NULL, NULL, '2009-02-22', '1976-01-01', NULL, NULL, 0, NULL, 'Dec-60aec5491b857', NULL, NULL),
(7866, 822, NULL, NULL, '1979-01-01', '2009-07-26', NULL, NULL, 0, NULL, 'Dec-60aec5491b885', NULL, NULL),
(7867, 822, NULL, NULL, '2012-09-13', '2007-08-01', NULL, NULL, 0, NULL, 'Dec-60aec5491b8b2', NULL, NULL),
(7868, 822, 151945916.79752, '1998-02-12', '1976-08-26', '1982-12-21', 30007628.03444, 511.5637623, 1, 30008139.598202, 'Dec-60aec5491b8fa', NULL, NULL),
(7869, 822, NULL, NULL, '1987-11-08', '2003-11-30', NULL, NULL, 0, NULL, 'Dec-60aec5491b928', NULL, NULL),
(7870, 822, NULL, NULL, '2016-05-11', '1980-05-29', NULL, NULL, 0, NULL, 'Dec-60aec5491b954', NULL, NULL),
(7871, 822, NULL, NULL, '1983-12-31', '1984-02-12', NULL, NULL, 0, NULL, 'Dec-60aec5491b97f', NULL, NULL),
(7872, 822, 281969453.99, '1992-01-16', '1978-11-04', '2014-09-11', 1440.507167053, 173395.39429944, 1, 174835.9014665, 'Dec-60aec5491b9c1', NULL, NULL),
(7873, 822, NULL, NULL, '1986-06-04', '2004-05-01', NULL, NULL, 0, NULL, 'Dec-60aec5491b9f0', NULL, NULL),
(7874, 822, 29044.8, '1971-07-04', '1994-02-17', '1985-06-15', 0.34226, 9992429, 1, 9992429.34226, 'Dec-60aec5491ba31', NULL, NULL),
(7875, 822, NULL, NULL, '1991-05-11', '2003-03-18', NULL, NULL, 0, NULL, 'Dec-60aec5491ba5d', NULL, NULL),
(7876, 822, NULL, NULL, '2011-07-23', '1996-10-17', NULL, NULL, 0, NULL, 'Dec-60aec5491ba89', NULL, NULL),
(7877, 822, NULL, NULL, '1993-10-08', '1991-05-01', NULL, NULL, 0, NULL, 'Dec-60aec5491bab5', NULL, NULL),
(7878, 822, 34347.3506, '2004-06-06', '1996-07-21', '2007-12-26', 637.4067873, 26444230.031496, 1, 26444867.438283, 'Dec-60aec5491baf7', NULL, NULL),
(7879, 822, NULL, NULL, '1998-08-24', '2002-08-23', NULL, NULL, 0, NULL, 'Dec-60aec5491bb23', NULL, NULL),
(7880, 822, 3.89952, '1997-12-24', '2011-12-29', '2008-05-22', 4523724.932, 188.62866854, 1, 4523913.5606685, 'Dec-60aec5491bb65', NULL, NULL),
(7881, 822, 36.125, '1980-09-08', '1997-06-18', '1974-02-12', 20.3, 25744074.603987, 1, 25744094.903987, 'Dec-60aec5491bba6', NULL, NULL),
(7882, 822, 191435.76117248, '2013-03-08', '1975-01-19', '1985-06-14', 3163.802501, 424595.4, 1, 427759.202501, 'Dec-60aec5491bbe7', NULL, NULL),
(7883, 822, NULL, NULL, '2009-02-17', '2006-04-29', NULL, NULL, 0, NULL, 'Dec-60aec5491bc13', NULL, NULL),
(7884, 822, NULL, NULL, '2014-06-05', '2001-06-09', NULL, NULL, 0, NULL, 'Dec-60aec5491bc3f', NULL, NULL),
(7885, 822, 5598.5479413, '1974-03-24', '1971-07-29', '2005-07-24', 256989.524, 16200.5, 1, 273190.024, 'Dec-60aec5491bc80', NULL, NULL),
(7886, 823, NULL, NULL, '2021-06-09', '2021-05-26', NULL, NULL, 0, NULL, 'Dec-60aec549600c2', NULL, NULL),
(7887, 823, NULL, NULL, '1973-01-05', '1981-06-02', NULL, NULL, 0, NULL, 'Dec-60aec549600fd', NULL, NULL),
(7888, 823, NULL, NULL, '2018-12-03', '1984-08-22', NULL, NULL, 0, NULL, 'Dec-60aec5496012e', NULL, NULL),
(7889, 823, NULL, NULL, '2013-06-28', '1971-12-10', NULL, NULL, 0, NULL, 'Dec-60aec5496015e', NULL, NULL),
(7890, 823, NULL, NULL, '1990-07-27', '1994-10-10', NULL, NULL, 0, NULL, 'Dec-60aec5496018d', NULL, NULL),
(7891, 823, NULL, NULL, '2007-02-27', '1989-07-17', NULL, NULL, 0, NULL, 'Dec-60aec549601bc', NULL, NULL),
(7892, 823, NULL, NULL, '2012-11-30', '1998-03-03', NULL, NULL, 0, NULL, 'Dec-60aec549601eb', NULL, NULL),
(7893, 823, NULL, NULL, '2012-01-16', '2019-11-30', NULL, NULL, 0, NULL, 'Dec-60aec5496021a', NULL, NULL),
(7894, 823, NULL, NULL, '2006-01-24', '1985-09-01', NULL, NULL, 0, NULL, 'Dec-60aec54960249', NULL, NULL),
(7895, 823, 43, '1984-07-25', '2020-03-19', '1996-11-09', 133126713.4, 13.286554537, 1, 133126726.68655, 'Dec-60aec549602a0', NULL, NULL),
(7896, 823, NULL, NULL, '1972-07-26', '1992-09-10', NULL, NULL, 0, NULL, 'Dec-60aec549602eb', NULL, NULL),
(7897, 823, 14, '2002-11-22', '2017-07-18', '1995-05-12', 3.5429, 2.07544, 1, 5.61834, 'Dec-60aec54960337', NULL, NULL),
(7898, 823, 643536954.53834, '2002-06-20', '2017-03-03', '2009-11-26', 701786.86, 61446795.064694, 1, 62148581.924694, 'Dec-60aec5496037c', NULL, NULL),
(7899, 823, NULL, NULL, '2003-05-05', '2011-03-19', NULL, NULL, 0, NULL, 'Dec-60aec549603bc', NULL, NULL),
(7900, 823, NULL, NULL, '2016-09-10', '1990-09-13', NULL, NULL, 0, NULL, 'Dec-60aec549603f1', NULL, NULL),
(7901, 823, 309144147.24028, '2003-09-02', '2017-04-22', '2010-11-01', 17.7, 5920.46657, 1, 5938.16657, 'Dec-60aec54960437', NULL, NULL),
(7902, 823, 57897.5938686, '1989-05-31', '2005-05-18', '1977-02-14', 3.9523, 193991922.385, 1, 193991926.3373, 'Dec-60aec5496047b', NULL, NULL),
(7903, 823, 2.9921, '2003-09-17', '2016-01-27', '2016-01-04', 419028580.37479, 0.385705, 1, 419028580.76049, 'Dec-60aec549604c0', NULL, NULL),
(7904, 823, NULL, NULL, '1993-10-25', '1985-05-18', NULL, NULL, 0, NULL, 'Dec-60aec549604ee', NULL, NULL),
(7905, 823, 3.858, '1994-01-09', '2001-11-29', '2016-02-22', 25052898.977645, 41673815.8, 1, 66726714.777645, 'Dec-60aec54960532', NULL, NULL),
(7906, 823, NULL, NULL, '2020-06-04', '1999-10-25', NULL, NULL, 0, NULL, 'Dec-60aec5496055f', NULL, NULL),
(7907, 823, 364975278.25747, '1998-03-25', '1982-10-09', '1979-08-27', 1007873.64, 18496.66457356, 1, 1026370.3045736, 'Dec-60aec549605a3', NULL, NULL),
(7908, 824, NULL, NULL, '2021-06-09', '2021-05-26', NULL, NULL, 0, NULL, 'Dec-60aec5499f3c3', NULL, NULL),
(7909, 824, 2400942.2, '1983-07-12', '2004-08-29', '1981-01-11', 45798.73, 8268159.8, 1, 8313958.53, 'Dec-60aec5499f40f', NULL, NULL),
(7910, 824, 407.001345, '1997-06-02', '2003-06-02', '2002-03-17', 58, 1808.67347909, 1, 1866.67347909, 'Dec-60aec5499f44f', NULL, NULL),
(7911, 824, 55604.894111587, '1993-10-31', '2009-02-26', '2005-01-30', 2629.2664, 2.024, 1, 2631.2904, 'Dec-60aec5499f48e', NULL, NULL),
(7912, 824, 51831.8842, '2009-06-01', '2007-03-17', '2021-01-18', 1222641.70905, 305467.099162, 1, 1528108.808212, 'Dec-60aec5499f4cc', NULL, NULL),
(7913, 824, NULL, NULL, '1999-09-28', '1979-10-02', NULL, NULL, 0, NULL, 'Dec-60aec5499f4f6', NULL, NULL),
(7914, 824, 395700479.58619, '1983-06-12', '1995-04-01', '2015-07-19', 3417.142414, 24914759.954123, 1, 24918177.096537, 'Dec-60aec5499f533', NULL, NULL),
(7915, 824, NULL, NULL, '1998-06-17', '1987-04-16', NULL, NULL, 0, NULL, 'Dec-60aec5499f55d', NULL, NULL),
(7916, 824, NULL, NULL, '1997-06-01', '2010-07-23', NULL, NULL, 0, NULL, 'Dec-60aec5499f58b', NULL, NULL),
(7917, 824, 139, '1981-10-29', '2001-05-24', '1994-10-11', 5258.8, 10330.19303, 1, 15588.99303, 'Dec-60aec5499f5c9', NULL, NULL),
(7918, 824, NULL, NULL, '1971-12-14', '2020-07-23', NULL, NULL, 0, NULL, 'Dec-60aec5499f5f2', NULL, NULL),
(7919, 824, NULL, NULL, '1971-12-31', '2011-04-14', NULL, NULL, 0, NULL, 'Dec-60aec5499f61c', NULL, NULL),
(7920, 824, 42304.08, '1984-01-31', '1988-01-13', '2006-02-04', 73.380242, 11905246.073111, 1, 11905319.453353, 'Dec-60aec5499f659', NULL, NULL),
(7921, 824, NULL, NULL, '2019-05-05', '2020-06-17', NULL, NULL, 0, NULL, 'Dec-60aec5499f683', NULL, NULL),
(7922, 824, NULL, NULL, '2017-12-05', '2017-05-30', NULL, NULL, 0, NULL, 'Dec-60aec5499f6ad', NULL, NULL),
(7923, 824, NULL, NULL, '2020-01-28', '1987-01-13', NULL, NULL, 0, NULL, 'Dec-60aec5499f6d6', NULL, NULL),
(7924, 824, NULL, NULL, '1981-03-02', '2000-08-08', NULL, NULL, 0, NULL, 'Dec-60aec5499f6ff', NULL, NULL),
(7925, 824, 27292056, '2002-05-02', '2012-03-22', '1996-05-24', 7, 2004.335, 1, 2011.335, 'Dec-60aec5499f73d', NULL, NULL),
(7926, 824, NULL, NULL, '1994-03-02', '1999-08-08', NULL, NULL, 0, NULL, 'Dec-60aec5499f772', NULL, NULL),
(7927, 824, NULL, NULL, '1985-08-18', '2015-09-07', NULL, NULL, 0, NULL, 'Dec-60aec5499f79d', NULL, NULL),
(7928, 824, NULL, NULL, '2016-02-05', '2002-10-24', NULL, NULL, 0, NULL, 'Dec-60aec5499f7c7', NULL, NULL),
(7929, 824, NULL, NULL, '2012-11-28', '1994-04-20', NULL, NULL, 0, NULL, 'Dec-60aec5499f7f0', NULL, NULL),
(7930, 825, NULL, NULL, '2021-06-09', '2021-05-26', NULL, NULL, 0, NULL, 'Dec-60aec549dddff', NULL, NULL),
(7931, 825, 497789.322, '1973-04-06', '2005-09-01', '1977-02-15', 19113450.3027, 619.4, 1, 19114069.7027, 'Dec-60aec549dde50', NULL, NULL),
(7932, 825, NULL, NULL, '2005-07-12', '2015-07-09', NULL, NULL, 0, NULL, 'Dec-60aec549dde7e', NULL, NULL),
(7933, 825, NULL, NULL, '1980-01-08', '1974-09-11', NULL, NULL, 0, NULL, 'Dec-60aec549ddeab', NULL, NULL),
(7934, 825, NULL, NULL, '2017-04-17', '1999-01-04', NULL, NULL, 0, NULL, 'Dec-60aec549dded7', NULL, NULL),
(7935, 825, 282.8, '1993-01-11', '1979-10-06', '2007-05-08', 1979.14, 40954076.9503, 1, 40956056.0903, 'Dec-60aec549ddf19', NULL, NULL),
(7936, 825, NULL, NULL, '1983-07-01', '1971-05-25', NULL, NULL, 0, NULL, 'Dec-60aec549ddf45', NULL, NULL),
(7937, 825, 679764346, '1982-12-21', '1991-12-10', '1984-02-06', 11.616671, 58.28, 1, 69.896671, 'Dec-60aec549ddf87', NULL, NULL),
(7938, 825, NULL, NULL, '1975-12-22', '1999-08-19', NULL, NULL, 0, NULL, 'Dec-60aec549ddfb3', NULL, NULL),
(7939, 825, NULL, NULL, '2000-12-05', '2014-06-19', NULL, NULL, 0, NULL, 'Dec-60aec549ddfdf', NULL, NULL),
(7940, 825, 18263.8528, '1973-10-29', '1990-03-31', '1990-10-21', 2548.6, 59503.027029978, 1, 62051.627029978, 'Dec-60aec549de020', NULL, NULL),
(7941, 825, 36575785.25624, '1970-04-14', '1989-07-12', '2007-12-19', 15133934.667284, 22.977261, 1, 15133957.644545, 'Dec-60aec549de062', NULL, NULL),
(7942, 825, NULL, NULL, '1994-07-19', '2004-12-04', NULL, NULL, 0, NULL, 'Dec-60aec549de08e', NULL, NULL),
(7943, 825, 15.12, '2005-04-13', '1995-06-13', '1990-03-14', 49.5915265, 2823.285716, 1, 2872.8772425, 'Dec-60aec549de0cf', NULL, NULL),
(7944, 825, NULL, NULL, '2011-12-11', '2004-05-12', NULL, NULL, 0, NULL, 'Dec-60aec549de0fc', NULL, NULL),
(7945, 825, 3581288.8, '2008-08-10', '1979-01-20', '1993-04-15', 281996887.56048, 326.381858201, 1, 281997213.94234, 'Dec-60aec549de13d', NULL, NULL),
(7946, 825, NULL, NULL, '2007-03-24', '1998-08-19', NULL, NULL, 0, NULL, 'Dec-60aec549de169', NULL, NULL),
(7947, 825, NULL, NULL, '1972-11-07', '1975-08-07', NULL, NULL, 0, NULL, 'Dec-60aec549de194', NULL, NULL),
(7948, 825, NULL, NULL, '1991-12-15', '2002-04-12', NULL, NULL, 0, NULL, 'Dec-60aec549de1c0', NULL, NULL),
(7949, 825, NULL, NULL, '1992-11-07', '2000-02-05', NULL, NULL, 0, NULL, 'Dec-60aec549de1eb', NULL, NULL),
(7950, 825, 23049886, '2014-02-19', '1987-12-19', '1971-10-15', 170643.17, 972.01, 1, 171615.18, 'Dec-60aec549de23d', NULL, NULL),
(7951, 825, 160192, '1985-05-04', '2007-03-03', '2003-11-21', 57975, 51401223, 1, 51459198, 'Dec-60aec549de281', NULL, NULL),
(7952, 826, NULL, NULL, '2021-06-09', '2021-05-26', NULL, NULL, 0, NULL, 'Dec-60aec54a2761f', NULL, NULL),
(7953, 826, NULL, NULL, '1973-10-09', '1998-04-21', NULL, NULL, 0, NULL, 'Dec-60aec54a27655', NULL, NULL),
(7954, 826, 0, '1972-10-06', '2003-12-28', '1985-12-23', 59053.694814, 0.801109725, 1, 59054.495923725, 'Dec-60aec54a27696', NULL, NULL),
(7955, 826, NULL, NULL, '1984-02-01', '2009-11-13', NULL, NULL, 0, NULL, 'Dec-60aec54a276bf', NULL, NULL),
(7956, 826, 0.79614, '1974-08-19', '2018-12-28', '1990-08-09', 762258.3825282, 149.374599063, 1, 762407.75712726, 'Dec-60aec54a276fc', NULL, NULL),
(7957, 826, NULL, NULL, '1984-12-05', '1986-01-13', NULL, NULL, 0, NULL, 'Dec-60aec54a27724', NULL, NULL),
(7958, 826, NULL, NULL, '1996-06-08', '1990-01-10', NULL, NULL, 0, NULL, 'Dec-60aec54a2774c', NULL, NULL),
(7959, 826, 0.2609031, '1973-11-17', '1991-02-11', '2019-12-06', 41.6797811, 909.66471, 1, 951.3444911, 'Dec-60aec54a27788', NULL, NULL),
(7960, 826, 502348485.92, '2020-12-16', '1998-04-12', '2018-07-06', 619969350.23614, 8025446.213, 1, 627994796.44914, 'Dec-60aec54a277c4', NULL, NULL),
(7961, 826, 36930958.328461, '2015-06-27', '1970-06-12', '1975-04-10', 30.14736, 9093.072, 1, 9123.21936, 'Dec-60aec54a27800', NULL, NULL),
(7962, 826, NULL, NULL, '2005-06-17', '1992-01-27', NULL, NULL, 0, NULL, 'Dec-60aec54a27827', NULL, NULL),
(7963, 826, 747.9475, '2005-04-23', '1990-03-24', '1993-05-28', 3.5, 11.3218824, 1, 14.8218824, 'Dec-60aec54a27863', NULL, NULL),
(7964, 826, NULL, NULL, '2019-03-02', '1977-08-11', NULL, NULL, 0, NULL, 'Dec-60aec54a27898', NULL, NULL),
(7965, 826, 20.4726607, '1990-09-24', '1975-09-05', '2009-01-14', 6161747, 33.35, 1, 6161780.35, 'Dec-60aec54a278d3', NULL, NULL),
(7966, 826, 1084855.6659958, '2015-05-31', '1992-12-22', '2005-10-19', 563726818.23, 0.23, 1, 563726818.46, 'Dec-60aec54a2790e', NULL, NULL),
(7967, 826, 3667811.3005, '1988-04-15', '1993-02-07', '1978-05-16', 758849.25507015, 20601.0718, 1, 779450.32687015, 'Dec-60aec54a27947', NULL, NULL),
(7968, 826, 20, '2012-07-14', '2019-02-22', '2007-09-23', 955768, 232376.656, 1, 1188144.656, 'Dec-60aec54a27986', NULL, NULL),
(7969, 826, NULL, NULL, '2020-01-22', '1989-05-09', NULL, NULL, 0, NULL, 'Dec-60aec54a279ae', NULL, NULL),
(7970, 826, NULL, NULL, '1970-10-15', '1994-02-20', NULL, NULL, 0, NULL, 'Dec-60aec54a279d5', NULL, NULL),
(7971, 826, NULL, NULL, '1974-02-07', '2001-02-02', NULL, NULL, 0, NULL, 'Dec-60aec54a279fc', NULL, NULL),
(7972, 826, NULL, NULL, '1990-04-22', '1983-08-05', NULL, NULL, 0, NULL, 'Dec-60aec54a27a23', NULL, NULL),
(7973, 826, NULL, NULL, '2010-09-25', '1974-02-19', NULL, NULL, 0, NULL, 'Dec-60aec54a27a4a', NULL, NULL),
(7974, 816, NULL, NULL, '2021-07-15', '2021-07-01', NULL, NULL, 0, NULL, 'Dec-60ca05bc2a4f7', NULL, NULL),
(7975, 817, NULL, NULL, '2021-07-15', '2021-07-01', NULL, NULL, 0, NULL, 'Dec-60ca05bc2b0df', NULL, NULL),
(7976, 818, NULL, NULL, '2021-07-15', '2021-07-01', NULL, NULL, 0, NULL, 'Dec-60ca05bc2b5de', NULL, NULL),
(7977, 819, NULL, NULL, '2021-07-15', '2021-07-01', NULL, NULL, 0, NULL, 'Dec-60ca05bc2baa3', NULL, NULL),
(7978, 820, NULL, NULL, '2021-07-15', '2021-07-01', NULL, NULL, 0, NULL, 'Dec-60ca05bc2bf55', NULL, NULL),
(7979, 821, NULL, NULL, '2021-07-15', '2021-07-01', NULL, NULL, 0, NULL, 'Dec-60ca05bc2c403', NULL, NULL),
(7980, 822, NULL, NULL, '2021-07-15', '2021-07-01', NULL, NULL, 0, NULL, 'Dec-60ca05bc2c8ac', NULL, NULL),
(7981, 823, NULL, NULL, '2021-07-15', '2021-07-01', NULL, NULL, 0, NULL, 'Dec-60ca05bc2cd83', NULL, NULL),
(7982, 824, NULL, NULL, '2021-07-15', '2021-07-01', NULL, NULL, 0, NULL, 'Dec-60ca05bc2d1fb', NULL, NULL),
(7983, 825, NULL, NULL, '2021-07-15', '2021-07-01', NULL, NULL, 0, NULL, 'Dec-60ca05bc2d623', NULL, NULL),
(7984, 826, NULL, NULL, '2021-07-15', '2021-07-01', NULL, NULL, 0, NULL, 'Dec-60ca05bc2da4a', NULL, NULL),
(7985, 827, NULL, NULL, '2021-07-15', '2021-07-01', NULL, NULL, 0, NULL, 'Dec-60ca05bc2de93', NULL, NULL),
(7986, 828, NULL, NULL, '2021-07-15', '2021-07-01', NULL, NULL, 0, NULL, 'Dec-60ca05bc2e46b', NULL, NULL),
(7987, 816, NULL, NULL, '2021-06-30', '2021-06-15', NULL, NULL, 0, NULL, 'Dec-60ca05f1805d8', NULL, NULL),
(7988, 817, NULL, NULL, '2021-06-30', '2021-06-15', NULL, NULL, 0, NULL, 'Dec-60ca05f18109f', NULL, NULL),
(7989, 818, NULL, NULL, '2021-06-30', '2021-06-15', NULL, NULL, 0, NULL, 'Dec-60ca05f1814f7', NULL, NULL),
(7990, 819, NULL, NULL, '2021-06-30', '2021-06-15', NULL, NULL, 0, NULL, 'Dec-60ca05f1818ea', NULL, NULL),
(7991, 820, NULL, NULL, '2021-06-30', '2021-06-15', NULL, NULL, 0, NULL, 'Dec-60ca05f181cd4', NULL, NULL),
(7992, 821, NULL, NULL, '2021-06-30', '2021-06-15', NULL, NULL, 0, NULL, 'Dec-60ca05f1820c3', NULL, NULL),
(7993, 822, NULL, NULL, '2021-06-30', '2021-06-15', NULL, NULL, 0, NULL, 'Dec-60ca05f1824e4', NULL, NULL),
(7994, 823, NULL, NULL, '2021-06-30', '2021-06-15', NULL, NULL, 0, NULL, 'Dec-60ca05f1828d0', NULL, NULL),
(7995, 824, NULL, NULL, '2021-06-30', '2021-06-15', NULL, NULL, 0, NULL, 'Dec-60ca05f182cef', NULL, NULL),
(7996, 825, NULL, NULL, '2021-06-30', '2021-06-15', NULL, NULL, 0, NULL, 'Dec-60ca05f183159', NULL, NULL),
(7997, 826, NULL, NULL, '2021-06-30', '2021-06-15', NULL, NULL, 0, NULL, 'Dec-60ca05f1835cb', NULL, NULL),
(7998, 827, NULL, NULL, '2021-06-30', '2021-06-15', NULL, NULL, 0, NULL, 'Dec-60ca05f1839ea', NULL, NULL),
(7999, 828, 9000000, '2021-06-16', '2021-06-30', '2021-06-15', 0, 1350000, 1, 1350000, 'Dec-60ca05f183dd6', 25, 3);

-- --------------------------------------------------------

--
-- Structure de la table `doctrine_migration_versions`
--

CREATE TABLE `doctrine_migration_versions` (
  `version` varchar(191) COLLATE utf8_unicode_ci NOT NULL,
  `executed_at` datetime DEFAULT NULL,
  `execution_time` int(11) DEFAULT NULL
) ENGINE=InnoDB DEFAULT CHARSET=utf8 COLLATE=utf8_unicode_ci;

--
-- Déchargement des données de la table `doctrine_migration_versions`
--

INSERT INTO `doctrine_migration_versions` (`version`, `executed_at`, `execution_time`) VALUES
('DoctrineMigrations\\Version20210307185629', '2021-03-07 19:56:37', 458),
('DoctrineMigrations\\Version20210307213926', '2021-03-07 22:39:40', 266),
('DoctrineMigrations\\Version20210308182201', '2021-03-08 19:22:18', 588),
('DoctrineMigrations\\Version20210312021527', '2021-03-12 03:16:01', 721),
('DoctrineMigrations\\Version20210314182110', '2021-03-14 19:21:39', 2177),
('DoctrineMigrations\\Version20210316214436', '2021-03-16 22:44:49', 1900),
('DoctrineMigrations\\Version20210319183406', '2021-03-19 19:34:12', 1288),
('DoctrineMigrations\\Version20210319190749', '2021-03-19 20:08:02', 172),
('DoctrineMigrations\\Version20210319212750', '2021-03-19 22:27:59', 478),
('DoctrineMigrations\\Version20210321013133', '2021-03-21 02:31:46', 696),
('DoctrineMigrations\\Version20210321222920', '2021-03-21 23:29:39', 1469),
('DoctrineMigrations\\Version20210322004743', '2021-03-22 01:47:54', 421),
('DoctrineMigrations\\Version20210322010708', '2021-03-22 02:07:14', 1469),
('DoctrineMigrations\\Version20210322021024', '2021-03-22 03:10:32', 655),
('DoctrineMigrations\\Version20210324005546', '2021-03-24 01:56:05', 2483),
('DoctrineMigrations\\Version20210324012043', '2021-03-24 02:20:53', 118),
('DoctrineMigrations\\Version20210329130420', '2021-03-29 15:04:36', 491),
('DoctrineMigrations\\Version20210401101229', '2021-04-01 12:12:44', 2019),
('DoctrineMigrations\\Version20210401110445', '2021-04-01 13:04:53', 148),
('DoctrineMigrations\\Version20210401124012', '2021-04-01 14:40:21', 412),
('DoctrineMigrations\\Version20210401150257', '2021-04-01 17:03:04', 974),
('DoctrineMigrations\\Version20210407132627', '2021-04-07 15:26:38', 2808),
('DoctrineMigrations\\Version20210407142916', '2021-04-07 16:29:29', 126),
('DoctrineMigrations\\Version20210409160135', '2021-04-09 18:01:45', 1204),
('DoctrineMigrations\\Version20210413153709', '2021-04-13 17:37:23', 946),
('DoctrineMigrations\\Version20210413154432', '2021-04-13 17:44:46', 266),
('DoctrineMigrations\\Version20210415154001', '2021-04-15 17:40:13', 1542),
('DoctrineMigrations\\Version20210415154900', '2021-04-15 17:49:08', 180),
('DoctrineMigrations\\Version20210427232753', '2021-04-28 01:28:02', 2917),
('DoctrineMigrations\\Version20210427235354', '2021-04-28 01:54:02', 721),
('DoctrineMigrations\\Version20210427235959', '2021-04-28 02:00:06', 105),
('DoctrineMigrations\\Version20210428000650', '2021-04-28 02:07:13', 126),
('DoctrineMigrations\\Version20210429222147', '2021-04-30 00:22:09', 2102),
('DoctrineMigrations\\Version20210514113412', '2021-05-14 13:34:26', 718),
('DoctrineMigrations\\Version20210514150035', '2021-05-14 17:23:05', 10176),
('DoctrineMigrations\\Version20210517223020', '2021-05-18 00:30:36', 1384),
('DoctrineMigrations\\Version20210517223201', '2021-05-18 00:32:05', 1133),
('DoctrineMigrations\\Version20210519125841', '2021-05-19 14:58:56', 1563);

-- --------------------------------------------------------

--
-- Structure de la table `entrepreneur`
--

CREATE TABLE `entrepreneur` (
  `id` int(11) NOT NULL,
  `email` varchar(180) COLLATE utf8mb4_unicode_ci NOT NULL,
  `roles` longtext COLLATE utf8mb4_unicode_ci NOT NULL COMMENT '(DC2Type:json)',
  `password` varchar(255) COLLATE utf8mb4_unicode_ci NOT NULL,
  `nom` varchar(255) COLLATE utf8mb4_unicode_ci NOT NULL,
  `prenom` varchar(255) COLLATE utf8mb4_unicode_ci NOT NULL,
  `cin` int(11) NOT NULL,
  `genre` varchar(255) COLLATE utf8mb4_unicode_ci NOT NULL,
  `datenais` date NOT NULL,
  `villenais` varchar(255) COLLATE utf8mb4_unicode_ci NOT NULL,
  `paynais` varchar(255) COLLATE utf8mb4_unicode_ci NOT NULL,
  `dateexpcin` date NOT NULL,
  `tel` int(11) NOT NULL,
  `etat` tinyint(1) NOT NULL,
  `slug` varchar(255) COLLATE utf8mb4_unicode_ci NOT NULL,
  `carte` int(11) DEFAULT NULL
) ENGINE=InnoDB DEFAULT CHARSET=utf8mb4 COLLATE=utf8mb4_unicode_ci;

--
-- Déchargement des données de la table `entrepreneur`
--

INSERT INTO `entrepreneur` (`id`, `email`, `roles`, `password`, `nom`, `prenom`, `cin`, `genre`, `datenais`, `villenais`, `paynais`, `dateexpcin`, `tel`, `etat`, `slug`, `carte`) VALUES
(816, 'jokeefe@kautzer.com', '[]', '$argon2id$v=19$m=65536,t=4,p=1$TjM1TlcuNUZ1NVlnSWFacA$5w8Yn+XeqZcev95DQVNuTdFeslvtnY3652FDlbYGFLU', 'Tremayne Champlin', 'Hyatt', 82832692, 'homme', '2021-05-27', 'Ariana', 'Tunisie', '2021-05-27', 29525269, 1, 'hyatttremayne-champlin270359', 658963015),
(817, 'michale.towne@hotmail.com', '[]', '$argon2id$v=19$m=65536,t=4,p=1$L0FwelhqdHZlNXJ0ckNnQQ$XZVv6ofrXjAlkiyfTYwl4Bxmvpf9ZBI6VQQpbn+rE9s', 'Sanford Mosciski', 'Gerhold', 98488646, 'femme', '2021-05-27', 'Kébili', 'Tunisie', '2021-05-27', 48828472, 1, 'gerholdsanford-mosciski270143', 589450103),
(818, 'angelita.monahan@yahoo.com', '[]', '$argon2id$v=19$m=65536,t=4,p=1$M0tLVWxLYTIxbW1ET1o4dQ$Pob9LDdxZeKlmI64htPJJSA2mfsI6tETo8BEL/AZm/c', 'Linda Weissnat', 'Weber', 59406209, 'homme', '2021-05-27', 'Manouba', 'Tunisie', '2021-05-27', 48325438, 0, 'weberlinda-weissnat270144', NULL),
(819, 'zmarquardt@gmail.com', '[]', '$argon2id$v=19$m=65536,t=4,p=1$bWE3Z1c4bWYvYlNSQ2YuZw$SR8CXMVQni+NTEjQv5hsHipVoLz6BjBkWLN72kAto9U', 'Kiera Reinger', 'Howell', 98549676, 'femme', '2021-05-27', 'Kairouan', 'Tunisie', '2021-05-27', 47004788, 1, 'howellkiera-reinger135334', NULL),
(820, 'dach.cloyd@funk.com', '[]', '$argon2id$v=19$m=65536,t=4,p=1$YkczUWVtaktsQkdadTYveg$1dhta/KCVG/hQ/1400LJnYOTcOm+ExThP0kiiyFtsmw', 'Daisha Fisher', 'Gusikowski', 37029754, 'homme', '2021-05-27', 'Manouba', 'Tunisie', '2021-05-27', 18587356, 0, 'gusikowskidaisha-fisher270144', NULL),
(821, 'sbayer@spinka.com', '[]', '$argon2id$v=19$m=65536,t=4,p=1$ZjFXeW53UnBmanU4R2wzNg$y6+yZdlhtizCN4Lbqa7upqQC3NRPGLJcDBTDKIg95EQ', 'Prof. Damian Haley', 'Kautzer', 60247141, 'homme', '2021-05-27', 'Nabeul', 'Tunisie', '2021-05-27', 88077145, 0, 'kautzerprof-damian-haley270144', NULL),
(822, 'gleason.diana@hotmail.com', '[]', '$argon2id$v=19$m=65536,t=4,p=1$d3NCQlBPaHFpS0hkbU1SZA$zTvCgyGfPCgyhTVUzUdGFNR8Y/PFyeKFWfNUtQADlXc', 'Haven Treutel', 'Bartell', 75596443, 'homme', '2021-05-27', 'Sfax', 'Tunisie', '2021-05-27', 20863065, 0, 'bartellhaven-treutel270145', NULL),
(823, 'cindy.goldner@kunze.net', '[]', '$argon2id$v=19$m=65536,t=4,p=1$NWF2UWM4aW5iMVlLZFluOA$GPJEbp8WEyxH93Fq+XP9p4+BMiZ541y1n3ETzlOS+tg', 'Mr. Kelvin Baumbach MD', 'Green', 89498774, 'femme', '2021-05-27', 'Kef', 'Tunisie', '2021-05-27', 73034774, 0, 'greenmr-kelvin-baumbach-md270145', NULL),
(824, 'miller.gregory@yahoo.com', '[]', '$argon2id$v=19$m=65536,t=4,p=1$L1FCOU1zcFo2cGEvam5LMA$KGJPj0Bkm06kWOR2qkl2GqkMKbXf/aO/p+XSS5yW8AE', 'Berniece Johnson', 'King', 95981424, 'homme', '2021-05-27', 'Tozeur', 'Tunisie', '2021-05-27', 92684354, 0, 'kingberniece-johnson270145', NULL),
(825, 'sigurd.schamberger@littel.net', '[]', '$argon2id$v=19$m=65536,t=4,p=1$Z1JSQ2tPcUFNT2pLSUUwMg$MJSmLtNXnULzznjrvhUiD3QecFYaynMnNPCZk2REhJs', 'Prof. Sheridan Franecki PhD', 'Hintz', 80239167, 'femme', '2021-05-27', 'Tozeur', 'Tunisie', '2021-05-27', 34293282, 0, 'hintzprof-sheridan-franecki-phd270145', NULL),
(826, 'beier.ashly@gmail.com', '[]', '$argon2id$v=19$m=65536,t=4,p=1$MDQ0RC5GeDdrVm9hbThraQ$r+fcomht1DiBH3Gu2tB5SfnttvUWHS50Z3gUQhBYhFs', 'Edythe Bartoletti', 'Padberg', 62905795, 'femme', '2021-05-27', 'Nabeul', 'Tunisie', '2021-05-27', 44669639, 0, 'padbergedythe-bartoletti270146', NULL),
(827, 'ahmed@gmail.com', '[]', '$argon2id$v=19$m=65536,t=4,p=1$RUFUajJxUVd0aDNTT0JPUA$Svhr2DOp/brGZrpS2eREBRhFJhGxY1cX8CsGKv6urLk', 'ahmed', 'mechrigui', 12589658, 'homme', '1990-06-25', 'Kef', 'Tunisie', '2010-06-18', 25698659, 0, 'mechriguiahmed091539', NULL),
(828, 'anisbrahmi840@gmail.com', '[]', '$argon2id$v=19$m=65536,t=4,p=1$ZjdmNG4xV3BOQUVzbjFhSA$NrpqKTv3buDy+OYHuY0Kr+BdN7NhPsmxQTAC3V4UtBM', 'Brahmi', 'Anis', 88888888, 'homme', '1999-06-17', 'Kairouan', 'Tunisie', '2015-06-19', 22222222, 1, 'anisbrahmi160640', 2147483647),
(829, 'test66@gmail.com', '[]', '$argon2id$v=19$m=65536,t=4,p=1$dDMzMDk0N21XSWVmb0pCWA$XmLJW87Ll+fTD0qVB3vDfQ7Otal/1fAusFbByLHI3M0', 'test66', 'test66', 58965896, 'homme', '2021-07-24', 'Médenine', 'Tunisie', '2021-07-18', 22048352, 0, 'test66test66155350', NULL);

-- --------------------------------------------------------

--
-- Structure de la table `facture`
--

CREATE TABLE `facture` (
  `id` int(11) NOT NULL,
  `entrepreneur_id` int(11) DEFAULT NULL,
  `client` varchar(255) COLLATE utf8mb4_unicode_ci NOT NULL,
  `date_fact` date NOT NULL,
  `mf` varchar(255) COLLATE utf8mb4_unicode_ci DEFAULT NULL,
  `prix_ttc` double NOT NULL,
  `prix_ht` double NOT NULL,
  `tva` double NOT NULL,
  `ref` varchar(255) COLLATE utf8mb4_unicode_ci NOT NULL,
  `type` varchar(255) COLLATE utf8mb4_unicode_ci NOT NULL
) ENGINE=InnoDB DEFAULT CHARSET=utf8mb4 COLLATE=utf8mb4_unicode_ci;

--
-- Déchargement des données de la table `facture`
--

INSERT INTO `facture` (`id`, `entrepreneur_id`, `client`, `date_fact`, `mf`, `prix_ttc`, `prix_ht`, `tva`, `ref`, `type`) VALUES
(9666, 816, 'Briana Gulgowski Denesik', '2021-05-27', '8580946215291', 6388499593.34, 5970560367.6075, 7, 'Dev-60aec54796879', 'devis'),
(9667, 816, 'Prof. Brennon Hermann DDS Volkman', '2021-05-27', '7325520833284', 7304664103.633, 6826788881.9, 7, 'Fac-60aec547969e2', 'facture'),
(9668, 816, 'Madyson Cummerata Williamson', '2021-05-27', '5169869784010', 7415960397.012, 6930804109.357, 7, 'Dev-60aec54796ad2', 'devis'),
(9669, 816, 'Jaiden Boyer Ward', '2021-05-27', '5540608297709', 7647095839.108, 7146818541.2224, 7, 'Fac-60aec54796bbd', 'facture'),
(9670, 816, 'Margot Conroy Marvin', '2021-05-27', '2084984560888', 8593972554.63, 8031750051.0561, 7, 'Dev-60aec54796c7f', 'devis'),
(9671, 816, 'Dr. Maximilian Hoeger Sr. Ziemann', '2021-05-27', '3677634949110', 8640104369.656, 8074863896.8748, 7, 'Dev-60aec54796d69', 'devis'),
(9672, 816, 'Robyn Kris Pfeffer', '2021-05-27', '0832308884316', 11592970928.458, 10834552269.587, 7, 'Fac-60aec54796e5f', 'facture'),
(9673, 816, 'Mr. Solon Bartoletti Jr. Stark', '2021-05-27', '0616406102974', 16560820523.403, 15477402358.321, 7, 'Dev-60aec54796f4a', 'devis'),
(9674, 816, 'Dr. Bertram Roberts Buckridge', '2021-05-27', '1328451309459', 17831471440.795, 16664926580.182, 7, 'Dev-60aec5479703c', 'devis'),
(9675, 816, 'Dina Watsica Fisher', '2021-05-27', '3333497653297', 19231793407.648, 17973638698.736, 7, 'Fac-60aec54797114', 'facture'),
(9676, 816, 'Juston Sipes Volkman', '2021-05-27', '2922455772869', 26907117288.108, 25146838587.017, 7, 'Dev-60aec547971e9', 'devis'),
(9677, 816, 'Dustin Conroy Feil', '2021-05-27', '9197646830045', 26999405492.142, 25233089244.993, 7, 'Dev-60aec547972da', 'devis'),
(9678, 816, 'Maurine Prosacco Kovacek', '2021-05-27', '0802975152230', 30119284314.926, 28148863845.725, 7, 'Fac-60aec547973d4', 'facture'),
(9679, 816, 'Jose Wiegand II Shanahan', '2021-05-27', '3302338736512', 30539285365.169, 28541388191.747, 7, 'Fac-60aec547974c9', 'facture'),
(9680, 816, 'Favian Breitenberg Hauck', '2021-05-27', '2646415044413', 33973030770.812, 31750496047.488, 7, 'Dev-60aec547975b3', 'devis'),
(9681, 816, 'Mrs. Liliana Hauck Schultz', '2021-05-27', '0920259463015', 34898768142.009, 32615671160.756, 7, 'Fac-60aec547976c5', 'facture'),
(9682, 816, 'Mr. Ambrose Ratke Jaskolski', '2021-05-27', '2969809502390', 35900426470.123, 33551800439.367, 7, 'Fac-60aec547977ad', 'facture'),
(9683, 816, 'Prof. Ellie Schultz PhD Pfannerstill', '2021-05-27', '9840033643253', 40126472380.919, 37501376056.934, 7, 'Fac-60aec547978dc', 'facture'),
(9684, 816, 'Prof. Gilberto Trantow DVM Schmidt', '2021-05-27', '0586042668373', 41898714481.402, 39157677085.422, 7, 'Dev-60aec547979ca', 'devis'),
(9685, 816, 'Rogelio Hessel Lindgren', '2021-05-27', '1792233068597', 44854210435.776, 41919822837.174, 7, 'Dev-60aec54797a9b', 'devis'),
(9686, 816, 'Dr. Charley Turner III Herman', '2021-05-27', '3285007313873', 47998923937.597, 44858807418.315, 7, 'Dev-60aec54797b6e', 'devis'),
(9687, 817, 'Vilma Keebler Halvorson', '2021-05-27', '8055459440770', 8064800194.773, 7537196443.7131, 7, 'Dev-60aec547d2c93', 'devis'),
(9688, 817, 'Assunta Schmeler PhD Hegmann', '2021-05-27', '0289478909545', 8897354064.753, 8315284172.6664, 7, 'Fac-60aec547d2d6c', 'facture'),
(9689, 817, 'Viola Kessler Fahey', '2021-05-27', '5776477327609', 11179945811.453, 10448547487.339, 7, 'Fac-60aec547d2e41', 'facture'),
(9690, 817, 'Dr. Angela Gusikowski Langosh', '2021-05-27', '5035849307442', 15525740819.24, 14510038148.822, 7, 'Dev-60aec547d2f40', 'devis'),
(9691, 817, 'Prof. Randy Koelpin Ryan', '2021-05-27', '3450876438945', 15728111435.068, 14699169565.484, 7, 'Dev-60aec547d300f', 'devis'),
(9692, 817, 'Palma Gibson Feeney', '2021-05-27', '3811120896810', 21734344683.925, 20312471667.22, 7, 'Fac-60aec547d30d2', 'facture'),
(9693, 817, 'Wade Jacobi DVM Rempel', '2021-05-27', '6429127916386', 23120707855.738, 21608138182.933, 7, 'Fac-60aec547d31c8', 'facture'),
(9694, 817, 'Donavon Cassin MD Wilkinson', '2021-05-27', '3516144499343', 27906256776.029, 26080613809.373, 7, 'Fac-60aec547d32a9', 'facture'),
(9695, 817, 'Dr. Mckenna Langosh PhD Williamson', '2021-05-27', '7830683872044', 27949746657.681, 26121258558.58, 7, 'Dev-60aec547d3397', 'devis'),
(9696, 817, 'Brown Klein Satterfield', '2021-05-27', '7092827923542', 28920221147.864, 27028244063.424, 7, 'Fac-60aec547d3475', 'facture'),
(9697, 817, 'Devon Paucek Erdman', '2021-05-27', '1293908478531', 32311313713.556, 30197489451.921, 7, 'Fac-60aec547d3553', 'facture'),
(9698, 817, 'Emmitt Sawayn Jr. Murray', '2021-05-27', '8244686965730', 33542972347.034, 31348572286.948, 7, 'Fac-60aec547d3641', 'facture'),
(9699, 817, 'Larue Cassin Schuster', '2021-05-27', '6624542871290', 35173158923.622, 32872111143.572, 7, 'Fac-60aec547d3730', 'facture'),
(9700, 817, 'Rex Gorczany Orn', '2021-05-27', '0199501560158', 42604549715.435, 39817336182.65, 7, 'Fac-60aec547d3809', 'facture'),
(9701, 817, 'Tanya Hettinger DDS Boyer', '2021-05-27', '7892715381047', 42911079702.13, 40103812805.729, 7, 'Fac-60aec547d390c', 'facture'),
(9702, 817, 'Danial Johnson Collins', '2021-05-27', '4614717939490', 47330135328.706, 44233771335.239, 7, 'Fac-60aec547d3a00', 'facture'),
(9703, 817, 'Oda Jast Rodriguez', '2021-05-27', '2764132986691', 47790670013.742, 44664177582.936, 7, 'Dev-60aec547d3ad2', 'devis'),
(9704, 817, 'Dr. Estel Larkin Weber', '2021-05-27', '0145048853062', 50812366777.213, 47488193249.732, 7, 'Dev-60aec547d3bc6', 'devis'),
(9705, 817, 'Marie Paucek DVM Swaniawski', '2021-05-27', '1599673844145', 54935196236.105, 51341304893.556, 7, 'Fac-60aec547d3ca9', 'facture'),
(9706, 817, 'Prof. Gregoria O\'Connell Kuhic', '2021-05-27', '0171064271160', 62985815639.759, 58865248261.457, 7, 'Dev-60aec547d3d87', 'devis'),
(9707, 817, 'Shad Kohler MD Windler', '2021-05-27', '2060889741294', 66371672077, 62029600071.963, 7, 'Dev-60aec547d3e89', 'devis'),
(9708, 818, 'Dr. Baron Sporer DVM Klocko', '2021-05-27', '6079580672673', 1289005434.273, 1204677975.9561, 7, 'Fac-60aec5481a007', 'facture'),
(9709, 818, 'Mr. Florian Gutkowski MD Frami', '2021-05-27', '5418683114986', 1845614649.377, 1724873504.0907, 7, 'Fac-60aec5481a0de', 'facture'),
(9710, 818, 'Kattie Spinka I Gulgowski', '2021-05-27', '6141956166571', 5098507788.437, 4764960549.9411, 7, 'Fac-60aec5481a19b', 'facture'),
(9711, 818, 'Kiarra Lesch Brekke', '2021-05-27', '4833142549498', 9134248355.244, 8536680705.8355, 7, 'Dev-60aec5481a2c5', 'devis'),
(9712, 818, 'Layla Conroy Pfannerstill', '2021-05-27', '1152441363288', 11949644795.294, 11167892332.05, 7, 'Dev-60aec5481a3d7', 'devis'),
(9713, 818, 'Alexander Kutch Wehner', '2021-05-27', '9925562824271', 13498082315.106, 12615030201.034, 7, 'Dev-60aec5481a4be', 'devis'),
(9714, 818, 'Jordon Lebsack Auer', '2021-05-27', '0375096407065', 17335882619.22, 16201759457.215, 7, 'Fac-60aec5481a5bb', 'facture'),
(9715, 818, 'Josefa Hessel Lynch', '2021-05-27', '4195632903839', 21869243911.778, 20438545711.942, 7, 'Dev-60aec5481a6a6', 'devis'),
(9716, 818, 'Gerard Turcotte Bechtelar', '2021-05-27', '9683870476925', 22712988937.138, 21227092464.615, 7, 'Fac-60aec5481a7ad', 'facture'),
(9717, 818, 'Dr. Desmond Gleason Jr. Kreiger', '2021-05-27', '6067553664763', 27280464139.209, 25495760877.765, 7, 'Fac-60aec5481a8a7', 'facture'),
(9718, 818, 'Grover Kessler Kirlin', '2021-05-27', '7598709677218', 27412903473.802, 25619535956.824, 7, 'Fac-60aec5481a967', 'facture'),
(9719, 818, 'Marcella Gutkowski Shields', '2021-05-27', '0515564832627', 29048806822.016, 27148417590.669, 7, 'Fac-60aec5481aa7d', 'facture'),
(9720, 818, 'Dr. Mallory Lemke Cruickshank', '2021-05-27', '8577389608698', 30438075356.906, 28446799398.978, 7, 'Fac-60aec5481ab60', 'facture'),
(9721, 818, 'Wade Wiegand MD Ratke', '2021-05-27', '8859349874962', 35208421654.749, 32905066967.055, 7, 'Fac-60aec5481ac42', 'facture'),
(9722, 818, 'Kieran Dickens Spencer', '2021-05-27', '7261101132332', 39128136651.883, 36568352011.106, 7, 'Dev-60aec5481acff', 'devis'),
(9723, 818, 'Kyle Rosenbaum Kshlerin', '2021-05-27', '5170573765110', 39674741782.871, 37079197927.917, 7, 'Dev-60aec5481ae02', 'devis'),
(9724, 818, 'Jamie Nicolas Fay', '2021-05-27', '9839582827955', 41527305828.294, 38810566194.667, 7, 'Dev-60aec5481aee2', 'devis'),
(9725, 818, 'Mona Turcotte III Veum', '2021-05-27', '7343898728209', 48405643016.351, 45238918706.87, 7, 'Dev-60aec5481afd8', 'devis'),
(9726, 818, 'Bernadette Daugherty DVM Ebert', '2021-05-27', '6963437769145', 52375845566.376, 48949388379.791, 7, 'Fac-60aec5481b0cb', 'facture'),
(9727, 818, 'Lura Kemmer Morar', '2021-05-27', '6311802308275', 56321497398.316, 52636913456.37, 7, 'Fac-60aec5481b1d6', 'facture'),
(9728, 818, 'Prof. Ben Osinski V Marks', '2021-05-27', '0878340460125', 57391554538.659, 53636966858.56, 7, 'Dev-60aec5481b2e5', 'devis'),
(9729, 819, 'Miss Emilia Lockman III Jenkins', '2021-05-27', '0475206528106', 1578298.648, 1475045.4654206, 7, 'Dev-60aec54857710', 'devis'),
(9730, 819, 'Sydney Koss Baumbach', '2021-05-27', '5111063876060', 4361501769.656, 4076169878.1832, 7, 'Dev-60aec54857835', 'devis'),
(9731, 819, 'Ms. Cara West MD Grady', '2021-05-27', '9796647317861', 4873612725.024, 4554778247.686, 7, 'Dev-60aec5485793f', 'devis'),
(9732, 819, 'Nathanial White V Labadie', '2021-05-27', '1504516731711', 7251099717.139, 6776728707.6065, 7, 'Fac-60aec54857a3f', 'facture'),
(9733, 819, 'Antonia McGlynn Parisian', '2021-05-27', '2922371699837', 13217452285.907, 12352759145.707, 7, 'Fac-60aec54857b37', 'facture'),
(9734, 819, 'Kennedy Mertz Kulas', '2021-05-27', '7197586846276', 13452405883.448, 12572341947.148, 7, 'Dev-60aec54857c07', 'devis'),
(9735, 819, 'Raquel Mohr Koelpin', '2021-05-27', '3679847543901', 13747865302.164, 12848472245.013, 7, 'Dev-60aec54857ce3', 'devis'),
(9736, 819, 'Haskell Rippin Watsica', '2021-05-27', '2036179984665', 17883097027.076, 16713174791.66, 7, 'Fac-60aec54857df3', 'facture'),
(9737, 819, 'Ruthe Kuhic Berge', '2021-05-27', '3632986950542', 24768338617.621, 23147980016.468, 7, 'Fac-60aec54857ecd', 'facture'),
(9738, 819, 'Miss Lydia Herzog IV Cartwright', '2021-05-27', '0677590769527', 29250952248.487, 27337338549.988, 7, 'Fac-60aec54857fc1', 'facture'),
(9739, 819, 'Annetta Schmidt Gibson', '2021-05-27', '9176949332517', 33553206918.932, 31358137307.413, 7, 'Fac-60aec54858081', 'facture'),
(9740, 819, 'Hank Eichmann PhD Jones', '2021-05-27', '3361065991588', 38593100797.54, 36068318502.374, 7, 'Dev-60aec5485818e', 'devis'),
(9741, 819, 'Ms. Taryn Von Goldner', '2021-05-27', '0051914814825', 39226000338.524, 36659813400.49, 7, 'Fac-60aec548582bc', 'facture'),
(9742, 819, 'Dr. Eloise Rau Jr. Orn', '2021-05-27', '8594882584250', 43457117893.472, 40614128872.404, 7, 'Fac-60aec548583a3', 'facture'),
(9743, 819, 'Miss Joelle Ernser DVM Mitchell', '2021-05-27', '0591027299190', 47464272243.713, 44359132938.05, 7, 'Dev-60aec5485847c', 'devis'),
(9744, 819, 'Dr. Queenie Streich IV Jenkins', '2021-05-27', '8354075287746', 48327124770.374, 45165537168.574, 7, 'Dev-60aec54858566', 'devis'),
(9745, 819, 'Montana Mayert Abshire', '2021-05-27', '9600958065857', 53916702606.471, 50389441688.291, 7, 'Fac-60aec5485868f', 'facture'),
(9746, 819, 'Prof. Rudy Mohr Hand', '2021-05-27', '9221023921665', 56816554389.346, 53099583541.445, 7, 'Fac-60aec548587a0', 'facture'),
(9747, 819, 'Maurine Johnson I Hane', '2021-05-27', '6569575882762', 59465885860.033, 55575594261.713, 7, 'Fac-60aec5485889f', 'facture'),
(9748, 819, 'Colt Gottlieb Harber', '2021-05-27', '6463243968256', 64230566649.112, 60028566961.787, 7, 'Dev-60aec548589bc', 'devis'),
(9749, 819, 'Jaylin Effertz DVM Hermann', '2021-05-27', '4162352182004', 67177640094.997, 62782841210.278, 7, 'Dev-60aec54858adc', 'devis'),
(9750, 820, 'Mr. Unique Kiehn PhD Boyer', '2021-05-27', '9160600936121', 6917684277.341, 6465125492.8421, 7, 'Dev-60aec54893c4c', 'devis'),
(9751, 820, 'Mr. Kenton Gleichner Koch', '2021-05-27', '9165075381605', 7296113741.75, 6818797889.486, 7, 'Dev-60aec54893d26', 'devis'),
(9752, 820, 'Millie Mueller Rath', '2021-05-27', '5743778172153', 13150377885.819, 12290072790.485, 7, 'Fac-60aec54893dee', 'facture'),
(9753, 820, 'Sigurd Lueilwitz Torp', '2021-05-27', '2086901488589', 13378488971.275, 12503260720.818, 7, 'Fac-60aec54893f0c', 'facture'),
(9754, 820, 'Miss Edyth O\'Connell O\'Conner', '2021-05-27', '8836581405291', 15025659158.473, 14042672110.722, 7, 'Fac-60aec54893fc8', 'facture'),
(9755, 820, 'Wilmer Lakin I Wuckert', '2021-05-27', '0797534674875', 16700304805.753, 15607761500.704, 7, 'Dev-60aec548940a7', 'devis'),
(9756, 820, 'Miss Elisha Mosciski Macejkovic', '2021-05-27', '6793216997915', 18083331602.158, 16900309908.559, 7, 'Fac-60aec54894190', 'facture'),
(9757, 820, 'Dina Cormier Orn', '2021-05-27', '2553131091587', 20626989158.308, 19277559961.036, 7, 'Dev-60aec54894285', 'devis'),
(9758, 820, 'Dr. Gabe Will Jr. Bogisich', '2021-05-27', '9692574033167', 20824844695.109, 19462471677.672, 7, 'Fac-60aec54894373', 'facture'),
(9759, 820, 'Keith Schumm Conn', '2021-05-27', '9150144887317', 23450867164.165, 21916698284.266, 7, 'Fac-60aec54894456', 'facture'),
(9760, 820, 'Dr. Marquise Moen McLaughlin', '2021-05-27', '2810096213639', 23464253595.593, 21929208967.844, 7, 'Fac-60aec54894542', 'facture'),
(9761, 820, 'Claude Cruickshank MD Corwin', '2021-05-27', '1140606874519', 27667884472.951, 25857835956.029, 7, 'Dev-60aec54894619', 'devis'),
(9762, 820, 'Abraham West DVM Prohaska', '2021-05-27', '5651535903738', 29264632015.021, 27350123378.524, 7, 'Fac-60aec548946f8', 'facture'),
(9763, 820, 'Dayton O\'Connell Ward', '2021-05-27', '0498333717144', 31666236492.33, 29594613544.234, 7, 'Dev-60aec548947e5', 'devis'),
(9764, 820, 'Prof. Ronaldo Gislason II Gutmann', '2021-05-27', '2772254766015', 33642270391.881, 31441374198.02, 7, 'Fac-60aec548948f4', 'facture'),
(9765, 820, 'Prof. Erwin Jacobson III Johns', '2021-05-27', '8294075400274', 44582024166.112, 41665443145.899, 7, 'Fac-60aec548949b2', 'facture'),
(9766, 820, 'Mrs. Ara Johnson Rippin', '2021-05-27', '9559499220273', 45226936749.803, 42268165186.732, 7, 'Fac-60aec54894a92', 'facture'),
(9767, 820, 'Mr. Darrell Rolfson Wisoky', '2021-05-27', '3033438650827', 45266658398.154, 42305288222.574, 7, 'Dev-60aec54894b71', 'devis'),
(9768, 820, 'Paul Wilkinson Wilderman', '2021-05-27', '6634047262769', 54377843572.513, 50820414553.75, 7, 'Fac-60aec54894c59', 'facture'),
(9769, 820, 'Prof. Aniyah Rolfson DDS Schumm', '2021-05-27', '1173499861229', 62432049431.677, 58347709749.231, 7, 'Fac-60aec54894d1d', 'facture'),
(9770, 820, 'Craig Lesch IV Langosh', '2021-05-27', '4941551967328', 64935133777.309, 60687040913.373, 7, 'Dev-60aec54894e24', 'devis'),
(9771, 821, 'Alvina O\'Hara Luettgen', '2021-05-27', '2825417258039', 926322064.983, 865721556.05888, 7, 'Fac-60aec548d1892', 'facture'),
(9772, 821, 'Danyka Kohler McLaughlin', '2021-05-27', '1973958733605', 4359762769.278, 4074544644.185, 7, 'Fac-60aec548d1992', 'facture'),
(9773, 821, 'Izaiah Heathcote IV Rempel', '2021-05-27', '9617082549825', 4684099205.049, 4377662808.457, 7, 'Fac-60aec548d1a9d', 'facture'),
(9774, 821, 'Dr. Nia Graham DVM Volkman', '2021-05-27', '7257349443651', 5428535719.587, 5073397868.7729, 7, 'Dev-60aec548d1b7c', 'devis'),
(9775, 821, 'Joshua Jacobs Conn', '2021-05-27', '3436432599107', 5452419221.945, 5095718899.014, 7, 'Dev-60aec548d1c3e', 'devis'),
(9776, 821, 'Makenna Kris Wisozk', '2021-05-27', '3186285791837', 13460139437.572, 12579569567.824, 7, 'Dev-60aec548d1d15', 'devis'),
(9777, 821, 'Dr. Fredrick Ward MD Schmidt', '2021-05-27', '6795056524498', 19481602971.948, 18207105581.26, 7, 'Fac-60aec548d1e04', 'facture'),
(9778, 821, 'Sonny Weissnat Denesik', '2021-05-27', '5298029685468', 27707558920.281, 25894914878.767, 7, 'Fac-60aec548d1f07', 'facture'),
(9779, 821, 'Alexandrine Olson Buckridge', '2021-05-27', '9128362627275', 28349407391.02, 26494773262.636, 7, 'Fac-60aec548d1ffd', 'facture'),
(9780, 821, 'Zella Parker Krajcik', '2021-05-27', '4048624771018', 32041490613.223, 29945318330.115, 7, 'Dev-60aec548d2101', 'devis'),
(9781, 821, 'Prof. Gerson Jones Sr. Hettinger', '2021-05-27', '7614016272776', 39515362891.303, 36930245692.807, 7, 'Dev-60aec548d21f5', 'devis'),
(9782, 821, 'Orval Hartmann Nitzsche', '2021-05-27', '9826942109011', 41274440657.495, 38574243605.135, 7, 'Fac-60aec548d231a', 'facture'),
(9783, 821, 'Lucio Ortiz Goodwin', '2021-05-27', '2994570000325', 41394473762.436, 38686424077.043, 7, 'Fac-60aec548d244a', 'facture'),
(9784, 821, 'Zion Goyette Kilback', '2021-05-27', '4651791879878', 42414636276.746, 39639846987.613, 7, 'Dev-60aec548d2522', 'devis'),
(9785, 821, 'Prof. Rowena Jenkins Nader', '2021-05-27', '7003516147415', 47272716901.029, 44180109253.298, 7, 'Fac-60aec548d2645', 'facture'),
(9786, 821, 'Halle Collier Jakubowski', '2021-05-27', '8312528821008', 49040665604.248, 45832397760.979, 7, 'Fac-60aec548d2709', 'facture'),
(9787, 821, 'Jensen Lockman Grant', '2021-05-27', '4207420005684', 51633742220.611, 48255833851.038, 7, 'Fac-60aec548d2803', 'facture'),
(9788, 821, 'Loma Mante MD Gleichner', '2021-05-27', '0924445224107', 59415356412.541, 55528370479.01, 7, 'Dev-60aec548d28ec', 'devis'),
(9789, 821, 'Demarcus Skiles Casper', '2021-05-27', '5538715146041', 61195413956.575, 57191975660.351, 7, 'Dev-60aec548d29df', 'devis'),
(9790, 821, 'Prof. Baby Gaylord Metz', '2021-05-27', '7740379359561', 63116160472.398, 58987065862.054, 7, 'Fac-60aec548d2abc', 'facture'),
(9791, 821, 'Nikko Jast MD Upton', '2021-05-27', '7822158654712', 66914252747.25, 62536684810.514, 7, 'Fac-60aec548d2b9d', 'facture'),
(9792, 822, 'Cesar Gutkowski Rath', '2021-05-27', '2708770063987', 897094904.528, 838406452.82991, 7, 'Dev-60aec5491a5af', 'devis'),
(9793, 822, 'Prof. Henri Murazik II Olson', '2021-05-27', '7955748363807', 1835539364.439, 1715457349.943, 7, 'Fac-60aec5491a674', 'facture'),
(9794, 822, 'Bertram Legros Hintz', '2021-05-27', '7298109312985', 5401150118.992, 5047803849.5252, 7, 'Dev-60aec5491a762', 'devis'),
(9795, 822, 'Marilou Christiansen Heidenreich', '2021-05-27', '6638815460029', 5512040777.866, 5151439979.314, 7, 'Dev-60aec5491a826', 'devis'),
(9796, 822, 'Mariano Boyle Renner', '2021-05-27', '6623958793530', 7115602222.25, 6650095534.8131, 7, 'Dev-60aec5491a8e7', 'devis'),
(9797, 822, 'Annabel Hilpert IV Raynor', '2021-05-27', '9917668798815', 10597380409.601, 9904093840.7486, 7, 'Fac-60aec5491a9ea', 'facture'),
(9798, 822, 'Frances Hammes Mills', '2021-05-27', '3719251450362', 19614207547.014, 18331035090.667, 7, 'Dev-60aec5491aabe', 'devis'),
(9799, 822, 'Anahi Carter PhD Rodriguez', '2021-05-27', '1720612402496', 21722805679.824, 20301687551.237, 7, 'Fac-60aec5491abaa', 'facture'),
(9800, 822, 'Micah Sawayn Effertz', '2021-05-27', '7300414106835', 27581209231.529, 25776831057.504, 7, 'Fac-60aec5491ac74', 'facture'),
(9801, 822, 'Keeley Ullrich Jr. Reinger', '2021-05-27', '4226145196767', 36011073238.556, 33655208634.164, 7, 'Fac-60aec5491ad6a', 'facture'),
(9802, 822, 'Garret Thiel V Fahey', '2021-05-27', '1918699665839', 38466895625.049, 35950369743.036, 7, 'Dev-60aec5491ae68', 'devis'),
(9803, 822, 'Kara Bartoletti Thompson', '2021-05-27', '4872943791200', 44895386443.189, 41958305087.093, 7, 'Dev-60aec5491af4f', 'devis'),
(9804, 822, 'German Walter Abernathy', '2021-05-27', '3879721098248', 45102983137.178, 42152320688.951, 7, 'Fac-60aec5491b041', 'facture'),
(9805, 822, 'Mr. Garland Abernathy I King', '2021-05-27', '3153808998394', 45157604143.121, 42203368358.057, 7, 'Fac-60aec5491b0f8', 'facture'),
(9806, 822, 'Warren Harber Boyer', '2021-05-27', '4302121521232', 45172887706.099, 42217652061.775, 7, 'Fac-60aec5491b220', 'facture'),
(9807, 822, 'Dino O\'Connell V Dach', '2021-05-27', '5462214644640', 45502369977.595, 42525579418.313, 7, 'Dev-60aec5491b30b', 'devis'),
(9808, 822, 'Paige Batz Douglas', '2021-05-27', '4709789589510', 49975172756.249, 46705768931.074, 7, 'Fac-60aec5491b435', 'facture'),
(9809, 822, 'Mr. Eusebio Kohler Maggio', '2021-05-27', '3312783875162', 58983453180.82, 55124722598.897, 7, 'Fac-60aec5491b547', 'facture'),
(9810, 822, 'Jakob Shanahan Welch', '2021-05-27', '4322471055607', 61598060068.57, 57568280437.916, 7, 'Fac-60aec5491b61e', 'facture'),
(9811, 822, 'Dejuan Kovacek Lynch', '2021-05-27', '1580731661729', 64939559752.355, 60691177338.65, 7, 'Fac-60aec5491b729', 'facture'),
(9812, 822, 'Sylvan Rogahn Rohan', '2021-05-27', '7970863125406', 68498390802.037, 64017187665.455, 7, 'Fac-60aec5491b80c', 'facture'),
(9813, 823, 'Cassie Prohaska Ferry', '2021-05-27', '9476103613200', 10499064579.585, 9812209887.4626, 7, 'Dev-60aec5495ebef', 'devis'),
(9814, 823, 'Genoveva Marvin Rosenbaum', '2021-05-27', '8569853509198', 17395591865.751, 16257562491.356, 7, 'Fac-60aec5495ecfa', 'facture'),
(9815, 823, 'Kennedy Marks Ebert', '2021-05-27', '7177712519229', 17777986873.788, 16614941003.54, 7, 'Fac-60aec5495ede2', 'facture'),
(9816, 823, 'Kara Weimann DVM Crona', '2021-05-27', '1899010588894', 25674980642.581, 23995309011.758, 7, 'Dev-60aec5495eee1', 'devis'),
(9817, 823, 'Dr. Rowan Beatty DDS Thiel', '2021-05-27', '3615073938340', 26306227871.934, 24585259693.396, 7, 'Dev-60aec5495eff2', 'devis'),
(9818, 823, 'Mavis Lakin Cartwright', '2021-05-27', '6530248018139', 27121748748.767, 25347428737.165, 7, 'Dev-60aec5495f0fb', 'devis'),
(9819, 823, 'Cicero Gorczany Rosenbaum', '2021-05-27', '8079629146804', 27159360800.522, 25382580187.404, 7, 'Fac-60aec5495f207', 'facture'),
(9820, 823, 'Mr. Grant Ernser II Doyle', '2021-05-27', '1977435284864', 27680531237.614, 25869655362.256, 7, 'Fac-60aec5495f308', 'facture'),
(9821, 823, 'Cassie Doyle Terry', '2021-05-27', '2565583801690', 29214322744.491, 27303105368.683, 7, 'Dev-60aec5495f3e0', 'devis'),
(9822, 823, 'Taryn Aufderhar O\'Reilly', '2021-05-27', '6183381187219', 31446366784.786, 29389127836.249, 7, 'Dev-60aec5495f519', 'devis'),
(9823, 823, 'Joanny DuBuque Wisozk', '2021-05-27', '7032834460845', 39810128628.606, 37205727690.286, 7, 'Dev-60aec5495f637', 'devis'),
(9824, 823, 'Rhea Bergstrom Olson', '2021-05-27', '3629517078813', 42949298328.54, 40139531148.168, 7, 'Dev-60aec5495f774', 'devis'),
(9825, 823, 'Ms. Kaela Von Sr. Beer', '2021-05-27', '7240027220927', 43107358603.244, 40287251031.069, 7, 'Dev-60aec5495f888', 'devis'),
(9826, 823, 'Ernesto Dooley Sr. Kihn', '2021-05-27', '6979889743992', 46291887445.564, 43263446210.807, 7, 'Dev-60aec5495f9a2', 'devis'),
(9827, 823, 'Jacky Jast V Kuvalis', '2021-05-27', '5112420172672', 52837666651.238, 49380996870.316, 7, 'Fac-60aec5495faa7', 'facture'),
(9828, 823, 'Isaac Kilback Kuhlman', '2021-05-27', '0740898459855', 53532522714.557, 50030395060.334, 7, 'Fac-60aec5495fba8', 'facture'),
(9829, 823, 'Eldridge Wilderman O\'Conner', '2021-05-27', '1256507884158', 55601903560.315, 51964395850.762, 7, 'Fac-60aec5495fc76', 'facture'),
(9830, 823, 'Jayme White Reynolds', '2021-05-27', '4271788340602', 56341218894.005, 52655344760.752, 7, 'Dev-60aec5495fd7a', 'devis'),
(9831, 823, 'Dr. Eveline Yost Lehner', '2021-05-27', '8498463805089', 57438990271.482, 53681299319.142, 7, 'Dev-60aec5495fe97', 'devis'),
(9832, 823, 'Lorena Deckow Witting', '2021-05-27', '6666537458185', 58586725491.667, 54753949057.633, 7, 'Fac-60aec5495ffae', 'facture'),
(9833, 823, 'Malcolm Rohan Lesch', '2021-05-27', '9497021364005', 63058633620.746, 58933302449.295, 7, 'Dev-60aec549600ad', 'devis'),
(9834, 824, 'Mr. Ottis Gorczany V Wunsch', '2021-05-27', '8757533295695', 3015155498.583, 2817902335.1243, 7, 'Dev-60aec5499e1d5', 'devis'),
(9835, 824, 'Willard Borer Krajcik', '2021-05-27', '4438906049988', 6368494203.93, 5951863741.9907, 7, 'Dev-60aec5499e2d4', 'devis'),
(9836, 824, 'Effie Champlin Christiansen', '2021-05-27', '9662194236835', 6684791994.214, 6247469153.471, 7, 'Dev-60aec5499e39a', 'devis'),
(9837, 824, 'Aliya Gusikowski Dietrich', '2021-05-27', '2909544468391', 7123062517.358, 6657067773.2318, 7, 'Fac-60aec5499e468', 'facture'),
(9838, 824, 'Una Renner Runte', '2021-05-27', '0765327664679', 16389949897.627, 15317710184.698, 7, 'Dev-60aec5499e560', 'devis'),
(9839, 824, 'Lucy Howell Schumm', '2021-05-27', '1638966592919', 17009068328.261, 15896325540.431, 7, 'Dev-60aec5499e654', 'devis'),
(9840, 824, 'Aron Hessel Stanton', '2021-05-27', '3343315840006', 21369327771.798, 19971334366.166, 7, 'Fac-60aec5499e722', 'facture'),
(9841, 824, 'Mr. Darrin Herman Schroeder', '2021-05-27', '2442995515486', 21530700909.973, 20122150383.152, 7, 'Fac-60aec5499e7d0', 'facture'),
(9842, 824, 'Miss Shayna Trantow Sr. Schamberger', '2021-05-27', '5945723030833', 23132902951.497, 21619535468.689, 7, 'Dev-60aec5499e8b4', 'devis'),
(9843, 824, 'Prof. Garth Ward Tromp', '2021-05-27', '2210660772577', 24588386490.681, 22979800458.58, 7, 'Fac-60aec5499e975', 'facture'),
(9844, 824, 'Olaf O\'Conner Gaylord', '2021-05-27', '2703139662092', 25542353858.838, 23871358746.578, 7, 'Fac-60aec5499ea86', 'facture'),
(9845, 824, 'Sienna Balistreri II Grimes', '2021-05-27', '2242554094489', 25839069465.349, 24148663051.728, 7, 'Dev-60aec5499eb83', 'devis'),
(9846, 824, 'Elyssa Hills Jast', '2021-05-27', '7939167788908', 26548454490.478, 24811639710.727, 7, 'Fac-60aec5499ec71', 'facture'),
(9847, 824, 'Margie Russel Ullrich', '2021-05-27', '0651345761691', 28851951142.93, 26964440320.495, 7, 'Dev-60aec5499ed90', 'devis'),
(9848, 824, 'David Stehr Pfannerstill', '2021-05-27', '2569754471996', 29894076811.61, 27938389543.561, 7, 'Fac-60aec5499ee58', 'facture'),
(9849, 824, 'Adrain Kreiger Lang', '2021-05-27', '0224639677253', 30792355748.185, 28777902568.397, 7, 'Dev-60aec5499ef4f', 'devis'),
(9850, 824, 'Delores Larson Bernhard', '2021-05-27', '7741134358744', 31930750168.78, 29841822587.645, 7, 'Dev-60aec5499f014', 'devis'),
(9851, 824, 'Yasmin Toy PhD Brown', '2021-05-27', '0256032711470', 35464251174.352, 33144159976.03, 7, 'Dev-60aec5499f12a', 'devis'),
(9852, 824, 'Mr. Danial Nitzsche I Smith', '2021-05-27', '2555240824018', 36173618257.573, 33807119866.891, 7, 'Fac-60aec5499f1eb', 'facture'),
(9853, 824, 'Andre Schaden Leuschke', '2021-05-27', '8186641132736', 36385738546, 34005363127.103, 7, 'Dev-60aec5499f2da', 'devis'),
(9854, 824, 'Dr. Bobbie Schoen Kiehn', '2021-05-27', '3261397318797', 40469799958.233, 37822242951.62, 7, 'Dev-60aec5499f3b0', 'devis'),
(9855, 825, 'Harold Crist Jast', '2021-05-27', '2808639561835', 1714883979.794, 1602695308.2187, 7, 'Dev-60aec549dca7a', 'devis'),
(9856, 825, 'Winfield Friesen Turner', '2021-05-27', '1438526798689', 5822622453.971, 5441703228.0103, 7, 'Dev-60aec549dcb6b', 'devis'),
(9857, 825, 'Deondre Hane King', '2021-05-27', '0076964754693', 6054747569.613, 5658642588.4234, 7, 'Dev-60aec549dcc72', 'devis'),
(9858, 825, 'Van Nicolas Homenick', '2021-05-27', '2710685872226', 6202107843.86, 5796362470.8972, 7, 'Dev-60aec549dcd5d', 'devis'),
(9859, 825, 'Liana Mills Rosenbaum', '2021-05-27', '7107237638198', 7077013693.86, 6614031489.5888, 7, 'Dev-60aec549dce28', 'devis'),
(9860, 825, 'Edison Rutherford Mitchell', '2021-05-27', '1311302203624', 7274323680.786, 6798433346.529, 7, 'Dev-60aec549dcf29', 'devis'),
(9861, 825, 'King O\'Kon Kuhic', '2021-05-27', '3574348693714', 13964454884.348, 13050892415.279, 7, 'Dev-60aec549dd013', 'devis'),
(9862, 825, 'Dahlia Dibbert Buckridge', '2021-05-27', '1736517402592', 15132778009.003, 14142783185.984, 7, 'Dev-60aec549dd108', 'devis'),
(9863, 825, 'Nolan O\'Connell Purdy', '2021-05-27', '1910861005856', 21457000501.49, 20053271496.72, 7, 'Fac-60aec549dd1ca', 'facture'),
(9864, 825, 'Jacinto Kutch Hand', '2021-05-27', '0716805195321', 25808143404.353, 24119760190.984, 7, 'Fac-60aec549dd2c3', 'facture'),
(9865, 825, 'Jacinto Murray Stracke', '2021-05-27', '8057482154822', 34871185591.925, 32589893076.565, 7, 'Fac-60aec549dd3ee', 'facture'),
(9866, 825, 'Dolores Leffler Crooks', '2021-05-27', '9358015765300', 34981849616.518, 32693317398.615, 7, 'Fac-60aec549dd4e4', 'facture'),
(9867, 825, 'Santiago Steuber DDS Windler', '2021-05-27', '0296374773477', 35955602185.05, 33603366528.084, 7, 'Dev-60aec549dd607', 'devis'),
(9868, 825, 'Layne Waters Luettgen', '2021-05-27', '3949614775027', 41487562866.267, 38773423239.502, 7, 'Dev-60aec549dd710', 'devis'),
(9869, 825, 'Jan Donnelly Weissnat', '2021-05-27', '4016314081266', 44518446530.481, 41606024794.842, 7, 'Dev-60aec549dd813', 'devis'),
(9870, 825, 'Antwan Rogahn Kihn', '2021-05-27', '2825676939847', 44725845354.489, 41799855471.485, 7, 'Fac-60aec549dd94d', 'facture'),
(9871, 825, 'Maurice Feil Pfeffer', '2021-05-27', '0050766780968', 48031588151.2, 44889334720.748, 7, 'Fac-60aec549dda34', 'facture'),
(9872, 825, 'Jeff Kerluke Jr. Schultz', '2021-05-27', '1498541301257', 48702212671.714, 45516086609.079, 7, 'Dev-60aec549ddb0a', 'devis'),
(9873, 825, 'Theo Walsh Rolfson', '2021-05-27', '6814038073837', 60310027862.774, 56364512021.284, 7, 'Dev-60aec549ddc19', 'devis'),
(9874, 825, 'Mrs. Golda Cormier Sawayn', '2021-05-27', '2349687031371', 60520702438.626, 56561404148.249, 7, 'Fac-60aec549ddcfb', 'facture'),
(9875, 825, 'Bernita Predovic Effertz', '2021-05-27', '2788440956696', 64748804736.412, 60512901622.815, 7, 'Fac-60aec549dddec', 'facture'),
(9876, 826, 'Tomasa Daugherty DDS Ledner', '2021-05-27', '8427051107342', 2759553777.465, 2579022221.9299, 7, 'Dev-60aec54a25cda', 'devis'),
(9877, 826, 'Mr. Danial Borer Crona', '2021-05-27', '9108659774981', 3133321025.265, 2928337406.7897, 7, 'Fac-60aec54a25dce', 'facture'),
(9878, 826, 'Mr. Madisen Emmerich DVM Casper', '2021-05-27', '6594875147686', 3269777504.208, 3055866826.3626, 7, 'Dev-60aec54a25ec8', 'devis'),
(9879, 826, 'Esmeralda Rippin Eichmann', '2021-05-27', '2071902457900', 10477460881.354, 9792019515.2841, 7, 'Fac-60aec54a25f99', 'facture'),
(9880, 826, 'Adell Rowe DVM McDermott', '2021-05-27', '5649945306737', 12009145660.63, 11223500617.411, 7, 'Fac-60aec54a26081', 'facture'),
(9881, 826, 'Mr. Kayley Gutkowski Windler', '2021-05-27', '2522336812785', 14860855595.744, 13888650089.48, 7, 'Fac-60aec54a26163', 'facture'),
(9882, 826, 'Jessyca Muller Kunde', '2021-05-27', '4020633958642', 15092885171.65, 14105500160.421, 7, 'Dev-60aec54a2626a', 'devis'),
(9883, 826, 'Dejuan Ziemann MD Willms', '2021-05-27', '9934225437451', 23005900648.442, 21500841727.516, 7, 'Dev-60aec54a263e7', 'devis'),
(9884, 826, 'Prof. Ashleigh Lynch IV Jacobson', '2021-05-27', '5694501937474', 25754831181.167, 24069935683.334, 7, 'Dev-60aec54a2662f', 'devis'),
(9885, 826, 'Cindy Bosco Roberts', '2021-05-27', '3413035914995', 26178500834.87, 24465888630.72, 7, 'Dev-60aec54a2680e', 'devis'),
(9886, 826, 'Felicia Walker Lubowitz', '2021-05-27', '6335707412172', 29201531555.827, 27291150986.754, 7, 'Fac-60aec54a26a07', 'facture'),
(9887, 826, 'Shania Gorczany West', '2021-05-27', '1212988541225', 30191227109.201, 28216100102.057, 7, 'Fac-60aec54a26be1', 'facture'),
(9888, 826, 'Fredrick Marvin O\'Kon', '2021-05-27', '1870443838213', 30574192751.618, 28574011917.4, 7, 'Dev-60aec54a26dd9', 'devis'),
(9889, 826, 'Cloyd Lubowitz Lebsack', '2021-05-27', '0625065656711', 36009311758.208, 33653562390.849, 7, 'Dev-60aec54a26f18', 'devis'),
(9890, 826, 'Ignacio Fay Nicolas', '2021-05-27', '1611653998966', 40981194522.185, 38300181796.435, 7, 'Dev-60aec54a27016', 'devis'),
(9891, 826, 'Sigmund Kiehn Daniel', '2021-05-27', '5203840844246', 51000726712.872, 47664230572.778, 7, 'Fac-60aec54a2713b', 'facture'),
(9892, 826, 'Aracely Dietrich Jr. Barton', '2021-05-27', '4001516640830', 51751689709.374, 48366065148.948, 7, 'Dev-60aec54a2725f', 'devis'),
(9893, 826, 'Keenan Simonis Nicolas', '2021-05-27', '0206983316606', 52759298336.087, 49307755454.287, 7, 'Dev-60aec54a2732e', 'devis'),
(9894, 826, 'Annalise Schoen IV Jacobs', '2021-05-27', '0217967218915', 54526582546.379, 50959422940.541, 7, 'Dev-60aec54a27421', 'devis'),
(9895, 826, 'Felicita Dicki Dach', '2021-05-27', '2021093803055', 59774767630.572, 55864268813.619, 7, 'Dev-60aec54a27516', 'devis'),
(9896, 826, 'Dorian Will Mayert', '2021-05-27', '5778694765264', 63448436062.129, 59297603796.382, 7, 'Fac-60aec54a2760d', 'facture'),
(9897, 828, 'med Ali', '2021-06-16', '659895', 430, 401.869, 7, 'Fac-60ca0526d635d', 'facture');

-- --------------------------------------------------------

--
-- Structure de la table `paiement`
--

CREATE TABLE `paiement` (
  `id` int(11) NOT NULL,
  `declaration_id` int(11) DEFAULT NULL,
  `date_pai` date NOT NULL,
  `type` varchar(255) COLLATE utf8mb4_unicode_ci NOT NULL,
  `image` varchar(255) COLLATE utf8mb4_unicode_ci NOT NULL,
  `etat_ent` tinyint(1) NOT NULL,
  `etat` tinyint(1) NOT NULL,
  `updated_at` datetime NOT NULL,
  `ref` varchar(255) COLLATE utf8mb4_unicode_ci NOT NULL
) ENGINE=InnoDB DEFAULT CHARSET=utf8mb4 COLLATE=utf8mb4_unicode_ci;

--
-- Déchargement des données de la table `paiement`
--

INSERT INTO `paiement` (`id`, `declaration_id`, `date_pai`, `type`, `image`, `etat_ent`, `etat`, `updated_at`, `ref`) VALUES
(21, 7764, '2021-06-13', 'versement', 'vir2-60c5fa8a3bb21745518732.png', 1, 1, '2021-06-13 14:31:06', 'Pai-60c5fa89f0e43'),
(22, 7999, '2021-06-16', 'versement', 'vir2-60ca06d339c76733984926.png', 1, 1, '2021-06-16 16:12:35', 'Pai-60ca06d301f6a');

-- --------------------------------------------------------

--
-- Structure de la table `produit`
--

CREATE TABLE `produit` (
  `id` int(11) NOT NULL,
  `facture_id` int(11) DEFAULT NULL,
  `nom` varchar(255) COLLATE utf8mb4_unicode_ci NOT NULL,
  `nb` int(11) NOT NULL,
  `prix_unitaire` double NOT NULL,
  `prix_total` double NOT NULL
) ENGINE=InnoDB DEFAULT CHARSET=utf8mb4 COLLATE=utf8mb4_unicode_ci;

--
-- Déchargement des données de la table `produit`
--

INSERT INTO `produit` (`id`, `facture_id`, `nom`, `nb`, `prix_unitaire`, `prix_total`) VALUES
(134691, 9666, 'quia', 8, 2, 16),
(134692, 9666, 'beatae', 10, 214.739, 2147.39),
(134693, 9666, 'quas', 5, 20578329.36, 102891646.8),
(134694, 9666, 'rerum', 8, 1029.363, 8234.904),
(134695, 9666, 'ut', 9, 1.268, 11.412),
(134696, 9666, 'dolores', 10, 62344.031, 623440.31),
(134697, 9666, 'eos', 7, 10.576, 74.032),
(134698, 9666, 'accusantium', 4, 196128145.167, 784512580.668),
(134699, 9666, 'perspiciatis', 7, 303827683.966, 2126793787.762),
(134700, 9666, 'autem', 4, 5080558.746, 20322234.984),
(134701, 9666, 'qui', 9, 679.264, 6113.376),
(134702, 9666, 'expedita', 6, 1.663, 9.978),
(134703, 9666, 'et', 6, 534644682.748, 3207868096.488),
(134704, 9666, 'voluptate', 7, 25.05, 175.35),
(134705, 9666, 'qui', 4, 36338956.689, 145355826.756),
(134706, 9666, 'fugiat', 10, 11519.713, 115197.13),
(134707, 9667, 'accusamus', 8, 169637.569, 1357100.552),
(134708, 9667, 'incidunt', 9, 28.715, 258.435),
(134709, 9667, 'enim', 7, 47.047, 329.329),
(134710, 9667, 'laborum', 10, 7584.3, 75843),
(134711, 9667, 'voluptate', 8, 36, 288),
(134712, 9667, 'voluptatibus', 9, 2555.274, 22997.466),
(134713, 9667, 'nihil', 10, 46.01, 460.1),
(134714, 9667, 'omnis', 9, 5.471, 49.239),
(134715, 9667, 'eius', 7, 28842.844, 201899.908),
(134716, 9667, 'vel', 2, 536.764, 1073.528),
(134717, 9667, 'exercitationem', 9, 139357.758, 1254219.822),
(134718, 9667, 'quia', 9, 949.07, 8541.63),
(134719, 9667, 'nostrum', 10, 64953612.466, 649536124.66),
(134720, 9667, 'tempore', 8, 12358.759, 98870.072),
(134721, 9667, 'sed', 10, 26331109.909, 263311099.09),
(134722, 9667, 'nemo', 9, 32469.47, 292225.23),
(134723, 9667, 'soluta', 3, 1041.524, 3124.572),
(134724, 9667, 'doloribus', 10, 0.566, 5.66),
(134725, 9668, 'dolores', 5, 2945046.248, 14725231.24),
(134726, 9668, 'in', 7, 17.15, 120.05),
(134727, 9668, 'in', 2, 31414323, 62828646),
(134728, 9668, 'omnis', 7, 124864.21, 874049.47),
(134729, 9668, 'perspiciatis', 3, 8140504.059, 24421512.177),
(134730, 9668, 'expedita', 8, 1220.2, 9761.6),
(134731, 9668, 'perferendis', 10, 88.254, 882.54),
(134732, 9668, 'iusto', 4, 311911.524, 1247646.096),
(134733, 9668, 'non', 9, 422495, 3802455),
(134734, 9668, 'adipisci', 9, 37782.199, 340039.791),
(134735, 9668, 'sint', 3, 6744.5, 20233.5),
(134736, 9668, 'dolores', 8, 13113.62, 104908.96),
(134737, 9668, 'alias', 7, 363461.333, 2544229.331),
(134738, 9668, 'saepe', 6, 35581.788, 213490.728),
(134739, 9668, 'sit', 2, 81543.448, 163086.896),
(134740, 9669, 'optio', 8, 36578.907, 292631.256),
(134741, 9669, 'quia', 10, 5.9, 59),
(134742, 9669, 'earum', 10, 3.27, 32.7),
(134743, 9669, 'repudiandae', 8, 3532.972, 28263.776),
(134744, 9669, 'temporibus', 6, 0.789, 4.734),
(134745, 9669, 'labore', 1, 5.095, 5.095),
(134746, 9669, 'cum', 9, 232.3, 2090.7),
(134747, 9669, 'dolorem', 8, 0, 0),
(134748, 9669, 'aspernatur', 9, 5.771, 51.939),
(134749, 9669, 'optio', 4, 48001428, 192005712),
(134750, 9669, 'autem', 8, 548779.407, 4390235.256),
(134751, 9669, 'ratione', 1, 444.296, 444.296),
(134752, 9669, 'ipsam', 6, 156379, 938274),
(134753, 9669, 'non', 6, 0.718, 4.308),
(134754, 9669, 'consequatur', 6, 5579605.506, 33477633.036),
(134755, 9670, 'qui', 1, 0.555, 0.555),
(134756, 9670, 'quidem', 9, 16413.916, 147725.244),
(134757, 9670, 'quo', 9, 506.855, 4561.695),
(134758, 9670, 'rerum', 4, 74685783.796, 298743135.184),
(134759, 9670, 'iste', 6, 1073.494, 6440.964),
(134760, 9670, 'expedita', 3, 172006.883, 516020.649),
(134761, 9670, 'ut', 9, 5347416.069, 48126744.621),
(134762, 9670, 'quisquam', 7, 6.454, 45.178),
(134763, 9670, 'suscipit', 5, 119829508.29, 599147541.45),
(134764, 9670, 'quia', 6, 648.39, 3890.34),
(134765, 9670, 'et', 10, 158.514, 1585.14),
(134766, 9670, 'beatae', 6, 29837.417, 179024.502),
(134767, 9671, 'aut', 10, 121.761, 1217.61),
(134768, 9671, 'maiores', 8, 29, 232),
(134769, 9671, 'aut', 2, 220.242, 440.484),
(134770, 9671, 'et', 10, 193586.989, 1935869.89),
(134771, 9671, 'ad', 8, 4435927.871, 35487422.968),
(134772, 9671, 'praesentium', 7, 41.7, 291.9),
(134773, 9671, 'nam', 7, 7562.322, 52936.254),
(134774, 9671, 'sed', 9, 7120.6, 64085.4),
(134775, 9671, 'ut', 6, 291436.362, 1748618.172),
(134776, 9671, 'alias', 9, 353.29, 3179.61),
(134777, 9671, 'iure', 9, 11, 99),
(134778, 9671, 'ipsa', 8, 55.534, 444.272),
(134779, 9671, 'et', 4, 1702411.4, 6809645.6),
(134780, 9671, 'non', 6, 4.73, 28.38),
(134781, 9671, 'accusamus', 6, 4550.581, 27303.486),
(134782, 9672, 'laborum', 5, 2018825.558, 10094127.79),
(134783, 9672, 'et', 8, 12.613, 100.904),
(134784, 9672, 'quia', 5, 1, 5),
(134785, 9672, 'ea', 7, 428833.835, 3001836.845),
(134786, 9672, 'veniam', 9, 44890223.1, 404012007.9),
(134787, 9672, 'voluptates', 5, 423186621.216, 2115933106.08),
(134788, 9672, 'quis', 5, 193.93, 969.65),
(134789, 9672, 'voluptas', 5, 62374.35, 311871.75),
(134790, 9672, 'incidunt', 4, 15619684.847, 62478739.388),
(134791, 9672, 'iure', 4, 52.456, 209.824),
(134792, 9672, 'dolor', 7, 317, 2219),
(134793, 9672, 'et', 8, 10.79, 86.32),
(134794, 9672, 'nulla', 2, 177814279.557, 355628559.114),
(134795, 9672, 'adipisci', 9, 2.511, 22.599),
(134796, 9672, 'recusandae', 7, 3.234, 22.638),
(134797, 9672, 'et', 6, 233779, 1402674),
(134798, 9673, 'est', 10, 199325.717, 1993257.17),
(134799, 9673, 'unde', 9, 16.704, 150.336),
(134800, 9673, 'sapiente', 5, 792554.335, 3962771.675),
(134801, 9673, 'provident', 8, 849834.396, 6798675.168),
(134802, 9673, 'sed', 6, 2.965, 17.79),
(134803, 9673, 'ab', 6, 422.014, 2532.084),
(134804, 9673, 'aut', 9, 6.4, 57.6),
(134805, 9673, 'neque', 10, 495421332.33, 4954213323.3),
(134806, 9673, 'quia', 7, 2.845, 19.915),
(134807, 9673, 'veniam', 7, 637.01, 4459.07),
(134808, 9673, 'temporibus', 10, 44616, 446160),
(134809, 9673, 'id', 4, 1.76, 7.04),
(134810, 9673, 'eligendi', 10, 390.082, 3900.82),
(134811, 9673, 'ipsum', 3, 3.689, 11.067),
(134812, 9673, 'magnam', 10, 42425.191, 424251.91),
(134813, 9674, 'aut', 5, 7014440.438, 35072202.19),
(134814, 9674, 'enim', 5, 67, 335),
(134815, 9674, 'qui', 5, 5865714.03, 29328570.15),
(134816, 9674, 'ut', 9, 27292, 245628),
(134817, 9674, 'iste', 8, 4.083, 32.664),
(134818, 9674, 'pariatur', 10, 5322388, 53223880),
(134819, 9674, 'et', 6, 89598229.518, 537589377.108),
(134820, 9674, 'nulla', 6, 495573.16, 2973438.96),
(134821, 9674, 'voluptates', 2, 2.753, 5.506),
(134822, 9674, 'quam', 7, 36.009, 252.063),
(134823, 9674, 'natus', 9, 34.212, 307.908),
(134824, 9674, 'corporis', 9, 44947371.408, 404526342.672),
(134825, 9674, 'delectus', 8, 25526766.3, 204214130.4),
(134826, 9674, 'cupiditate', 6, 15330.14, 91980.84),
(134827, 9674, 'dolores', 2, 1692216.698, 3384433.396),
(134828, 9674, 'tempora', 5, 0.107, 0.535),
(134829, 9675, 'saepe', 7, 3244.954, 22714.678),
(134830, 9675, 'ab', 4, 191127919.376, 764511677.504),
(134831, 9675, 'officiis', 9, 204.009, 1836.081),
(134832, 9675, 'sed', 7, 127.67, 893.69),
(134833, 9675, 'quidem', 4, 7943.866, 31775.464),
(134834, 9675, 'veritatis', 9, 344.542, 3100.878),
(134835, 9675, 'nostrum', 9, 1725.81, 15532.29),
(134836, 9675, 'commodi', 2, 14938.928, 29877.856),
(134837, 9675, 'ut', 7, 52531765.744, 367722360.208),
(134838, 9675, 'pariatur', 5, 471268.25, 2356341.25),
(134839, 9675, 'repudiandae', 7, 37945398.992, 265617792.944),
(134840, 9675, 'harum', 5, 4.902, 24.51),
(134841, 9675, 'unde', 10, 765.869, 7658.69),
(134842, 9675, 'harum', 10, 38.081, 380.81),
(134843, 9676, 'id', 3, 0.66, 1.98),
(134844, 9676, 'quam', 9, 1919930.953, 17279378.577),
(134845, 9676, 'impedit', 10, 128149.422, 1281494.22),
(134846, 9676, 'amet', 9, 209315913.338, 1883843220.042),
(134847, 9676, 'voluptate', 9, 207462362.802, 1867161265.218),
(134848, 9676, 'doloremque', 6, 2369.725, 14218.35),
(134849, 9676, 'neque', 10, 59166.854, 591668.54),
(134850, 9676, 'et', 10, 14.952, 149.52),
(134851, 9676, 'quod', 7, 10854.037, 75978.259),
(134852, 9676, 'assumenda', 7, 239.2, 1674.4),
(134853, 9676, 'fuga', 7, 20.053, 140.371),
(134854, 9676, 'eos', 7, 845708.297, 5919958.079),
(134855, 9676, 'qui', 2, 86641763.677, 173283527.354),
(134856, 9676, 'in', 10, 372587120.555, 3725871205.55),
(134857, 9677, 'eius', 4, 12.865, 51.46),
(134858, 9677, 'ipsum', 6, 8872437.706, 53234626.236),
(134859, 9677, 'error', 8, 89358.727, 714869.816),
(134860, 9677, 'id', 10, 1696009.425, 16960094.25),
(134861, 9677, 'occaecati', 9, 6.36, 57.24),
(134862, 9677, 'ab', 10, 258, 2580),
(134863, 9677, 'velit', 10, 121960.594, 1219605.94),
(134864, 9677, 'eum', 3, 4529.226, 13587.678),
(134865, 9677, 'est', 7, 550221, 3851547),
(134866, 9677, 'est', 3, 380088.264, 1140264.792),
(134867, 9677, 'inventore', 8, 412661.162, 3301289.296),
(134868, 9677, 'dolorem', 10, 1178776.1, 11787761),
(134869, 9677, 'a', 9, 0, 0),
(134870, 9677, 'sint', 8, 154.828, 1238.624),
(134871, 9677, 'qui', 6, 751.313, 4507.878),
(134872, 9677, 'aut', 8, 7015.353, 56122.824),
(134873, 9678, 'molestiae', 2, 775.27, 1550.54),
(134874, 9678, 'eaque', 9, 529, 4761),
(134875, 9678, 'iusto', 7, 8555853, 59890971),
(134876, 9678, 'voluptatum', 6, 1157.123, 6942.738),
(134877, 9678, 'ea', 6, 0, 0),
(134878, 9678, 'qui', 3, 222678.702, 668036.106),
(134879, 9678, 'voluptates', 5, 2693.47, 13467.35),
(134880, 9678, 'id', 10, 117.035, 1170.35),
(134881, 9678, 'totam', 6, 16, 96),
(134882, 9678, 'quia', 5, 26053, 130265),
(134883, 9678, 'rerum', 8, 6474057.3, 51792458.4),
(134884, 9678, 'ea', 8, 240.029, 1920.232),
(134885, 9678, 'libero', 7, 60108531.964, 420759723.748),
(134886, 9678, 'et', 8, 191565.382, 1532523.056),
(134887, 9678, 'vitae', 10, 258506622.843, 2585066228.43),
(134888, 9678, 'unde', 10, 868.317, 8683.17),
(134889, 9678, 'aspernatur', 8, 3.208, 25.664),
(134890, 9679, 'sit', 10, 65966.534, 659665.34),
(134891, 9679, 'occaecati', 8, 5139.463, 41115.704),
(134892, 9679, 'deserunt', 1, 14.08, 14.08),
(134893, 9679, 'veniam', 6, 223.15, 1338.9),
(134894, 9679, 'reprehenderit', 10, 515.634, 5156.34),
(134895, 9679, 'et', 5, 38466802.631, 192334013.155),
(134896, 9679, 'officiis', 8, 27848764.7, 222790117.6),
(134897, 9679, 'et', 5, 822280.174, 4111400.87),
(134898, 9679, 'laudantium', 6, 726.1, 4356.6),
(134899, 9679, 'velit', 4, 5.209, 20.836),
(134900, 9679, 'in', 7, 13.49, 94.43),
(134901, 9679, 'deleniti', 6, 2963.971, 17783.826),
(134902, 9679, 'sed', 2, 102.641, 205.282),
(134903, 9679, 'nesciunt', 7, 4428.427, 30998.989),
(134904, 9679, 'repellendus', 8, 593, 4744),
(134905, 9679, 'perspiciatis', 9, 2.699, 24.291),
(134906, 9680, 'dolorem', 4, 572739904.954, 2290959619.816),
(134907, 9680, 'eum', 8, 14468153.15, 115745225.2),
(134908, 9680, 'voluptas', 2, 153.721, 307.442),
(134909, 9680, 'et', 9, 840.133, 7561.197),
(134910, 9680, 'doloribus', 9, 52721782.985, 474496046.865),
(134911, 9680, 'aspernatur', 7, 51462690.92, 360238836.44),
(134912, 9680, 'voluptas', 9, 4061.77, 36555.93),
(134913, 9680, 'excepturi', 9, 49.215, 442.935),
(134914, 9680, 'soluta', 8, 7.853, 62.824),
(134915, 9680, 'accusantium', 8, 55.9, 447.2),
(134916, 9680, 'laborum', 6, 32043370, 192260220),
(134917, 9680, 'nostrum', 7, 9.107, 63.749),
(134918, 9680, 'dolorem', 9, 0.41, 3.69),
(134919, 9680, 'aut', 7, 1.765, 12.355),
(134920, 9681, 'et', 9, 6718.872, 60469.848),
(134921, 9681, 'nesciunt', 2, 127.6, 255.2),
(134922, 9681, 'pariatur', 9, 5245.957, 47213.613),
(134923, 9681, 'ut', 8, 38554.087, 308432.696),
(134924, 9681, 'voluptate', 6, 79.265, 475.59),
(134925, 9681, 'in', 6, 36222.037, 217332.222),
(134926, 9681, 'sapiente', 7, 77826.796, 544787.572),
(134927, 9681, 'iure', 3, 91.448, 274.344),
(134928, 9681, 'eum', 5, 113687210.52, 568436052.6),
(134929, 9681, 'velit', 2, 394.919, 789.838),
(134930, 9681, 'numquam', 9, 26726372.4, 240537351.6),
(134931, 9681, 'error', 5, 23017504.002, 115087520.01),
(134932, 9681, 'unde', 10, 0, 0),
(134933, 9681, 'et', 10, 32300, 323000),
(134934, 9681, 'facilis', 3, 6402.5, 19207.5),
(134935, 9681, 'consectetur', 5, 20140.31, 100701.55),
(134936, 9681, 'quia', 7, 184.002, 1288.014),
(134937, 9681, 'nostrum', 10, 5221.9, 52219),
(134938, 9682, 'facilis', 4, 0, 0),
(134939, 9682, 'quo', 7, 2.358, 16.506),
(134940, 9682, 'cupiditate', 8, 84137107.069, 673096856.552),
(134941, 9682, 'aut', 5, 279, 1395),
(134942, 9682, 'iusto', 10, 3235439.326, 32354393.26),
(134943, 9682, 'quaerat', 1, 40942.131, 40942.131),
(134944, 9682, 'occaecati', 2, 3.198, 6.396),
(134945, 9682, 'tempore', 3, 9183.9, 27551.7),
(134946, 9682, 'fuga', 5, 1292.552, 6462.76),
(134947, 9682, 'expedita', 2, 92906.64, 185813.28),
(134948, 9682, 'et', 7, 12859986.198, 90019903.386),
(134949, 9682, 'exercitationem', 7, 34688.354, 242818.478),
(134950, 9682, 'sunt', 9, 2140.36, 19263.24),
(134951, 9682, 'facilis', 8, 290.141, 2321.128),
(134952, 9682, 'asperiores', 3, 68553528.099, 205660584.297),
(134953, 9683, 'consequatur', 5, 30100.355, 150501.775),
(134954, 9683, 'dolorum', 5, 5137163.8, 25685819),
(134955, 9683, 'deleniti', 4, 52960126, 211840504),
(134956, 9683, 'repudiandae', 7, 16.028, 112.196),
(134957, 9683, 'molestiae', 5, 726949687.6, 3634748438),
(134958, 9683, 'distinctio', 5, 39522998.792, 197614993.96),
(134959, 9683, 'aut', 3, 858, 2574),
(134960, 9683, 'et', 4, 2, 8),
(134961, 9683, 'earum', 8, 2191205.722, 17529645.776),
(134962, 9683, 'maiores', 9, 14799015.038, 133191135.342),
(134963, 9683, 'quae', 5, 5.8, 29),
(134964, 9683, 'ut', 8, 567410, 4539280),
(134965, 9683, 'quas', 3, 55.8, 167.4),
(134966, 9683, 'non', 10, 492.548, 4925.48),
(134967, 9683, 'fuga', 6, 44.744, 268.464),
(134968, 9683, 'non', 9, 0.645, 5.805),
(134969, 9683, 'maxime', 8, 4, 32),
(134970, 9683, 'ut', 2, 259664.974, 519329.948),
(134971, 9683, 'tempora', 1, 447.65, 447.65),
(134972, 9683, 'ducimus', 7, 31099, 217693),
(134973, 9684, 'provident', 8, 6496081, 51968648),
(134974, 9684, 'velit', 2, 2418.3, 4836.6),
(134975, 9684, 'dolore', 8, 0, 0),
(134976, 9684, 'vero', 10, 68.015, 680.15),
(134977, 9684, 'expedita', 9, 1449, 13041),
(134978, 9684, 'non', 10, 643767.41, 6437674.1),
(134979, 9684, 'est', 5, 29012, 145060),
(134980, 9684, 'ipsa', 3, 73048683.225, 219146049.675),
(134981, 9684, 'quia', 2, 288542655.4, 577085310.8),
(134982, 9684, 'omnis', 8, 48284.432, 386275.456),
(134983, 9684, 'ab', 4, 29710.568, 118842.272),
(134984, 9684, 'beatae', 8, 6728.982, 53831.856),
(134985, 9684, 'numquam', 2, 165.127, 330.254),
(134986, 9684, 'quis', 9, 54180369, 487623321),
(134987, 9684, 'et', 8, 53657274.915, 429258199.32),
(134988, 9685, 'cumque', 2, 16951.259, 33902.518),
(134989, 9685, 'illum', 6, 14.4, 86.4),
(134990, 9685, 'et', 10, 1.601, 16.01),
(134991, 9685, 'veritatis', 10, 528135.339, 5281353.39),
(134992, 9685, 'voluptas', 5, 268270705, 1341353525),
(134993, 9685, 'et', 8, 1565.531, 12524.248),
(134994, 9685, 'quibusdam', 10, 40540.571, 405405.71),
(134995, 9685, 'iste', 8, 7334435.56, 58675484.48),
(134996, 9685, 'velit', 10, 111828655.63, 1118286556.3),
(134997, 9685, 'non', 1, 1, 1),
(134998, 9685, 'ratione', 2, 2.139, 4.278),
(134999, 9685, 'quibusdam', 5, 833.768, 4168.84),
(135000, 9685, 'velit', 10, 43144292.62, 431442926.2),
(135001, 9686, 'harum', 3, 1381.781, 4145.343),
(135002, 9686, 'doloribus', 6, 79472.565, 476835.39),
(135003, 9686, 'ab', 3, 328048.764, 984146.292),
(135004, 9686, 'iste', 4, 183.325, 733.3),
(135005, 9686, 'repudiandae', 9, 2430403.3, 21873629.7),
(135006, 9686, 'veritatis', 7, 1143.04, 8001.28),
(135007, 9686, 'quidem', 4, 88206.27, 352825.08),
(135008, 9686, 'molestiae', 8, 29.528, 236.224),
(135009, 9686, 'dolores', 4, 266484.776, 1065939.104),
(135010, 9686, 'aliquam', 8, 389466874.17, 3115734993.36),
(135011, 9686, 'quia', 3, 1178000.856, 3534002.568),
(135012, 9686, 'inventore', 8, 84696.445, 677571.56),
(135013, 9686, 'ea', 10, 44.262, 442.62),
(135014, 9687, 'aut', 6, 1787070.624, 10722423.744),
(135015, 9687, 'error', 4, 1.6, 6.4),
(135016, 9687, 'ut', 5, 3168.556, 15842.78),
(135017, 9687, 'atque', 10, 767150692.443, 7671506924.43),
(135018, 9687, 'est', 2, 1.413, 2.826),
(135019, 9687, 'tempora', 3, 1420.412, 4261.236),
(135020, 9687, 'ipsa', 6, 57, 342),
(135021, 9687, 'dolorem', 2, 557.096, 1114.192),
(135022, 9687, 'eum', 4, 2038273.532, 8153094.128),
(135023, 9687, 'accusantium', 4, 538.453, 2153.812),
(135024, 9687, 'velit', 8, 469.865, 3758.92),
(135025, 9687, 'eius', 9, 28133664.935, 253202984.415),
(135026, 9687, 'aspernatur', 2, 47214486, 94428972),
(135027, 9687, 'quos', 7, 1, 7),
(135028, 9687, 'eum', 9, 32396.4, 291567.6),
(135029, 9687, 'minus', 9, 2940748.81, 26466739.29),
(135030, 9688, 'numquam', 10, 116.479, 1164.79),
(135031, 9688, 'est', 2, 34051.894, 68103.788),
(135032, 9688, 'dolorem', 6, 6895378.238, 41372269.428),
(135033, 9688, 'dolor', 4, 1.234, 4.936),
(135034, 9688, 'eum', 4, 16.987, 67.948),
(135035, 9688, 'autem', 7, 15.904, 111.328),
(135036, 9688, 'quod', 8, 56728965.871, 453831726.968),
(135037, 9688, 'quis', 1, 22.5, 22.5),
(135038, 9688, 'eveniet', 6, 36408.92, 218453.52),
(135039, 9688, 'iste', 10, 8139.91, 81399.1),
(135040, 9688, 'aut', 5, 104.644, 523.22),
(135041, 9688, 'voluptatem', 9, 36737201.906, 330634817.154),
(135042, 9688, 'natus', 5, 977376, 4886880),
(135043, 9688, 'nihil', 5, 291665.06, 1458325.3),
(135044, 9689, 'asperiores', 6, 14576458.787, 87458752.722),
(135045, 9689, 'ullam', 4, 47.699, 190.796),
(135046, 9689, 'consequatur', 6, 270600186.238, 1623601117.428),
(135047, 9689, 'nemo', 6, 13064044.784, 78384268.704),
(135048, 9689, 'quae', 3, 9, 27),
(135049, 9689, 'vitae', 7, 4201.1, 29407.7),
(135050, 9689, 'et', 8, 20.19, 161.52),
(135051, 9689, 'rerum', 6, 37237286.6, 223423719.6),
(135052, 9689, 'excepturi', 10, 1.189, 11.89),
(135053, 9689, 'et', 6, 15.462, 92.772),
(135054, 9689, 'modi', 4, 24391.5, 97566),
(135055, 9689, 'laboriosam', 3, 89862031.78, 269586095.34),
(135056, 9689, 'sapiente', 6, 2.338, 14.028),
(135057, 9689, 'quia', 9, 1146.8, 10321.2),
(135058, 9690, 'praesentium', 3, 2091.718, 6275.154),
(135059, 9690, 'dolorem', 8, 74801921.47, 598415371.76),
(135060, 9690, 'eligendi', 10, 114664.518, 1146645.18),
(135061, 9690, 'facere', 10, 4240.75, 42407.5),
(135062, 9690, 'tempore', 10, 54.006, 540.06),
(135063, 9690, 'velit', 5, 4632.713, 23163.565),
(135064, 9690, 'et', 1, 556879564.158, 556879564.158),
(135065, 9690, 'iste', 8, 31.623, 252.984),
(135066, 9690, 'consectetur', 5, 288.4, 1442),
(135067, 9690, 'quaerat', 3, 8801.852, 26405.556),
(135068, 9690, 'quod', 10, 309744704.566, 3097447045.66),
(135069, 9690, 'sit', 6, 19.217, 115.302),
(135070, 9690, 'asperiores', 4, 4024071.091, 16096284.364),
(135071, 9690, 'facere', 4, 0.23, 0.92),
(135072, 9690, 'necessitatibus', 8, 9455864.262, 75646914.096),
(135073, 9690, 'nihil', 8, 7822.441, 62579.528),
(135074, 9691, 'ad', 8, 0.85, 6.8),
(135075, 9691, 'numquam', 7, 2208.465, 15459.255),
(135076, 9691, 'culpa', 7, 1.9, 13.3),
(135077, 9691, 'et', 2, 31018.87, 62037.74),
(135078, 9691, 'aliquam', 7, 19250838.117, 134755866.819),
(135079, 9691, 'molestiae', 5, 24, 120),
(135080, 9691, 'natus', 10, 3.999, 39.99),
(135081, 9691, 'consequatur', 7, 97.472, 682.304),
(135082, 9691, 'voluptatem', 3, 3298756.036, 9896268.108),
(135083, 9691, 'eum', 9, 605609.2, 5450482.8),
(135084, 9691, 'amet', 7, 7455650.32, 52189552.24),
(135085, 9691, 'voluptatem', 3, 0, 0),
(135086, 9691, 'aut', 6, 14.412, 86.472),
(135087, 9692, 'dolores', 1, 313777323.836, 313777323.836),
(135088, 9692, 'quas', 7, 1620.063, 11340.441),
(135089, 9692, 'repudiandae', 6, 21145.569, 126873.414),
(135090, 9692, 'rerum', 5, 2.979, 14.895),
(135091, 9692, 'vero', 9, 628381428.147, 5655432853.323),
(135092, 9692, 'sunt', 3, 962.715, 2888.145),
(135093, 9692, 'nam', 5, 6926539.392, 34632696.96),
(135094, 9692, 'error', 2, 997059.12, 1994118.24),
(135095, 9692, 'quam', 1, 565.363, 565.363),
(135096, 9692, 'non', 10, 13283.9, 132839),
(135097, 9692, 'sunt', 10, 5675.564, 56755.64),
(135098, 9692, 'reprehenderit', 2, 32489.8, 64979.6),
(135099, 9693, 'et', 10, 0.689, 6.89),
(135100, 9693, 'dolores', 7, 6403.921, 44827.447),
(135101, 9693, 'et', 7, 63875.5, 447128.5),
(135102, 9693, 'harum', 10, 14870.751, 148707.51),
(135103, 9693, 'voluptas', 10, 57633, 576330),
(135104, 9693, 'pariatur', 10, 436131, 4361310),
(135105, 9693, 'enim', 3, 4964601.191, 14893803.573),
(135106, 9693, 'natus', 7, 27015168.1, 189106176.7),
(135107, 9693, 'tempora', 10, 8705470.955, 87054709.55),
(135108, 9693, 'at', 6, 14798169.437, 88789016.622),
(135109, 9693, 'id', 2, 500194978.005, 1000389956.01),
(135110, 9693, 'sint', 10, 4652.632, 46526.32),
(135111, 9693, 'aut', 10, 0, 0),
(135112, 9693, 'maiores', 7, 72093.033, 504651.231),
(135113, 9693, 'praesentium', 10, 1.5, 15),
(135114, 9693, 'magni', 4, 1.615, 6.46),
(135115, 9694, 'dolores', 6, 175347540.95, 1052085245.7),
(135116, 9694, 'voluptatibus', 7, 60124215.89, 420869511.23),
(135117, 9694, 'voluptate', 8, 4, 32),
(135118, 9694, 'mollitia', 8, 8406.898, 67255.184),
(135119, 9694, 'incidunt', 7, 1.056, 7.392),
(135120, 9694, 'ea', 5, 446397.201, 2231986.005),
(135121, 9694, 'voluptas', 5, 93053522.271, 465267611.355),
(135122, 9694, 'et', 4, 118810933.2, 475243732.8),
(135123, 9694, 'dolores', 8, 296091109.02, 2368728872.16),
(135124, 9694, 'culpa', 6, 166363.62, 998181.72),
(135125, 9694, 'necessitatibus', 9, 1786.7, 16080.3),
(135126, 9694, 'vel', 5, 8.421, 42.105),
(135127, 9694, 'ullam', 5, 7899.188, 39495.94),
(135128, 9694, 'nihil', 3, 288.8, 866.4),
(135129, 9694, 'error', 4, 0, 0),
(135130, 9695, 'fugit', 8, 1618.955, 12951.64),
(135131, 9695, 'laudantium', 9, 32.8, 295.2),
(135132, 9695, 'omnis', 7, 1961642.868, 13731500.076),
(135133, 9695, 'distinctio', 3, 346138.873, 1038416.619),
(135134, 9695, 'ipsum', 4, 280955.726, 1123822.904),
(135135, 9695, 'voluptatem', 10, 2.968, 29.68),
(135136, 9695, 'iure', 9, 1.456, 13.104),
(135137, 9695, 'vel', 7, 0.648, 4.536),
(135138, 9695, 'aut', 8, 7224.934, 57799.472),
(135139, 9695, 'non', 6, 1.098, 6.588),
(135140, 9695, 'sed', 6, 3.73, 22.38),
(135141, 9695, 'numquam', 6, 3.4, 20.4),
(135142, 9695, 'veritatis', 8, 1.36, 10.88),
(135143, 9695, 'dolorum', 2, 1536.9, 3073.8),
(135144, 9695, 'voluptas', 8, 3205737.821, 25645902.568),
(135145, 9695, 'possimus', 5, 375202.361, 1876011.805),
(135146, 9696, 'fuga', 6, 59815006.097, 358890036.582),
(135147, 9696, 'eveniet', 4, 78095.772, 312383.088),
(135148, 9696, 'rem', 2, 6.515, 13.03),
(135149, 9696, 'quas', 6, 74746693.574, 448480161.444),
(135150, 9696, 'tenetur', 5, 4.29, 21.45),
(135151, 9696, 'earum', 6, 677868.601, 4067211.606),
(135152, 9696, 'rerum', 9, 359.851, 3238.659),
(135153, 9696, 'recusandae', 10, 2.094, 20.94),
(135154, 9696, 'quis', 1, 1622.1, 1622.1),
(135155, 9696, 'aut', 9, 17605061.954, 158445557.586),
(135156, 9696, 'eligendi', 4, 0.35, 1.4),
(135157, 9696, 'dicta', 6, 36255.448, 217532.688),
(135158, 9696, 'et', 5, 10986.162, 54930.81),
(135159, 9696, 'aut', 4, 439.7, 1758.8),
(135160, 9696, 'mollitia', 10, 0, 0),
(135161, 9697, 'et', 8, 128414546.88, 1027316375.04),
(135162, 9697, 'vitae', 2, 9026168.06, 18052336.12),
(135163, 9697, 'illum', 10, 1295965, 12959650),
(135164, 9697, 'animi', 4, 256663112.689, 1026652450.756),
(135165, 9697, 'perspiciatis', 8, 529.218, 4233.744),
(135166, 9697, 'ut', 10, 54139303.52, 541393035.2),
(135167, 9697, 'asperiores', 6, 18916.843, 113501.058),
(135168, 9697, 'enim', 9, 1.93, 17.37),
(135169, 9697, 'non', 2, 324970967, 649941934),
(135170, 9697, 'facilis', 10, 32676.265, 326762.65),
(135171, 9697, 'asperiores', 6, 9.335, 56.01),
(135172, 9697, 'sunt', 9, 12517468.123, 112657213.107),
(135173, 9697, 'adipisci', 9, 5.26, 47.34),
(135174, 9697, 'sit', 9, 2.623, 23.607),
(135175, 9697, 'esse', 5, 334985.938, 1674929.69),
(135176, 9698, 'dignissimos', 7, 26010832, 182075824),
(135177, 9698, 'quo', 6, 55.192, 331.152),
(135178, 9698, 'ut', 8, 2118626.607, 16949012.856),
(135179, 9698, 'non', 7, 4.022, 28.154),
(135180, 9698, 'fugiat', 2, 344212807.551, 688425615.102),
(135181, 9698, 'autem', 9, 4481465.068, 40333185.612),
(135182, 9698, 'quia', 4, 1288.141, 5152.564),
(135183, 9698, 'iure', 7, 553703.65, 3875925.55),
(135184, 9698, 'est', 9, 4924, 44316),
(135185, 9698, 'pariatur', 9, 2147, 19323),
(135186, 9698, 'dolores', 7, 523.1, 3661.7),
(135187, 9698, 'qui', 10, 4872.991, 48729.91),
(135188, 9698, 'rerum', 8, 36805871.346, 294446970.768),
(135189, 9698, 'voluptatem', 7, 775663.88, 5429647.16),
(135190, 9698, 'id', 10, 0.187, 1.87),
(135191, 9698, 'accusamus', 8, 113.51, 908.08),
(135192, 9699, 'hic', 9, 1400.188, 12601.692),
(135193, 9699, 'sed', 6, 1.915, 11.49),
(135194, 9699, 'quasi', 7, 16358.044, 114506.308),
(135195, 9699, 'consectetur', 8, 4742.9, 37943.2),
(135196, 9699, 'officiis', 5, 269.54, 1347.7),
(135197, 9699, 'et', 4, 16.916, 67.664),
(135198, 9699, 'architecto', 10, 1778.533, 17785.33),
(135199, 9699, 'sapiente', 6, 838.1, 5028.6),
(135200, 9699, 'nulla', 3, 537336576.1, 1612009728.3),
(135201, 9699, 'nemo', 7, 40322.42, 282256.94),
(135202, 9699, 'molestiae', 10, 1666073.389, 16660733.89),
(135203, 9699, 'natus', 5, 4.39, 21.95),
(135204, 9699, 'ut', 4, 260808.801, 1043235.204),
(135205, 9699, 'animi', 8, 163.54, 1308.32),
(135206, 9700, 'eveniet', 6, 471314555.071, 2827887330.426),
(135207, 9700, 'assumenda', 8, 429700940.1, 3437607520.8),
(135208, 9700, 'est', 3, 573.845, 1721.535),
(135209, 9700, 'in', 1, 2, 2),
(135210, 9700, 'ut', 10, 2.541, 25.41),
(135211, 9700, 'quis', 6, 421.422, 2528.532),
(135212, 9700, 'ex', 5, 3.366, 16.83),
(135213, 9700, 'consequatur', 4, 1318294.133, 5273176.532),
(135214, 9700, 'reiciendis', 8, 2111, 16888),
(135215, 9700, 'est', 2, 580151831.465, 1160303662.93),
(135216, 9700, 'aperiam', 3, 1515, 4545),
(135217, 9700, 'corporis', 8, 32260.692, 258085.536),
(135218, 9700, 'corporis', 3, 5.935, 17.805),
(135219, 9700, 'ut', 1, 35270.477, 35270.477),
(135220, 9701, 'maiores', 7, 74.386, 520.702),
(135221, 9701, 'quia', 7, 402908.368, 2820358.576),
(135222, 9701, 'ut', 10, 3229934.112, 32299341.12),
(135223, 9701, 'voluptates', 8, 42.47, 339.76),
(135224, 9701, 'a', 10, 1060.16, 10601.6),
(135225, 9701, 'maiores', 6, 45960.243, 275761.458),
(135226, 9701, 'nesciunt', 2, 20051.727, 40103.454),
(135227, 9701, 'ullam', 7, 14.028, 98.196),
(135228, 9701, 'delectus', 4, 3704.639, 14818.556),
(135229, 9701, 'et', 6, 37125.186, 222751.116),
(135230, 9701, 'laudantium', 5, 31.617, 158.085),
(135231, 9701, 'vero', 2, 70487.95, 140975.9),
(135232, 9701, 'corrupti', 7, 482245.149, 3375716.043),
(135233, 9701, 'dolorum', 5, 450, 2250),
(135234, 9701, 'repudiandae', 7, 9838273.447, 68867914.129),
(135235, 9701, 'excepturi', 1, 3085456, 3085456),
(135236, 9701, 'libero', 6, 32562137, 195372822),
(135237, 9702, 'eius', 2, 250514.357, 501028.714),
(135238, 9702, 'mollitia', 10, 7.694, 76.94),
(135239, 9702, 'architecto', 3, 27069.546, 81208.638),
(135240, 9702, 'aut', 9, 532187.767, 4789689.903),
(135241, 9702, 'aut', 8, 199899.211, 1599193.688),
(135242, 9702, 'consequatur', 10, 534712, 5347120),
(135243, 9702, 'dolorum', 8, 23.119, 184.952),
(135244, 9702, 'sunt', 9, 15422854.6, 138805691.4),
(135245, 9702, 'quaerat', 8, 125845.61, 1006764.88),
(135246, 9702, 'in', 2, 0, 0),
(135247, 9702, 'fuga', 7, 609549844.08, 4266848908.56),
(135248, 9702, 'nisi', 5, 15.976, 79.88),
(135249, 9702, 'dolor', 8, 30, 240),
(135250, 9702, 'quidem', 7, 18.755, 131.285),
(135251, 9702, 'ut', 8, 9412.567, 75300.536),
(135252, 9702, 'ut', 8, 0.9, 7.2),
(135253, 9703, 'ex', 8, 338.742, 2709.936),
(135254, 9703, 'excepturi', 7, 731.682, 5121.774),
(135255, 9703, 'labore', 4, 109517826.504, 438071306.016),
(135256, 9703, 'harum', 7, 4422.1, 30954.7),
(135257, 9703, 'ut', 8, 10565.52, 84524.16),
(135258, 9703, 'voluptatem', 6, 3016, 18096),
(135259, 9703, 'quisquam', 2, 147794.135, 295588.27),
(135260, 9703, 'eum', 9, 1977.126, 17794.134),
(135261, 9703, 'aut', 2, 3, 6),
(135262, 9703, 'molestiae', 9, 1.697, 15.273),
(135263, 9703, 'vel', 9, 5.633, 50.697),
(135264, 9703, 'alias', 6, 3668083.346, 22008500.076),
(135265, 9703, 'ullam', 10, 1.8, 18),
(135266, 9704, 'provident', 2, 18575793.054, 37151586.108),
(135267, 9704, 'et', 9, 315144.245, 2836298.205),
(135268, 9704, 'laborum', 5, 196680.893, 983404.465),
(135269, 9704, 'eius', 9, 98606352.923, 887457176.307),
(135270, 9704, 'eos', 6, 4.693, 28.158),
(135271, 9704, 'distinctio', 7, 71644226.76, 501509587.32),
(135272, 9704, 'quo', 5, 12725693, 63628465),
(135273, 9704, 'dolore', 6, 3493.456, 20960.736),
(135274, 9704, 'distinctio', 5, 11960924.579, 59804622.895),
(135275, 9704, 'adipisci', 3, 188163428.828, 564490286.484),
(135276, 9704, 'porro', 8, 1.72, 13.76),
(135277, 9704, 'dolorem', 10, 32355689.546, 323556895.46),
(135278, 9704, 'eum', 3, 173881.289, 521643.867),
(135279, 9704, 'dolorem', 2, 504688.999, 1009377.998),
(135280, 9704, 'rerum', 6, 15929035.418, 95574212.508),
(135281, 9704, 'consectetur', 1, 483152204.2, 483152204.2),
(135282, 9705, 'qui', 7, 0, 0),
(135283, 9705, 'voluptates', 9, 25.221, 226.989),
(135284, 9705, 'libero', 6, 56809285.799, 340855714.794),
(135285, 9705, 'at', 7, 426848525.624, 2987939679.368),
(135286, 9705, 'reiciendis', 1, 728, 728),
(135287, 9705, 'praesentium', 9, 73.699, 663.291),
(135288, 9705, 'aut', 7, 387.839, 2714.873),
(135289, 9705, 'animi', 10, 1.636, 16.36),
(135290, 9705, 'voluptatem', 2, 1310.809, 2621.618),
(135291, 9705, 'consequuntur', 1, 776758533.108, 776758533.108),
(135292, 9705, 'accusamus', 3, 5412.05, 16236.15),
(135293, 9705, 'voluptas', 6, 814.082, 4884.492),
(135294, 9705, 'sint', 7, 3.607, 25.249),
(135295, 9705, 'error', 9, 220507.1, 1984563.9),
(135296, 9705, 'nihil', 9, 1695872.3, 15262850.7),
(135297, 9706, 'vel', 8, 351365990.58, 2810927924.64),
(135298, 9706, 'saepe', 9, 288.2, 2593.8),
(135299, 9706, 'non', 8, 6534.32, 52274.56),
(135300, 9706, 'omnis', 5, 867076114.158, 4335380570.79),
(135301, 9706, 'in', 5, 13342936.513, 66714682.565),
(135302, 9706, 'et', 2, 85139991.525, 170279983.05),
(135303, 9706, 'distinctio', 4, 5884175, 23536700),
(135304, 9706, 'et', 5, 32344244.125, 161721220.625),
(135305, 9706, 'illo', 7, 509, 3563),
(135306, 9706, 'consectetur', 10, 372.34, 3723.4),
(135307, 9706, 'dolorem', 4, 459252.606, 1837010.424),
(135308, 9706, 'nihil', 8, 50029, 400232),
(135309, 9706, 'autem', 6, 35939713.644, 215638281.864),
(135310, 9706, 'perspiciatis', 8, 33015080.367, 264120642.936),
(135311, 9707, 'quidem', 9, 230.151, 2071.359),
(135312, 9707, 'maiores', 10, 205.769, 2057.69),
(135313, 9707, 'voluptas', 10, 188612.907, 1886129.07),
(135314, 9707, 'reprehenderit', 1, 2487.92, 2487.92),
(135315, 9707, 'ut', 5, 85581192.469, 427905962.345),
(135316, 9707, 'rerum', 6, 2475195.444, 14851172.664),
(135317, 9707, 'aperiam', 4, 0, 0),
(135318, 9707, 'illo', 8, 5, 40),
(135319, 9707, 'adipisci', 9, 206.303, 1856.727),
(135320, 9707, 'hic', 5, 27064217.957, 135321089.785),
(135321, 9707, 'sit', 7, 223518150.256, 1564627051.792),
(135322, 9707, 'perferendis', 8, 25625716, 205005728),
(135323, 9707, 'qui', 5, 1.362, 6.81),
(135324, 9707, 'consequuntur', 5, 15411.309, 77056.545),
(135325, 9707, 'enim', 7, 6634240.523, 46439683.661),
(135326, 9707, 'illo', 7, 2062.239, 14435.673),
(135327, 9707, 'sint', 8, 123714950.9, 989719607.2),
(135328, 9708, 'qui', 8, 4.52, 36.16),
(135329, 9708, 'corrupti', 9, 166290.71, 1496616.39),
(135330, 9708, 'rerum', 9, 98369254.325, 885323288.925),
(135331, 9708, 'accusamus', 5, 92.439, 462.195),
(135332, 9708, 'perferendis', 6, 170904.073, 1025424.438),
(135333, 9708, 'ipsam', 9, 10, 90),
(135334, 9708, 'velit', 1, 1444.4, 1444.4),
(135335, 9708, 'ea', 6, 43530542.039, 261183252.234),
(135336, 9708, 'omnis', 8, 17490061.87, 139920494.96),
(135337, 9708, 'praesentium', 9, 246.956, 2222.604),
(135338, 9708, 'nemo', 10, 4690.26, 46902.6),
(135339, 9708, 'id', 9, 17.583, 158.247),
(135340, 9708, 'quas', 10, 504.112, 5041.12),
(135341, 9709, 'sunt', 4, 640007, 2560028),
(135342, 9709, 'ea', 8, 8267027.55, 66136220.4),
(135343, 9709, 'omnis', 8, 1.645, 13.16),
(135344, 9709, 'qui', 8, 49506722.211, 396053777.688),
(135345, 9709, 'nisi', 5, 1834528.47, 9172642.35),
(135346, 9709, 'occaecati', 4, 1059.753, 4239.012),
(135347, 9709, 'voluptatem', 6, 97551.029, 585306.174),
(135348, 9709, 'et', 5, 2.634, 13.17),
(135349, 9709, 'id', 9, 8656880.64, 77911925.76),
(135350, 9709, 'qui', 3, 961.1, 2883.3),
(135351, 9709, 'aliquam', 10, 683.86, 6838.6),
(135352, 9709, 'et', 9, 414723, 3732507),
(135353, 9709, 'quia', 10, 27.769, 277.69),
(135354, 9709, 'dolorem', 7, 63220.4, 442542.8),
(135355, 9710, 'fuga', 7, 2426.397, 16984.779),
(135356, 9710, 'fugit', 10, 2.597, 25.97),
(135357, 9710, 'praesentium', 9, 33, 297),
(135358, 9710, 'earum', 7, 102680.855, 718765.985),
(135359, 9710, 'ipsa', 5, 18.189, 90.945),
(135360, 9710, 'fuga', 8, 190312159.675, 1522497277.4),
(135361, 9710, 'temporibus', 10, 8948.391, 89483.91),
(135362, 9710, 'impedit', 9, 15.103, 135.927),
(135363, 9710, 'exercitationem', 7, 43.949, 307.643),
(135364, 9710, 'numquam', 2, 85878706.354, 171757412.708),
(135365, 9710, 'et', 7, 103586.459, 725105.213),
(135366, 9710, 'ut', 7, 222441035.94, 1557087251.58),
(135367, 9711, 'voluptas', 9, 7219642.423, 64976781.807),
(135368, 9711, 'vitae', 7, 8785.882, 61501.174),
(135369, 9711, 'sint', 3, 195513.71, 586541.13),
(135370, 9711, 'architecto', 7, 33036063, 231252441),
(135371, 9711, 'eos', 9, 11746047.35, 105714426.15),
(135372, 9711, 'aperiam', 10, 57755.589, 577555.89),
(135373, 9711, 'quis', 7, 1986.291, 13904.037),
(135374, 9711, 'consequatur', 5, 4220.176, 21100.88),
(135375, 9711, 'natus', 2, 1738666.727, 3477333.454),
(135376, 9711, 'sed', 3, 370925899.3, 1112777697.9),
(135377, 9711, 'aliquam', 9, 82994619.024, 746951571.216),
(135378, 9711, 'consectetur', 9, 1, 9),
(135379, 9711, 'qui', 10, 150476951.1, 1504769511),
(135380, 9711, 'ad', 5, 32838.571, 164192.855),
(135381, 9711, 'quia', 9, 47.2, 424.8),
(135382, 9711, 'tempora', 8, 4259414, 34075312),
(135383, 9711, 'soluta', 9, 1.585, 14.265),
(135384, 9711, 'beatae', 6, 3055646.466, 18333878.796),
(135385, 9711, 'consectetur', 3, 1.2, 3.6),
(135386, 9711, 'corrupti', 9, 18743405.217, 168690646.953),
(135387, 9711, 'at', 7, 6185102.7, 43295718.9),
(135388, 9712, 'omnis', 8, 76266.884, 610135.072),
(135389, 9712, 'deserunt', 9, 21871.823, 196846.407),
(135390, 9712, 'maxime', 5, 139575.875, 697879.375),
(135391, 9712, 'laborum', 2, 550039221, 1100078442),
(135392, 9712, 'deleniti', 9, 81216.252, 730946.268),
(135393, 9712, 'animi', 6, 201877.386, 1211264.316),
(135394, 9712, 'aut', 5, 195770401.8, 978852009),
(135395, 9712, 'voluptas', 7, 20333.516, 142334.612),
(135396, 9712, 'ut', 7, 52844.076, 369908.532),
(135397, 9712, 'ipsum', 10, 18.552, 185.52),
(135398, 9712, 'qui', 5, 12734064, 63670320),
(135399, 9712, 'quis', 7, 88254335, 617780345),
(135400, 9712, 'eaque', 1, 1.4, 1.4),
(135401, 9712, 'atque', 10, 340.036, 3400.36),
(135402, 9712, 'excepturi', 2, 700604.751, 1401209.502),
(135403, 9712, 'corporis', 5, 100.949, 504.745),
(135404, 9712, 'ut', 9, 5516744.937, 49650704.433),
(135405, 9712, 'praesentium', 4, 0.877, 3.508),
(135406, 9713, 'perspiciatis', 6, 13034.191, 78205.146),
(135407, 9713, 'dolores', 7, 1664803.56, 11653624.92),
(135408, 9713, 'est', 4, 7.84, 31.36),
(135409, 9713, 'ut', 9, 1886.082, 16974.738),
(135410, 9713, 'reiciendis', 7, 171406925.925, 1199848481.475),
(135411, 9713, 'soluta', 7, 0, 0),
(135412, 9713, 'consectetur', 1, 343, 343),
(135413, 9713, 'aut', 6, 19.167, 115.002),
(135414, 9713, 'in', 9, 1, 9),
(135415, 9713, 'quia', 10, 40.76, 407.6),
(135416, 9713, 'sit', 4, 16182.612, 64730.448),
(135417, 9713, 'dignissimos', 10, 131200.006, 1312000.06),
(135418, 9713, 'possimus', 10, 33522472.3, 335224723),
(135419, 9713, 'consequuntur', 8, 29259.551, 234076.408),
(135420, 9713, 'fugit', 3, 1265.885, 3797.655),
(135421, 9714, 'rem', 9, 42170333.358, 379533000.222),
(135422, 9714, 'et', 10, 3769037.434, 37690374.34),
(135423, 9714, 'et', 3, 3, 9),
(135424, 9714, 'praesentium', 2, 7513178.413, 15026356.826),
(135425, 9714, 'cumque', 4, 10, 40),
(135426, 9714, 'reiciendis', 6, 27075898.523, 162455391.138),
(135427, 9714, 'laborum', 2, 115.154, 230.308),
(135428, 9714, 'iusto', 8, 86969, 695752),
(135429, 9714, 'est', 6, 183217631, 1099305786),
(135430, 9714, 'maxime', 5, 98322685.718, 491613428.59),
(135431, 9714, 'ea', 10, 164187190.91, 1641871909.1),
(135432, 9714, 'accusantium', 1, 9431820.01, 9431820.01),
(135433, 9714, 'itaque', 6, 72.341, 434.046),
(135434, 9714, 'aut', 5, 266.783, 1333.915),
(135435, 9714, 'iusto', 2, 69.943, 139.886),
(135436, 9714, 'blanditiis', 7, 24899.819, 174298.733),
(135437, 9715, 'numquam', 8, 0.661, 5.288),
(135438, 9715, 'quasi', 10, 3.642, 36.42),
(135439, 9715, 'incidunt', 9, 468.505, 4216.545),
(135440, 9715, 'ea', 10, 48068796.78, 480687967.8),
(135441, 9715, 'tempora', 4, 38862670.14, 155450680.56),
(135442, 9715, 'praesentium', 3, 345589.272, 1036767.816),
(135443, 9715, 'qui', 5, 32521.429, 162607.145),
(135444, 9715, 'aspernatur', 7, 44920, 314440),
(135445, 9715, 'tempore', 9, 357290515, 3215614635),
(135446, 9715, 'et', 2, 3927.89, 7855.78),
(135447, 9715, 'molestiae', 2, 152335252.13, 304670504.26),
(135448, 9715, 'sint', 8, 46854827.043, 374838616.344),
(135449, 9715, 'ea', 9, 1.434, 12.906),
(135450, 9715, 'ut', 2, 33400.07, 66800.14),
(135451, 9715, 'qui', 6, 84357.759, 506146.554),
(135452, 9716, 'sit', 6, 13.195, 79.17),
(135453, 9716, 'est', 9, 1028278.367, 9254505.303),
(135454, 9716, 'rerum', 1, 98487042.76, 98487042.76),
(135455, 9716, 'consequuntur', 10, 3.625, 36.25),
(135456, 9716, 'magnam', 6, 122417.498, 734504.988),
(135457, 9716, 'quidem', 9, 1530277.146, 13772494.314),
(135458, 9716, 'voluptas', 9, 2644259, 23798331),
(135459, 9716, 'vero', 5, 0, 0),
(135460, 9716, 'illo', 8, 55937443.646, 447499549.168),
(135461, 9716, 'aspernatur', 6, 356751.683, 2140510.098),
(135462, 9716, 'quia', 5, 25.002, 125.01),
(135463, 9716, 'qui', 7, 1.292, 9.044),
(135464, 9716, 'id', 6, 71.86, 431.16),
(135465, 9716, 'placeat', 10, 5668328, 56683280),
(135466, 9716, 'aut', 1, 57.268, 57.268),
(135467, 9716, 'dolor', 3, 63637119.841, 190911359.523),
(135468, 9716, 'possimus', 7, 66101.472, 462710.304),
(135469, 9717, 'ea', 10, 119122538.289, 1191225382.89),
(135470, 9717, 'ut', 9, 2524.504, 22720.536),
(135471, 9717, 'rerum', 9, 2.178, 19.602),
(135472, 9717, 'repudiandae', 10, 148667, 1486670),
(135473, 9717, 'et', 8, 76432.744, 611461.952),
(135474, 9717, 'ut', 4, 2204120, 8816480),
(135475, 9717, 'quos', 9, 184234.672, 1658112.048),
(135476, 9717, 'est', 5, 214.227, 1071.135),
(135477, 9717, 'sed', 6, 2.376, 14.256),
(135478, 9717, 'non', 3, 6815881.502, 20447644.506),
(135479, 9717, 'voluptates', 4, 10.211, 40.844),
(135480, 9717, 'nisi', 7, 22.9, 160.3),
(135481, 9717, 'consequatur', 7, 445541289.212, 3118789024.484),
(135482, 9717, 'perferendis', 7, 6.474, 45.318),
(135483, 9717, 'molestiae', 10, 22317954.72, 223179547.2),
(135484, 9717, 'eos', 3, 412269, 1236807),
(135485, 9718, 'quae', 7, 256745.3, 1797217.1),
(135486, 9718, 'voluptas', 4, 27386481.684, 109545926.736),
(135487, 9718, 'blanditiis', 2, 41742.34, 83484.68),
(135488, 9718, 'ut', 5, 25305.577, 126527.885),
(135489, 9718, 'expedita', 5, 1712.535, 8562.675),
(135490, 9718, 'laboriosam', 2, 239423.686, 478847.372),
(135491, 9718, 'amet', 3, 67609, 202827),
(135492, 9718, 'libero', 9, 58087.757, 522789.813),
(135493, 9718, 'nostrum', 4, 4916508.1, 19666032.4),
(135494, 9718, 'corrupti', 9, 23.38, 210.42),
(135495, 9718, 'maiores', 8, 0.689, 5.512),
(135496, 9718, 'adipisci', 9, 767, 6903),
(135497, 9719, 'molestiae', 2, 473639220.75, 947278441.5),
(135498, 9719, 'earum', 10, 1560314.55, 15603145.5),
(135499, 9719, 'commodi', 9, 7.74, 69.66),
(135500, 9719, 'non', 6, 3324275.049, 19945650.294),
(135501, 9719, 'sint', 1, 60.729, 60.729),
(135502, 9719, 'quae', 10, 16.48, 164.8),
(135503, 9719, 'dolores', 5, 28.034, 140.17),
(135504, 9719, 'cumque', 5, 894737.981, 4473689.905),
(135505, 9719, 'consequatur', 8, 66043180.508, 528345444.064),
(135506, 9719, 'voluptatibus', 7, 13440079.552, 94080556.864),
(135507, 9719, 'aliquam', 8, 19.421, 155.368),
(135508, 9719, 'sit', 6, 25619.052, 153714.312),
(135509, 9719, 'saepe', 7, 1842.871, 12900.097),
(135510, 9719, 'ad', 2, 11812525.472, 23625050.944),
(135511, 9719, 'modi', 7, 55367.181, 387570.267),
(135512, 9719, 'fugit', 9, 19831.589, 178484.301),
(135513, 9719, 'facere', 5, 360940.659, 1804703.295),
(135514, 9719, 'est', 8, 1193.671, 9549.368),
(135515, 9719, 'consequatur', 6, 642.796, 3856.776),
(135516, 9720, 'cupiditate', 1, 1252.112, 1252.112),
(135517, 9720, 'aut', 6, 32656.4, 195938.4),
(135518, 9720, 'debitis', 5, 1011921.013, 5059605.065),
(135519, 9720, 'perferendis', 3, 19806467, 59419401),
(135520, 9720, 'dolor', 10, 50.337, 503.37),
(135521, 9720, 'iusto', 10, 544.046, 5440.46),
(135522, 9720, 'rerum', 4, 148.72, 594.88),
(135523, 9720, 'vel', 9, 161304.13, 1451737.17),
(135524, 9720, 'sit', 8, 71531.258, 572250.064),
(135525, 9720, 'alias', 7, 9.26, 64.82),
(135526, 9720, 'est', 2, 22392.148, 44784.296),
(135527, 9720, 'eos', 9, 205.818, 1852.362),
(135528, 9720, 'voluptatem', 7, 179093586.703, 1253655106.921),
(135529, 9720, 'corrupti', 5, 13772000.794, 68860003.97),
(135530, 9721, 'minus', 10, 3496.775, 34967.75),
(135531, 9721, 'aut', 10, 3900462.77, 39004627.7),
(135532, 9721, 'quidem', 5, 173213321.36, 866066606.8),
(135533, 9721, 'commodi', 5, 4359.453, 21797.265),
(135534, 9721, 'inventore', 2, 969584.638, 1939169.276),
(135535, 9721, 'sit', 6, 856.371, 5138.226),
(135536, 9721, 'voluptatem', 8, 193954825.45, 1551638603.6),
(135537, 9721, 'ut', 5, 1367.35, 6836.75),
(135538, 9721, 'qui', 10, 139230.357, 1392303.57),
(135539, 9721, 'unde', 10, 13.998, 139.98),
(135540, 9721, 'tenetur', 7, 5063422.517, 35443957.619),
(135541, 9721, 'eum', 9, 252509871.947, 2272588847.523),
(135542, 9721, 'in', 7, 755, 5285),
(135543, 9721, 'eveniet', 7, 314002.112, 2198014.784),
(135544, 9721, 'alias', 2, 1, 2),
(135545, 9722, 'ut', 8, 2508515.874, 20068126.992),
(135546, 9722, 'porro', 8, 35143159.645, 281145277.16),
(135547, 9722, 'tempora', 1, 10753.552, 10753.552),
(135548, 9722, 'aut', 8, 396278.459, 3170227.672),
(135549, 9722, 'beatae', 6, 38.94, 233.64),
(135550, 9722, 'quos', 4, 7.1, 28.4),
(135551, 9722, 'minus', 8, 2.235, 17.88),
(135552, 9722, 'eum', 7, 1738239.642, 12167677.494),
(135553, 9722, 'quibusdam', 4, 2.901, 11.604),
(135554, 9722, 'vero', 5, 3554.948, 17774.74),
(135555, 9722, 'repudiandae', 5, 720621222, 3603106110),
(135556, 9722, 'pariatur', 6, 4793, 28758),
(135557, 9723, 'sunt', 10, 0.7, 7),
(135558, 9723, 'aut', 8, 23637894.252, 189103154.016),
(135559, 9723, 'consequatur', 5, 53139.8, 265699),
(135560, 9723, 'at', 8, 39242580.914, 313940647.312),
(135561, 9723, 'non', 9, 2680956.277, 24128606.493),
(135562, 9723, 'exercitationem', 10, 326598.167, 3265981.67),
(135563, 9723, 'dolor', 5, 0.932, 4.66),
(135564, 9723, 'pariatur', 9, 243303.257, 2189729.313),
(135565, 9723, 'ullam', 10, 9.994, 99.94),
(135566, 9723, 'eos', 5, 23203.143, 116015.715),
(135567, 9723, 'dicta', 4, 3398370.217, 13593480.868),
(135568, 9723, 'repellendus', 8, 207.197, 1657.576),
(135569, 9723, 'ab', 7, 0.775, 5.425),
(135570, 9723, 'nostrum', 3, 14, 42),
(135571, 9724, 'similique', 8, 224, 1792),
(135572, 9724, 'autem', 2, 35429393.63, 70858787.26),
(135573, 9724, 'iste', 4, 12722048.343, 50888193.372),
(135574, 9724, 'excepturi', 9, 4.452, 40.068),
(135575, 9724, 'quasi', 5, 0.039, 0.195),
(135576, 9724, 'omnis', 8, 39.278, 314.224),
(135577, 9724, 'autem', 6, 246371454.744, 1478228728.464),
(135578, 9724, 'quo', 3, 98.707, 296.121),
(135579, 9724, 'sunt', 5, 151093.341, 755466.705),
(135580, 9724, 'et', 9, 1141126.09, 10270134.81),
(135581, 9724, 'et', 8, 3.254, 26.032),
(135582, 9724, 'eveniet', 4, 60389527.543, 241558110.172),
(135583, 9724, 'repellat', 10, 215, 2150),
(135584, 9724, 'impedit', 6, 1, 6),
(135585, 9725, 'esse', 5, 16000657.805, 80003289.025),
(135586, 9725, 'sunt', 9, 276.326, 2486.934),
(135587, 9725, 'consequatur', 9, 30530.339, 274773.051),
(135588, 9725, 'possimus', 10, 63805, 638050),
(135589, 9725, 'id', 8, 172215129.096, 1377721032.768),
(135590, 9725, 'facere', 9, 9507504, 85567536),
(135591, 9725, 'ea', 6, 8736070.958, 52416425.748),
(135592, 9725, 'expedita', 5, 2849856.536, 14249282.68),
(135593, 9725, 'fuga', 4, 2929247.445, 11716989.78),
(135594, 9725, 'perferendis', 8, 1081925.7, 8655405.6),
(135595, 9725, 'eveniet', 9, 478524442.561, 4306719983.049),
(135596, 9725, 'harum', 10, 4.636, 46.36),
(135597, 9725, 'cumque', 7, 129184340.036, 904290380.252),
(135598, 9725, 'dolores', 10, 151682.528, 1516825.28),
(135599, 9725, 'voluptatibus', 9, 3840520.009, 34564680.081),
(135600, 9725, 'ullam', 9, 0.161, 1.449),
(135601, 9726, 'ullam', 7, 4.2, 29.4),
(135602, 9726, 'quisquam', 4, 3.93, 15.72),
(135603, 9726, 'ducimus', 8, 435340271, 3482722168),
(135604, 9726, 'doloribus', 8, 334.44, 2675.52),
(135605, 9726, 'ut', 10, 57.579, 575.79),
(135606, 9726, 'ullam', 7, 211987, 1483909),
(135607, 9726, 'rem', 6, 45800, 274800),
(135608, 9726, 'animi', 4, 4249560.44, 16998241.76),
(135609, 9726, 'veniam', 9, 1544, 13896),
(135610, 9726, 'sunt', 6, 3528.796, 21172.776),
(135611, 9726, 'dolorem', 7, 2119.428, 14835.996),
(135612, 9726, 'itaque', 7, 66952890.009, 468670230.063),
(135613, 9727, 'repellendus', 8, 11.9, 95.2),
(135614, 9727, 'veritatis', 4, 316249.429, 1264997.716),
(135615, 9727, 'provident', 5, 47158.078, 235790.39),
(135616, 9727, 'quia', 10, 0.091, 0.91),
(135617, 9727, 'repellendus', 5, 299, 1495),
(135618, 9727, 'laboriosam', 10, 3017938.3, 30179383),
(135619, 9727, 'explicabo', 6, 24901220, 149407320),
(135620, 9727, 'voluptatem', 5, 5.753, 28.765),
(135621, 9727, 'et', 3, 31.921, 95.763),
(135622, 9727, 'molestiae', 4, 14051.123, 56204.492),
(135623, 9727, 'quos', 10, 32221461.3, 322214613),
(135624, 9727, 'eligendi', 9, 205418.684, 1848768.156),
(135625, 9727, 'voluptas', 8, 468878.031, 3751024.248),
(135626, 9727, 'consequatur', 3, 769, 2307),
(135627, 9727, 'vel', 10, 343668970.83, 3436689708.3),
(135628, 9728, 'laborum', 8, 17.907, 143.256),
(135629, 9728, 'quibusdam', 9, 27473.069, 247257.621),
(135630, 9728, 'incidunt', 5, 43731995, 218659975),
(135631, 9728, 'ea', 6, 0.366, 2.196),
(135632, 9728, 'aut', 6, 107606.748, 645640.488),
(135633, 9728, 'labore', 8, 984.796, 7878.368),
(135634, 9728, 'quidem', 4, 53900718.036, 215602872.144),
(135635, 9728, 'delectus', 4, 244.332, 977.328),
(135636, 9728, 'minima', 5, 12.455, 62.275),
(135637, 9728, 'iure', 10, 50226.707, 502267.07),
(135638, 9728, 'hic', 2, 5, 10),
(135639, 9728, 'aut', 3, 6415214.2, 19245642.6),
(135640, 9728, 'dolorem', 8, 4.552, 36.416),
(135641, 9728, 'pariatur', 5, 71254905.953, 356274529.765),
(135642, 9728, 'reiciendis', 8, 32358730.727, 258869845.816),
(135643, 9729, 'rerum', 4, 292284.32, 1169137.28),
(135644, 9729, 'laboriosam', 10, 79, 790),
(135645, 9729, 'quis', 5, 3074.606, 15373.03),
(135646, 9729, 'tenetur', 3, 1.055, 3.165),
(135647, 9729, 'sit', 10, 283.763, 2837.63),
(135648, 9729, 'placeat', 3, 128, 384),
(135649, 9729, 'nam', 10, 27501.426, 275014.26),
(135650, 9729, 'perspiciatis', 8, 20.766, 166.128),
(135651, 9729, 'sint', 5, 14.829, 74.145),
(135652, 9729, 'vel', 9, 15.144, 136.296),
(135653, 9729, 'quia', 7, 5911.6, 41381.2),
(135654, 9729, 'minus', 4, 7574.326, 30297.304),
(135655, 9729, 'placeat', 10, 4270.421, 42704.21),
(135656, 9730, 'qui', 5, 8.094, 40.47),
(135657, 9730, 'reiciendis', 1, 62057.387, 62057.387),
(135658, 9730, 'quia', 6, 30.996, 185.976),
(135659, 9730, 'quia', 6, 455356024.9, 2732136149.4),
(135660, 9730, 'praesentium', 9, 21.247, 191.223),
(135661, 9730, 'eveniet', 7, 5.257, 36.799),
(135662, 9730, 'et', 6, 407146.917, 2442881.502),
(135663, 9730, 'quas', 9, 0.172, 1.548),
(135664, 9730, 'sunt', 9, 1.38, 12.42),
(135665, 9730, 'reiciendis', 8, 847839.75, 6782718),
(135666, 9730, 'sit', 8, 187860560.34, 1502884482.72),
(135667, 9730, 'quas', 7, 82.459, 577.213),
(135668, 9730, 'a', 3, 8995.39, 26986.17),
(135669, 9730, 'rem', 6, 2648266.7, 15889600.2),
(135670, 9730, 'veniam', 10, 8499685.835, 84996858.35),
(135671, 9730, 'dolor', 7, 6263.1, 43841.7),
(135672, 9730, 'itaque', 9, 1398832.298, 12589490.682),
(135673, 9730, 'ut', 8, 258391.086, 2067128.688),
(135674, 9730, 'perferendis', 10, 23.056, 230.56),
(135675, 9731, 'laborum', 8, 3231.64, 25853.12),
(135676, 9731, 'modi', 4, 2.131, 8.524),
(135677, 9731, 'ab', 10, 151.805, 1518.05),
(135678, 9731, 'voluptates', 3, 254904.823, 764714.469),
(135679, 9731, 'voluptas', 6, 1418292.849, 8509757.094),
(135680, 9731, 'illo', 5, 17450.008, 87250.04),
(135681, 9731, 'dolorem', 8, 496.549, 3972.392),
(135682, 9731, 'non', 10, 192.273, 1922.73),
(135683, 9731, 'quas', 8, 29688423.488, 237507387.904),
(135684, 9731, 'et', 9, 586900.722, 5282106.498),
(135685, 9731, 'rerum', 3, 30.296, 90.888),
(135686, 9731, 'enim', 6, 2.425, 14.55),
(135687, 9731, 'distinctio', 7, 694656.172, 4862593.204),
(135688, 9731, 'autem', 10, 2632696, 26326960),
(135689, 9731, 'neque', 6, 2.24, 13.44),
(135690, 9731, 'odio', 7, 67305.304, 471137.128),
(135691, 9731, 'unde', 9, 25362850.593, 228265655.337),
(135692, 9732, 'necessitatibus', 7, 4.65, 32.55),
(135693, 9732, 'accusantium', 2, 268.584, 537.168),
(135694, 9732, 'eveniet', 7, 790.124, 5530.868),
(135695, 9732, 'esse', 5, 58.347, 291.735),
(135696, 9732, 'voluptatem', 9, 704527.767, 6340749.903),
(135697, 9732, 'quis', 5, 459.91, 2299.55),
(135698, 9732, 'quia', 7, 71115.374, 497807.618),
(135699, 9732, 'in', 10, 259466.588, 2594665.88),
(135700, 9732, 'consequatur', 5, 16726845.002, 83634225.01),
(135701, 9732, 'eveniet', 6, 106.469, 638.814),
(135702, 9732, 'quaerat', 1, 72787025.112, 72787025.112),
(135703, 9732, 'at', 1, 60.514, 60.514),
(135704, 9732, 'laudantium', 5, 32007526.97, 160037634.85),
(135705, 9732, 'facilis', 6, 22231556.353, 133389338.118),
(135706, 9732, 'vel', 3, 241, 723),
(135707, 9732, 'odit', 7, 274027918.775, 1918195431.425),
(135708, 9733, 'modi', 9, 1271715.199, 11445436.791),
(135709, 9733, 'sint', 5, 1536664.7, 7683323.5),
(135710, 9733, 'maiores', 9, 275606393.231, 2480457539.079),
(135711, 9733, 'at', 7, 1.468, 10.276),
(135712, 9733, 'ea', 10, 3837.315, 38373.15),
(135713, 9733, 'architecto', 7, 1257634.286, 8803440.002),
(135714, 9733, 'nisi', 7, 662.921, 4640.447),
(135715, 9733, 'est', 7, 547.22, 3830.54),
(135716, 9733, 'cumque', 10, 55551329.046, 555513290.46),
(135717, 9733, 'facere', 5, 470176124.523, 2350880622.615),
(135718, 9733, 'blanditiis', 10, 51175036.032, 511750360.32),
(135719, 9733, 'quo', 8, 812628.571, 6501028.568),
(135720, 9733, 'qui', 4, 315.9, 1263.6),
(135721, 9733, 'ab', 5, 23, 115),
(135722, 9733, 'repellat', 8, 4158659.959, 33269279.672),
(135723, 9733, 'ipsam', 6, 2.458, 14.748),
(135724, 9734, 'ut', 8, 1993.6, 15948.8),
(135725, 9734, 'facere', 7, 5.859, 41.013),
(135726, 9734, 'quo', 10, 482.984, 4829.84),
(135727, 9734, 'repellat', 8, 21842291.091, 174738328.728),
(135728, 9734, 'dolorem', 7, 674724.799, 4723073.593),
(135729, 9734, 'nulla', 2, 2868230.85, 5736461.7),
(135730, 9734, 'neque', 4, 600492.174, 2401968.696),
(135731, 9734, 'modi', 10, 76, 760),
(135732, 9734, 'porro', 9, 50729.3, 456563.7),
(135733, 9734, 'et', 10, 2.824, 28.24),
(135734, 9734, 'consectetur', 7, 6685455.367, 46798187.569),
(135735, 9734, 'qui', 1, 73255.958, 73255.958),
(135736, 9734, 'sequi', 8, 518.713, 4149.704),
(135737, 9735, 'ut', 7, 5638.768, 39471.376),
(135738, 9735, 'enim', 9, 483.2, 4348.8),
(135739, 9735, 'quam', 9, 313488, 2821392),
(135740, 9735, 'ab', 3, 63076236, 189228708),
(135741, 9735, 'eligendi', 5, 36462.6, 182313),
(135742, 9735, 'exercitationem', 10, 98.1, 981),
(135743, 9735, 'nisi', 7, 3416590.98, 23916136.86),
(135744, 9735, 'aliquam', 4, 7.897, 31.588),
(135745, 9735, 'non', 2, 6, 12),
(135746, 9735, 'in', 10, 4473337.865, 44733378.65),
(135747, 9735, 'ut', 10, 2650648.851, 26506488.51),
(135748, 9735, 'qui', 4, 1998617.267, 7994469.068),
(135749, 9735, 'praesentium', 6, 5181.08, 31086.48),
(135750, 9735, 'quos', 7, 85.912, 601.384),
(135751, 9736, 'nihil', 10, 123127020.289, 1231270202.89);
INSERT INTO `produit` (`id`, `facture_id`, `nom`, `nb`, `prix_unitaire`, `prix_total`) VALUES
(135752, 9736, 'rerum', 10, 1342.942, 13429.42),
(135753, 9736, 'dicta', 9, 4030.684, 36276.156),
(135754, 9736, 'quam', 9, 0.389, 3.501),
(135755, 9736, 'tempore', 10, 621, 6210),
(135756, 9736, 'fugit', 9, 410263.05, 3692367.45),
(135757, 9736, 'ut', 4, 8539.829, 34159.316),
(135758, 9736, 'perferendis', 9, 0.451, 4.059),
(135759, 9736, 'consequatur', 2, 2668.788, 5337.576),
(135760, 9736, 'alias', 2, 20486080.974, 40972161.948),
(135761, 9736, 'voluptas', 6, 83766879.301, 502601275.806),
(135762, 9736, 'illum', 9, 0.478, 4.302),
(135763, 9736, 'magni', 5, 458490007.747, 2292450038.735),
(135764, 9736, 'cum', 4, 378.82, 1515.28),
(135765, 9736, 'distinctio', 10, 87461.5, 874615),
(135766, 9736, 'aut', 8, 4323972.9, 34591783.2),
(135767, 9736, 'omnis', 9, 3186813.998, 28681325.982),
(135768, 9736, 'id', 9, 112.699, 1014.291),
(135769, 9737, 'dolorem', 4, 6482623.037, 25930492.148),
(135770, 9737, 'veritatis', 5, 549.104, 2745.52),
(135771, 9737, 'natus', 9, 29810938.114, 268298443.026),
(135772, 9737, 'cupiditate', 6, 274.032, 1644.192),
(135773, 9737, 'ut', 2, 9438983.418, 18877966.836),
(135774, 9737, 'nemo', 7, 262275419, 1835927933),
(135775, 9737, 'et', 9, 178418852.727, 1605769674.543),
(135776, 9737, 'earum', 5, 308897.317, 1544486.585),
(135777, 9737, 'ab', 4, 755169362.838, 3020677451.352),
(135778, 9737, 'qui', 6, 3202335.246, 19214011.476),
(135779, 9737, 'quibusdam', 10, 8779220.877, 87792208.77),
(135780, 9737, 'provident', 7, 2.998, 20.986),
(135781, 9737, 'similique', 9, 133834.679, 1204512.111),
(135782, 9738, 'et', 9, 4302949, 38726541),
(135783, 9738, 'cum', 10, 270100, 2701000),
(135784, 9738, 'iusto', 8, 29.194, 233.552),
(135785, 9738, 'eum', 4, 34.343, 137.372),
(135786, 9738, 'doloremque', 5, 2262.59, 11312.95),
(135787, 9738, 'eos', 10, 42269.167, 422691.67),
(135788, 9738, 'consequatur', 6, 739366746.742, 4436200480.452),
(135789, 9738, 'repudiandae', 8, 1651.761, 13214.088),
(135790, 9738, 'iure', 1, 1100.456, 1100.456),
(135791, 9738, 'aut', 4, 84582.493, 338329.972),
(135792, 9738, 'enim', 5, 563.56, 2817.8),
(135793, 9738, 'aliquam', 8, 375.416, 3003.328),
(135794, 9738, 'non', 8, 23.358, 186.864),
(135795, 9738, 'est', 10, 1253.909, 12539.09),
(135796, 9738, 'sequi', 7, 597148.896, 4180042.272),
(135797, 9739, 'suscipit', 5, 1581098.2, 7905491),
(135798, 9739, 'ipsam', 4, 5742.05, 22968.2),
(135799, 9739, 'et', 7, 612588951.173, 4288122658.211),
(135800, 9739, 'qui', 3, 0.828, 2.484),
(135801, 9739, 'a', 5, 1.081, 5.405),
(135802, 9739, 'quasi', 10, 605663.365, 6056633.65),
(135803, 9739, 'debitis', 5, 23368.926, 116844.63),
(135804, 9739, 'incidunt', 10, 2108.984, 21089.84),
(135805, 9739, 'ex', 4, 196.16, 784.64),
(135806, 9739, 'aspernatur', 9, 897.607, 8078.463),
(135807, 9739, 'excepturi', 9, 11.007, 99.063),
(135808, 9739, 'distinctio', 9, 1.651, 14.859),
(135809, 9740, 'quia', 6, 0.2, 1.2),
(135810, 9740, 'quibusdam', 1, 178347740.11, 178347740.11),
(135811, 9740, 'et', 8, 6.966, 55.728),
(135812, 9740, 'error', 5, 71.086, 355.43),
(135813, 9740, 'vitae', 10, 34.602, 346.02),
(135814, 9740, 'ullam', 10, 6453.581, 64535.81),
(135815, 9740, 'rerum', 7, 179.365, 1255.555),
(135816, 9740, 'eum', 5, 68130119.213, 340650596.065),
(135817, 9740, 'ut', 7, 1143.509, 8004.563),
(135818, 9740, 'expedita', 8, 534860268.205, 4278882145.64),
(135819, 9740, 'voluptas', 3, 69.605, 208.815),
(135820, 9740, 'eum', 10, 483897.469, 4838974.69),
(135821, 9740, 'corporis', 8, 312893.478, 2503147.824),
(135822, 9740, 'dolor', 9, 6.041, 54.369),
(135823, 9740, 'delectus', 2, 58.49, 116.98),
(135824, 9740, 'quia', 9, 26048148.819, 234433339.371),
(135825, 9740, 'perferendis', 2, 81500.219, 163000.438),
(135826, 9741, 'rerum', 6, 318.099, 1908.594),
(135827, 9741, 'totam', 8, 340119.695, 2720957.56),
(135828, 9741, 'dolores', 7, 114217.4, 799521.8),
(135829, 9741, 'officiis', 7, 2716392.77, 19014749.39),
(135830, 9741, 'facilis', 7, 165.303, 1157.121),
(135831, 9741, 'aut', 7, 788, 5516),
(135832, 9741, 'eum', 3, 597348.854, 1792046.562),
(135833, 9741, 'quibusdam', 6, 10547269.063, 63283614.378),
(135834, 9741, 'modi', 8, 48371393.665, 386971149.32),
(135835, 9741, 'ipsam', 10, 398990.966, 3989909.66),
(135836, 9741, 'magnam', 9, 51804.657, 466241.913),
(135837, 9741, 'qui', 9, 4744.558, 42701.022),
(135838, 9741, 'debitis', 7, 7.214, 50.498),
(135839, 9741, 'consequuntur', 5, 21304324.834, 106521624.17),
(135840, 9741, 'consectetur', 5, 5.576, 27.88),
(135841, 9741, 'tempora', 2, 70.273, 140.546),
(135842, 9741, 'aliquid', 10, 7, 70),
(135843, 9741, 'necessitatibus', 5, 9457630.914, 47288154.57),
(135844, 9742, 'quis', 10, 422037217.763, 4220372177.63),
(135845, 9742, 'ut', 10, 172.22, 1722.2),
(135846, 9742, 'facere', 8, 114295.291, 914362.328),
(135847, 9742, 'soluta', 7, 5117.627, 35823.389),
(135848, 9742, 'non', 1, 3470173.76, 3470173.76),
(135849, 9742, 'dolorem', 8, 25246.534, 201972.272),
(135850, 9742, 'facilis', 10, 53.771, 537.71),
(135851, 9742, 'ut', 9, 576335.152, 5187016.368),
(135852, 9742, 'officia', 5, 222.701, 1113.505),
(135853, 9742, 'in', 10, 0.537, 5.37),
(135854, 9742, 'ad', 7, 0.708, 4.956),
(135855, 9742, 'maiores', 5, 186529.092, 932645.46),
(135856, 9743, 'quisquam', 9, 5148.348, 46335.132),
(135857, 9743, 'voluptates', 5, 4385.72, 21928.6),
(135858, 9743, 'quo', 8, 2.271, 18.168),
(135859, 9743, 'totam', 5, 6486.19, 32430.95),
(135860, 9743, 'placeat', 5, 3471167.578, 17355837.89),
(135861, 9743, 'ipsam', 7, 0, 0),
(135862, 9743, 'aut', 2, 2549339.994, 5098679.988),
(135863, 9743, 'pariatur', 4, 0.977, 3.908),
(135864, 9743, 'placeat', 5, 173147143.866, 865735719.33),
(135865, 9743, 'et', 5, 536911755.015, 2684558775.075),
(135866, 9743, 'itaque', 8, 611920.2, 4895361.6),
(135867, 9743, 'odit', 8, 53673622.45, 429388979.6),
(135868, 9743, 'aliquid', 10, 2028, 20280),
(135869, 9744, 'distinctio', 10, 11, 110),
(135870, 9744, 'ullam', 7, 44282359, 309976513),
(135871, 9744, 'totam', 2, 1633.106, 3266.212),
(135872, 9744, 'labore', 7, 929061.64, 6503431.48),
(135873, 9744, 'repellat', 4, 633502.524, 2534010.096),
(135874, 9744, 'aut', 6, 0, 0),
(135875, 9744, 'nam', 10, 37047, 370470),
(135876, 9744, 'et', 3, 1230520.463, 3691561.389),
(135877, 9744, 'animi', 10, 1268551.089, 12685510.89),
(135878, 9744, 'enim', 6, 0.788, 4.728),
(135879, 9744, 'earum', 3, 4.31, 12.93),
(135880, 9744, 'possimus', 8, 25.66, 205.28),
(135881, 9744, 'velit', 3, 3, 9),
(135882, 9744, 'ut', 6, 87847831.9, 527086991.4),
(135883, 9744, 'doloribus', 4, 107.564, 430.256),
(135884, 9745, 'minima', 10, 145635.647, 1456356.47),
(135885, 9745, 'est', 5, 148.875, 744.375),
(135886, 9745, 'expedita', 8, 6.615, 52.92),
(135887, 9745, 'aliquam', 6, 90133.588, 540801.528),
(135888, 9745, 'veniam', 8, 425.708, 3405.664),
(135889, 9745, 'et', 9, 6798260.917, 61184348.253),
(135890, 9745, 'debitis', 3, 456533.281, 1369599.843),
(135891, 9745, 'sed', 9, 29965.179, 269686.611),
(135892, 9745, 'omnis', 9, 7720253, 69482277),
(135893, 9745, 'et', 6, 374.285, 2245.71),
(135894, 9745, 'ut', 9, 405879196.7, 3652912770.3),
(135895, 9745, 'quo', 9, 319481.905, 2875337.145),
(135896, 9745, 'quo', 8, 2943449.573, 23547596.584),
(135897, 9745, 'eius', 9, 2649311.688, 23843805.192),
(135898, 9745, 'autem', 7, 1940049.8, 13580348.6),
(135899, 9745, 'voluptas', 4, 44787226.99, 179148907.96),
(135900, 9745, 'provident', 6, 256798757.7, 1540792546.2),
(135901, 9745, 'aspernatur', 6, 3094500.957, 18567005.742),
(135902, 9746, 'quae', 4, 216714048, 866856192),
(135903, 9746, 'repellendus', 5, 52329.51, 261647.55),
(135904, 9746, 'nemo', 9, 880.24, 7922.16),
(135905, 9746, 'nihil', 5, 301677807.1, 1508389035.5),
(135906, 9746, 'ducimus', 6, 59227.7, 355366.2),
(135907, 9746, 'non', 9, 1612517.51, 14512657.59),
(135908, 9746, 'nam', 3, 80560104.998, 241680314.994),
(135909, 9746, 'possimus', 5, 1757097.67, 8785488.35),
(135910, 9746, 'enim', 7, 6917333.911, 48421337.377),
(135911, 9746, 'porro', 1, 7065.168, 7065.168),
(135912, 9746, 'quo', 8, 7.981, 63.848),
(135913, 9746, 'sed', 6, 1659556.608, 9957339.648),
(135914, 9746, 'nisi', 3, 38.186, 114.558),
(135915, 9746, 'cupiditate', 3, 66856024.054, 200568072.162),
(135916, 9746, 'assumenda', 5, 5.754, 28.77),
(135917, 9746, 'quam', 10, 4913.7, 49137),
(135918, 9747, 'voluptatum', 7, 40443574, 283105018),
(135919, 9747, 'voluptas', 7, 54.508, 381.556),
(135920, 9747, 'et', 7, 5475.571, 38328.997),
(135921, 9747, 'ut', 6, 3.258, 19.548),
(135922, 9747, 'nisi', 5, 407073271.835, 2035366359.175),
(135923, 9747, 'saepe', 6, 13547903.265, 81287419.59),
(135924, 9747, 'corrupti', 1, 14814.7, 14814.7),
(135925, 9747, 'dolorem', 2, 43542, 87084),
(135926, 9747, 'illo', 10, 381971.674, 3819716.74),
(135927, 9747, 'ut', 6, 6097.4, 36584.4),
(135928, 9747, 'laborum', 6, 16881.398, 101288.388),
(135929, 9747, 'id', 5, 28660825.392, 143304126.96),
(135930, 9747, 'in', 10, 23.571, 235.71),
(135931, 9747, 'quasi', 3, 14438756, 43316268),
(135932, 9747, 'velit', 3, 19551496.641, 58654489.923),
(135933, 9747, 'nulla', 5, 39867, 199335),
(135934, 9748, 'nemo', 3, 6942.443, 20827.329),
(135935, 9748, 'praesentium', 8, 868591.07, 6948728.56),
(135936, 9748, 'deserunt', 7, 151957186, 1063700302),
(135937, 9748, 'voluptas', 5, 251033893, 1255169465),
(135938, 9748, 'dolores', 9, 2888323.068, 25994907.612),
(135939, 9748, 'vel', 9, 58588919.711, 527300277.399),
(135940, 9748, 'quasi', 8, 3779712.431, 30237699.448),
(135941, 9748, 'dolor', 9, 215258.382, 1937325.438),
(135942, 9748, 'ea', 9, 33.418, 300.762),
(135943, 9748, 'et', 7, 23597, 165179),
(135944, 9748, 'non', 10, 9251894.116, 92518941.16),
(135945, 9748, 'et', 10, 3014.759, 30147.59),
(135946, 9748, 'qui', 6, 9840.423, 59042.538),
(135947, 9748, 'beatae', 5, 43.47, 217.35),
(135948, 9748, 'aut', 5, 336250805.5, 1681254027.5),
(135949, 9748, 'quos', 9, 525.358, 4728.222),
(135950, 9748, 'nulla', 9, 8815407.959, 79338671.631),
(135951, 9748, 'sint', 9, 0.06, 0.54),
(135952, 9749, 'sit', 2, 23.799, 47.598),
(135953, 9749, 'laudantium', 4, 0.983, 3.932),
(135954, 9749, 'a', 6, 702019.591, 4212117.546),
(135955, 9749, 'doloremque', 10, 101964097.465, 1019640974.65),
(135956, 9749, 'voluptatem', 7, 764172.812, 5349209.684),
(135957, 9749, 'qui', 10, 26606.65, 266066.5),
(135958, 9749, 'consequatur', 9, 4914319.811, 44228878.299),
(135959, 9749, 'tenetur', 6, 729.179, 4375.074),
(135960, 9749, 'eaque', 7, 1647908.592, 11535360.144),
(135961, 9749, 'amet', 5, 362437763, 1812188815),
(135962, 9749, 'nihil', 8, 16161.8, 129294.4),
(135963, 9749, 'voluptas', 5, 0, 0),
(135964, 9749, 'ea', 1, 28382.762, 28382.762),
(135965, 9749, 'nam', 8, 162.063, 1296.504),
(135966, 9749, 'laudantium', 10, 4939854.15, 49398541.5),
(135967, 9749, 'aperiam', 6, 3811.382, 22868.292),
(135968, 9749, 'eum', 2, 33607, 67214),
(135969, 9750, 'ipsam', 10, 43564.487, 435644.87),
(135970, 9750, 'maiores', 9, 26.619, 239.571),
(135971, 9750, 'neque', 10, 1744501.38, 17445013.8),
(135972, 9750, 'amet', 9, 0.372, 3.348),
(135973, 9750, 'at', 7, 22.09, 154.63),
(135974, 9750, 'aut', 7, 66392298.043, 464746086.301),
(135975, 9750, 'eos', 8, 737.6, 5900.8),
(135976, 9750, 'atque', 2, 4.246, 8.492),
(135977, 9750, 'iusto', 8, 45677.7, 365421.6),
(135978, 9750, 'possimus', 7, 1592.3, 11146.1),
(135979, 9750, 'ab', 10, 238925.015, 2389250.15),
(135980, 9750, 'architecto', 9, 870692.857, 7836235.713),
(135981, 9750, 'necessitatibus', 10, 626417194.262, 6264171942.62),
(135982, 9750, 'quo', 7, 295.578, 2069.046),
(135983, 9750, 'porro', 1, 160222557.1, 160222557.1),
(135984, 9750, 'libero', 8, 6575.4, 52603.2),
(135985, 9751, 'laudantium', 7, 8.597, 60.179),
(135986, 9751, 'tenetur', 3, 2147350.218, 6442050.654),
(135987, 9751, 'aliquam', 10, 28409, 284090),
(135988, 9751, 'illum', 3, 72, 216),
(135989, 9751, 'laudantium', 10, 3994.6, 39946),
(135990, 9751, 'aliquam', 8, 0, 0),
(135991, 9751, 'laudantium', 3, 42404548.944, 127213646.832),
(135992, 9751, 'accusantium', 3, 23139652.98, 69418958.94),
(135993, 9751, 'rerum', 6, 748.623, 4491.738),
(135994, 9751, 'est', 9, 40.428, 363.852),
(135995, 9751, 'quis', 6, 29075519.151, 174453114.906),
(135996, 9751, 'id', 2, 1, 2),
(135997, 9751, 'sint', 5, 33.163, 165.815),
(135998, 9751, 'quis', 3, 190785.831, 572357.493),
(135999, 9752, 'sit', 4, 657002.029, 2628008.116),
(136000, 9752, 'quia', 8, 252.2, 2017.6),
(136001, 9752, 'nesciunt', 3, 5235.25, 15705.75),
(136002, 9752, 'eos', 8, 9.926, 79.408),
(136003, 9752, 'placeat', 10, 0, 0),
(136004, 9752, 'nisi', 2, 565048899.419, 1130097798.838),
(136005, 9752, 'aspernatur', 3, 810.175, 2430.525),
(136006, 9752, 'optio', 6, 22, 132),
(136007, 9752, 'soluta', 7, 3138, 21966),
(136008, 9752, 'laudantium', 6, 534548705.05, 3207292230.3),
(136009, 9752, 'repellendus', 1, 2.732, 2.732),
(136010, 9752, 'in', 10, 0.24, 2.4),
(136011, 9752, 'ea', 4, 378550942.6, 1514203770.4),
(136012, 9753, 'et', 8, 224367.501, 1794940.008),
(136013, 9753, 'repellat', 8, 6491.51, 51932.08),
(136014, 9753, 'et', 10, 6.987, 69.87),
(136015, 9753, 'dolor', 9, 6.9, 62.1),
(136016, 9753, 'et', 6, 64.73, 388.38),
(136017, 9753, 'quo', 9, 595007.45, 5355067.05),
(136018, 9753, 'rem', 4, 8395280.665, 33581122.66),
(136019, 9753, 'ut', 8, 2, 16),
(136020, 9753, 'dolorem', 6, 3.887, 23.322),
(136021, 9753, 'nam', 8, 5838.887, 46711.096),
(136022, 9753, 'molestiae', 8, 5938573.425, 47508587.4),
(136023, 9753, 'autem', 5, 9726709.682, 48633548.41),
(136024, 9753, 'quo', 2, 42.13, 84.26),
(136025, 9753, 'et', 3, 4822924.92, 14468774.76),
(136026, 9753, 'at', 9, 383, 3447),
(136027, 9753, 'qui', 8, 8.773, 70.184),
(136028, 9753, 'aut', 4, 64276.039, 257104.156),
(136029, 9753, 'eveniet', 5, 1047.235, 5236.175),
(136030, 9753, 'asperiores', 7, 10914842.935, 76403900.545),
(136031, 9754, 'quia', 10, 3340.181, 33401.81),
(136032, 9754, 'soluta', 2, 507785.2, 1015570.4),
(136033, 9754, 'doloribus', 5, 39820.93, 199104.65),
(136034, 9754, 'consequatur', 3, 12090.272, 36270.816),
(136035, 9754, 'non', 9, 3368.405, 30315.645),
(136036, 9754, 'dolor', 3, 536.433, 1609.299),
(136037, 9754, 'et', 2, 1.917, 3.834),
(136038, 9754, 'accusantium', 6, 273736268.87, 1642417613.22),
(136039, 9754, 'ut', 3, 464735.31, 1394205.93),
(136040, 9754, 'harum', 9, 173164.133, 1558477.197),
(136041, 9754, 'adipisci', 3, 118.559, 355.677),
(136042, 9754, 'repellat', 7, 69036.96, 483258.72),
(136043, 9755, 'vitae', 8, 2556, 20448),
(136044, 9755, 'et', 7, 24011.801, 168082.607),
(136045, 9755, 'sunt', 2, 75.941, 151.882),
(136046, 9755, 'ea', 7, 862.271, 6035.897),
(136047, 9755, 'et', 9, 0, 0),
(136048, 9755, 'fugit', 4, 8137221.956, 32548887.824),
(136049, 9755, 'aspernatur', 2, 640.175, 1280.35),
(136050, 9755, 'nemo', 7, 191211959.3, 1338483715.1),
(136051, 9755, 'fugit', 4, 2299.345, 9197.38),
(136052, 9755, 'molestiae', 7, 0, 0),
(136053, 9755, 'est', 5, 25580467, 127902335),
(136054, 9755, 'non', 4, 71.45, 285.8),
(136055, 9755, 'cumque', 8, 13.1, 104.8),
(136056, 9755, 'cumque', 8, 1.33, 10.64),
(136057, 9755, 'quae', 9, 19500568, 175505112),
(136058, 9756, 'sunt', 7, 0.4, 2.8),
(136059, 9756, 'porro', 7, 2.452, 17.164),
(136060, 9756, 'voluptatum', 5, 123540.883, 617704.415),
(136061, 9756, 'adipisci', 8, 4.761, 38.088),
(136062, 9756, 'dolorem', 8, 1, 8),
(136063, 9756, 'suscipit', 5, 81, 405),
(136064, 9756, 'dolores', 9, 301454.637, 2713091.733),
(136065, 9756, 'facilis', 2, 99864.047, 199728.094),
(136066, 9756, 'perferendis', 9, 3.448, 31.032),
(136067, 9756, 'assumenda', 9, 1115.4, 10038.6),
(136068, 9756, 'et', 4, 4666462.913, 18665851.652),
(136069, 9756, 'laborum', 10, 101093612, 1010936120),
(136070, 9756, 'sit', 8, 4943.6, 39548.8),
(136071, 9756, 'qui', 9, 54579.257, 491213.313),
(136072, 9756, 'quam', 9, 26604511.94, 239440607.46),
(136073, 9756, 'dolorem', 3, 36637463.418, 109912390.254),
(136074, 9757, 'nesciunt', 1, 28502120.654, 28502120.654),
(136075, 9757, 'et', 7, 483, 3381),
(136076, 9757, 'at', 4, 0, 0),
(136077, 9757, 'provident', 8, 1.763, 14.104),
(136078, 9757, 'magni', 8, 42767631.54, 342141052.32),
(136079, 9757, 'voluptatem', 3, 1.412, 4.236),
(136080, 9757, 'voluptates', 6, 853.778, 5122.668),
(136081, 9757, 'sit', 7, 0.3, 2.1),
(136082, 9757, 'nihil', 8, 55531700.794, 444253606.352),
(136083, 9757, 'at', 7, 11302329.77, 79116308.39),
(136084, 9757, 'dolorem', 6, 132994.617, 797967.702),
(136085, 9757, 'pariatur', 5, 328877613.147, 1644388065.735),
(136086, 9757, 'maxime', 4, 32375.4, 129501.6),
(136087, 9757, 'dolores', 3, 5295.625, 15886.875),
(136088, 9757, 'et', 8, 497308.283, 3978466.264),
(136089, 9757, 'provident', 6, 1.039, 6.234),
(136090, 9757, 'est', 2, 163024.958, 326049.916),
(136091, 9758, 'quidem', 9, 70618.468, 635566.212),
(136092, 9758, 'delectus', 2, 27617259.652, 55234519.304),
(136093, 9758, 'maxime', 10, 5664.17, 56641.7),
(136094, 9758, 'rerum', 8, 6311.217, 50489.736),
(136095, 9758, 'fuga', 1, 459237.786, 459237.786),
(136096, 9758, 'cumque', 9, 71.628, 644.652),
(136097, 9758, 'autem', 6, 3.928, 23.568),
(136098, 9758, 'quis', 3, 851.556, 2554.668),
(136099, 9758, 'magnam', 9, 3433.8, 30904.2),
(136100, 9758, 'et', 9, 368.657, 3317.913),
(136101, 9758, 'et', 8, 14.819, 118.552),
(136102, 9758, 'est', 6, 9.62, 57.72),
(136103, 9758, 'suscipit', 1, 23.39, 23.39),
(136104, 9758, 'libero', 10, 14138143.74, 141381437.4),
(136105, 9759, 'autem', 10, 22, 220),
(136106, 9759, 'corrupti', 7, 216061, 1512427),
(136107, 9759, 'quasi', 9, 2612.393, 23511.537),
(136108, 9759, 'cupiditate', 5, 3876714.783, 19383573.915),
(136109, 9759, 'quis', 2, 43071.45, 86142.9),
(136110, 9759, 'veniam', 3, 110.73, 332.19),
(136111, 9759, 'eum', 9, 32.798, 295.182),
(136112, 9759, 'velit', 2, 1905190.012, 3810380.024),
(136113, 9759, 'nulla', 6, 5814.8, 34888.8),
(136114, 9759, 'alias', 3, 35.484, 106.452),
(136115, 9759, 'dolorem', 10, 259002496.074, 2590024960.74),
(136116, 9759, 'omnis', 8, 0.764, 6.112),
(136117, 9759, 'excepturi', 4, 2.7, 10.8),
(136118, 9759, 'quia', 8, 451186.113, 3609488.904),
(136119, 9759, 'hic', 10, 753612.45, 7536124.5),
(136120, 9760, 'iusto', 10, 20732.594, 207325.94),
(136121, 9760, 'officia', 7, 203020.433, 1421143.031),
(136122, 9760, 'possimus', 9, 469200.667, 4222806.003),
(136123, 9760, 'odit', 10, 551286, 5512860),
(136124, 9760, 'maiores', 1, 1709449.821, 1709449.821),
(136125, 9760, 'exercitationem', 5, 26.713, 133.565),
(136126, 9760, 'sunt', 1, 4.788, 4.788),
(136127, 9760, 'maxime', 4, 352.54, 1410.16),
(136128, 9760, 'vel', 6, 3860.022, 23160.132),
(136129, 9760, 'non', 9, 683.591, 6152.319),
(136130, 9760, 'praesentium', 3, 823.363, 2470.089),
(136131, 9760, 'consequatur', 8, 188.946, 1511.568),
(136132, 9760, 'veritatis', 8, 29109.129, 232873.032),
(136133, 9760, 'exercitationem', 7, 3.74, 26.18),
(136134, 9760, 'a', 8, 5638.1, 45104.8),
(136135, 9761, 'labore', 6, 1.032, 6.192),
(136136, 9761, 'incidunt', 10, 377491886.226, 3774918862.26),
(136137, 9761, 'labore', 8, 48.599, 388.792),
(136138, 9761, 'delectus', 9, 1127342.492, 10146082.428),
(136139, 9761, 'sint', 9, 7101.49, 63913.41),
(136140, 9761, 'nesciunt', 8, 453, 3624),
(136141, 9761, 'magnam', 7, 604218.74, 4229531.18),
(136142, 9761, 'dolor', 5, 14040708.621, 70203543.105),
(136143, 9761, 'consectetur', 10, 5762146.175, 57621461.75),
(136144, 9761, 'et', 3, 27523.27, 82569.81),
(136145, 9761, 'tenetur', 6, 54272.216, 325633.296),
(136146, 9761, 'voluptatum', 8, 3460740.017, 27685920.136),
(136147, 9761, 'atque', 1, 32.579, 32.579),
(136148, 9761, 'animi', 4, 64587327.105, 258349308.42),
(136149, 9762, 'rerum', 6, 2.118, 12.708),
(136150, 9762, 'provident', 8, 64.146, 513.168),
(136151, 9762, 'qui', 5, 4019.894, 20099.47),
(136152, 9762, 'sit', 4, 90216.996, 360867.984),
(136153, 9762, 'iusto', 9, 738925.933, 6650333.397),
(136154, 9762, 'earum', 10, 1.643, 16.43),
(136155, 9762, 'ipsa', 9, 0.616, 5.544),
(136156, 9762, 'expedita', 4, 169667858.178, 678671432.712),
(136157, 9762, 'omnis', 9, 2792.051, 25128.459),
(136158, 9762, 'distinctio', 3, 1.97, 5.91),
(136159, 9762, 'aut', 6, 2.263, 13.578),
(136160, 9762, 'nulla', 8, 15750.48, 126003.84),
(136161, 9762, 'autem', 6, 151805631, 910833786),
(136162, 9762, 'ut', 8, 7414.005, 59312.04),
(136163, 9762, 'illum', 3, 3.61, 10.83),
(136164, 9763, 'est', 5, 18, 90),
(136165, 9763, 'quibusdam', 5, 190917801.4, 954589007),
(136166, 9763, 'incidunt', 9, 8781.244, 79031.196),
(136167, 9763, 'molestias', 3, 2.229, 6.687),
(136168, 9763, 'iste', 4, 401261.67, 1605046.68),
(136169, 9763, 'quia', 3, 2981.644, 8944.932),
(136170, 9763, 'ipsum', 8, 7135.03, 57080.24),
(136171, 9763, 'consectetur', 7, 50951342.014, 356659394.098),
(136172, 9763, 'ullam', 3, 10253.98, 30761.94),
(136173, 9763, 'aliquam', 3, 347418178.519, 1042254535.557),
(136174, 9763, 'illo', 3, 293263.804, 879791.412),
(136175, 9763, 'laudantium', 9, 16.053, 144.477),
(136176, 9763, 'sapiente', 10, 4396935.229, 43969352.29),
(136177, 9763, 'sit', 4, 265717.7, 1062870.8),
(136178, 9763, 'corporis', 10, 40842, 408420),
(136179, 9764, 'et', 4, 5068, 20272),
(136180, 9764, 'nulla', 10, 46505597.33, 465055973.3),
(136181, 9764, 'ut', 8, 55.539, 444.312),
(136182, 9764, 'delectus', 7, 631595.458, 4421168.206),
(136183, 9764, 'eos', 9, 5.92, 53.28),
(136184, 9764, 'occaecati', 9, 315769.084, 2841921.756),
(136185, 9764, 'modi', 9, 0, 0),
(136186, 9764, 'molestiae', 4, 1957, 7828),
(136187, 9764, 'blanditiis', 6, 2962.943, 17777.658),
(136188, 9764, 'magnam', 8, 23019.016, 184152.128),
(136189, 9764, 'nam', 10, 107935897.25, 1079358972.5),
(136190, 9764, 'sequi', 9, 45184868.91, 406663820.19),
(136191, 9764, 'quisquam', 7, 2086364.566, 14604551.962),
(136192, 9764, 'deleniti', 8, 3.8, 30.4),
(136193, 9764, 'magni', 3, 952292.395, 2856877.185),
(136194, 9764, 'a', 4, 8.276, 33.104),
(136195, 9764, 'expedita', 7, 2.027, 14.189),
(136196, 9764, 'omnis', 3, 3.127, 9.381),
(136197, 9765, 'dolore', 8, 2552748.464, 20421987.712),
(136198, 9765, 'dolor', 10, 39606225.84, 396062258.4),
(136199, 9765, 'animi', 9, 671421360.99, 6042792248.91),
(136200, 9765, 'itaque', 6, 180.214, 1081.284),
(136201, 9765, 'voluptate', 5, 60823624.311, 304118121.555),
(136202, 9765, 'facere', 5, 525432773.7, 2627163868.5),
(136203, 9765, 'sint', 10, 43002040.621, 430020406.21),
(136204, 9765, 'et', 8, 139669408.248, 1117355265.984),
(136205, 9765, 'atque', 5, 4, 20),
(136206, 9765, 'voluptatem', 2, 642.254, 1284.508),
(136207, 9765, 'repellendus', 10, 82.43, 824.3),
(136208, 9765, 'voluptatum', 6, 302734.478, 1816406.868),
(136209, 9766, 'sed', 9, 40148.2, 361333.8),
(136210, 9766, 'corrupti', 9, 183.46, 1651.14),
(136211, 9766, 'ut', 6, 4.342, 26.052),
(136212, 9766, 'aut', 3, 1945.905, 5837.715),
(136213, 9766, 'inventore', 6, 58462458.059, 350774748.354),
(136214, 9766, 'omnis', 7, 24218578.151, 169530047.057),
(136215, 9766, 'eveniet', 2, 56.716, 113.432),
(136216, 9766, 'asperiores', 10, 6720215.407, 67202154.07),
(136217, 9766, 'debitis', 9, 5570657.4, 50135916.6),
(136218, 9766, 'autem', 5, 1594.116, 7970.58),
(136219, 9766, 'itaque', 9, 153056.738, 1377510.642),
(136220, 9766, 'velit', 8, 42.976, 343.808),
(136221, 9766, 'architecto', 2, 3, 6),
(136222, 9766, 'ea', 7, 1.663, 11.641),
(136223, 9766, 'aliquam', 10, 551491.28, 5514912.8),
(136224, 9767, 'deserunt', 4, 4380.974, 17523.896),
(136225, 9767, 'eaque', 7, 5256943.4, 36798603.8),
(136226, 9767, 'quis', 4, 364727.622, 1458910.488),
(136227, 9767, 'non', 2, 13018.637, 26037.274),
(136228, 9767, 'perferendis', 4, 3055.279, 12221.116),
(136229, 9767, 'et', 9, 143365.428, 1290288.852),
(136230, 9767, 'fuga', 6, 14654.1, 87924.6),
(136231, 9767, 'ipsam', 8, 210.5, 1684),
(136232, 9767, 'quidem', 3, 0, 0),
(136233, 9767, 'at', 7, 459.533, 3216.731),
(136234, 9767, 'nemo', 9, 1.63, 14.67),
(136235, 9767, 'sunt', 9, 2.5, 22.5),
(136236, 9767, 'eligendi', 8, 3150.053, 25200.424),
(136237, 9768, 'ut', 4, 47.036, 188.144),
(136238, 9768, 'est', 10, 31298915.84, 312989158.4),
(136239, 9768, 'dicta', 9, 535725548.024, 4821529932.216),
(136240, 9768, 'laborum', 5, 482767974.53, 2413839872.65),
(136241, 9768, 'perferendis', 2, 1217207.97, 2434415.94),
(136242, 9768, 'dolores', 5, 84636.497, 423182.485),
(136243, 9768, 'adipisci', 5, 15653777.383, 78268886.915),
(136244, 9768, 'odit', 7, 94.924, 664.468),
(136245, 9768, 'ab', 10, 6065.468, 60654.68),
(136246, 9768, 'consequuntur', 6, 14632103, 87792618),
(136247, 9768, 'aspernatur', 5, 1203503.104, 6017515.52),
(136248, 9768, 'quia', 5, 80.815, 404.075),
(136249, 9768, 'facilis', 1, 3560.482, 3560.482),
(136250, 9768, 'minima', 8, 173478015.048, 1387824120.384),
(136251, 9769, 'officia', 7, 18988.4, 132918.8),
(136252, 9769, 'architecto', 8, 11.816, 94.528),
(136253, 9769, 'quis', 5, 716021811.757, 3580109058.785),
(136254, 9769, 'minima', 4, 2280866.086, 9123464.344),
(136255, 9769, 'et', 7, 53405146.246, 373836023.722),
(136256, 9769, 'iusto', 8, 2847.683, 22781.464),
(136257, 9769, 'doloremque', 6, 710779.247, 4264675.482),
(136258, 9769, 'architecto', 5, 817335948.543, 4086679742.715),
(136259, 9769, 'ut', 8, 2725.797, 21806.376),
(136260, 9769, 'consequuntur', 8, 1656.43, 13251.44),
(136261, 9769, 'sit', 7, 291.644, 2041.508),
(136262, 9770, 'similique', 8, 45172.168, 361377.344),
(136263, 9770, 'exercitationem', 7, 288604615.9, 2020232311.3),
(136264, 9770, 'velit', 4, 1, 4),
(136265, 9770, 'id', 9, 2521.1, 22689.9),
(136266, 9770, 'aliquam', 5, 18.721, 93.605),
(136267, 9770, 'nisi', 9, 369412.901, 3324716.109),
(136268, 9770, 'nulla', 3, 7625822.428, 22877467.284),
(136269, 9770, 'dolor', 9, 44182903.408, 397646130.672),
(136270, 9770, 'inventore', 7, 4.038, 28.266),
(136271, 9770, 'similique', 7, 5899.507, 41296.549),
(136272, 9770, 'nihil', 1, 6921.201, 6921.201),
(136273, 9770, 'sed', 3, 0, 0),
(136274, 9770, 'illo', 3, 723.701, 2171.103),
(136275, 9770, 'nisi', 7, 3086090, 21602630),
(136276, 9770, 'temporibus', 9, 4107389.811, 36966508.299),
(136277, 9771, 'eligendi', 8, 2.496, 19.968),
(136278, 9771, 'qui', 5, 1.63, 8.15),
(136279, 9771, 'fugit', 10, 1.606, 16.06),
(136280, 9771, 'alias', 6, 153488416.428, 920930498.568),
(136281, 9771, 'sunt', 7, 4761.73, 33332.11),
(136282, 9771, 'dolorum', 9, 27373.1, 246357.9),
(136283, 9771, 'vel', 5, 16.589, 82.945),
(136284, 9771, 'quia', 9, 4.961, 44.649),
(136285, 9771, 'et', 8, 616789.28, 4934314.24),
(136286, 9771, 'et', 7, 24967.684, 174773.788),
(136287, 9771, 'ut', 7, 253.8, 1776.6),
(136288, 9771, 'fugiat', 1, 222.405, 222.405),
(136289, 9771, 'non', 5, 117.68, 588.4),
(136290, 9771, 'molestiae', 2, 14.6, 29.2),
(136291, 9772, 'non', 1, 1304.76, 1304.76),
(136292, 9772, 'sunt', 2, 419092.549, 838185.098),
(136293, 9772, 'aut', 3, 2184.882, 6554.646),
(136294, 9772, 'numquam', 7, 7912536.996, 55387758.972),
(136295, 9772, 'neque', 10, 67080181.661, 670801816.61),
(136296, 9772, 'aperiam', 9, 3074.6, 27671.4),
(136297, 9772, 'qui', 4, 2091.563, 8366.252),
(136298, 9772, 'quaerat', 3, 5.249, 15.747),
(136299, 9772, 'reprehenderit', 2, 33343675.197, 66687350.394),
(136300, 9772, 'eos', 3, 2094.686, 6284.058),
(136301, 9772, 'et', 4, 330.772, 1323.088),
(136302, 9772, 'molestiae', 9, 10.4, 93.6),
(136303, 9772, 'velit', 10, 30.669, 306.69),
(136304, 9772, 'debitis', 10, 2746.516, 27465.16),
(136305, 9772, 'deserunt', 8, 329931146, 2639449168),
(136306, 9772, 'aut', 10, 2.683, 26.83),
(136307, 9772, 'ipsum', 5, 39402.598, 197012.99),
(136308, 9773, 'rerum', 2, 4774974.396, 9549948.792),
(136309, 9773, 'molestias', 3, 3, 9),
(136310, 9773, 'minus', 7, 135921.07, 951447.49),
(136311, 9773, 'et', 1, 112083.78, 112083.78),
(136312, 9773, 'fugiat', 8, 7332.821, 58662.568),
(136313, 9773, 'aut', 9, 452436.669, 4071930.021),
(136314, 9773, 'rerum', 4, 2850859.171, 11403436.684),
(136315, 9773, 'quia', 5, 87596.823, 437984.115),
(136316, 9773, 'odit', 9, 0.57, 5.13),
(136317, 9773, 'deserunt', 7, 23066496.83, 161465477.81),
(136318, 9773, 'voluptatem', 5, 11551.68, 57758.4),
(136319, 9773, 'illum', 1, 2627471.48, 2627471.48),
(136320, 9773, 'laborum', 9, 3038.694, 27348.246),
(136321, 9773, 'eum', 10, 16.633, 166.33),
(136322, 9773, 'velit', 10, 4217.85, 42178.5),
(136323, 9773, 'quos', 8, 29029, 232232),
(136324, 9773, 'natus', 10, 13329829.121, 133298291.21),
(136325, 9773, 'fuga', 5, 0.843, 4.215),
(136326, 9774, 'animi', 7, 8.4, 58.8),
(136327, 9774, 'esse', 7, 6.529, 45.703),
(136328, 9774, 'ut', 6, 257.129, 1542.774),
(136329, 9774, 'fugit', 5, 36883677.636, 184418388.18),
(136330, 9774, 'in', 7, 653409.52, 4573866.64),
(136331, 9774, 'quaerat', 4, 21429019.4, 85716077.6),
(136332, 9774, 'voluptas', 5, 21.139, 105.695),
(136333, 9774, 'nisi', 9, 17121285.998, 154091573.982),
(136334, 9774, 'consequatur', 7, 35316722, 247217054),
(136335, 9774, 'consequatur', 4, 17081685.446, 68326741.784),
(136336, 9774, 'praesentium', 10, 1830.698, 18306.98),
(136337, 9774, 'optio', 10, 7243, 72430),
(136338, 9774, 'occaecati', 8, 40.3, 322.4),
(136339, 9775, 'consectetur', 10, 0.397, 3.97),
(136340, 9775, 'sit', 8, 114.072, 912.576),
(136341, 9775, 'rerum', 7, 407.143, 2850.001),
(136342, 9775, 'eaque', 9, 81.024, 729.216),
(136343, 9775, 'veritatis', 7, 2943388.425, 20603718.975),
(136344, 9775, 'veniam', 8, 0.439, 3.512),
(136345, 9775, 'praesentium', 10, 10.6, 106),
(136346, 9775, 'impedit', 6, 444236.928, 2665421.568),
(136347, 9775, 'distinctio', 8, 56625.756, 453006.048),
(136348, 9775, 'pariatur', 9, 14132, 127188),
(136349, 9775, 'voluptas', 3, 9732.442, 29197.326),
(136350, 9775, 'dolores', 6, 60.861, 365.166),
(136351, 9776, 'voluptates', 3, 258, 774),
(136352, 9776, 'neque', 8, 579657419.528, 4637259356.224),
(136353, 9776, 'aspernatur', 4, 104.6, 418.4),
(136354, 9776, 'repudiandae', 7, 0.041, 0.287),
(136355, 9776, 'culpa', 10, 257725.997, 2577259.97),
(136356, 9776, 'et', 4, 5613740.534, 22454962.136),
(136357, 9776, 'voluptatem', 8, 416237631.495, 3329901051.96),
(136358, 9776, 'sint', 8, 2.21, 17.68),
(136359, 9776, 'dolores', 1, 2624.634, 2624.634),
(136360, 9776, 'perferendis', 7, 2.039, 14.273),
(136361, 9776, 'eos', 3, 1859304.4, 5577913.2),
(136362, 9776, 'tenetur', 4, 77392.312, 309569.248),
(136363, 9776, 'culpa', 8, 1204531.1, 9636248.8),
(136364, 9776, 'inventore', 5, 0.963, 4.815),
(136365, 9777, 'veniam', 5, 672568.805, 3362844.025),
(136366, 9777, 'optio', 9, 35.876, 322.884),
(136367, 9777, 'est', 9, 121481.679, 1093335.111),
(136368, 9777, 'qui', 3, 51274, 153822),
(136369, 9777, 'sint', 8, 31184972.971, 249479783.768),
(136370, 9777, 'quisquam', 10, 22313545, 223135450),
(136371, 9777, 'perferendis', 8, 8781.03, 70248.24),
(136372, 9777, 'consequatur', 7, 264747896.4, 1853235274.8),
(136373, 9777, 'minus', 9, 301, 2709),
(136374, 9777, 'rerum', 8, 1.67, 13.36),
(136375, 9777, 'repellat', 9, 70784.849, 637063.641),
(136376, 9777, 'velit', 3, 1.637, 4.911),
(136377, 9777, 'et', 10, 55557919.231, 555579192.31),
(136378, 9777, 'nihil', 2, 114916.918, 229833.836),
(136379, 9777, 'sunt', 10, 313448363.649, 3134483636.49),
(136380, 9778, 'veniam', 7, 2.589, 18.123),
(136381, 9778, 'voluptatem', 5, 484677700.642, 2423388503.21),
(136382, 9778, 'voluptas', 5, 793.403, 3967.015),
(136383, 9778, 'eum', 7, 306662.926, 2146640.482),
(136384, 9778, 'et', 8, 46.12, 368.96),
(136385, 9778, 'earum', 6, 74296817.987, 445780907.922),
(136386, 9778, 'illo', 10, 1.843, 18.43),
(136387, 9778, 'sit', 5, 1831124.082, 9155620.41),
(136388, 9778, 'dolorum', 4, 16796958.76, 67187835.04),
(136389, 9778, 'dolores', 5, 40365334.49, 201826672.45),
(136390, 9778, 'est', 9, 0.07, 0.63),
(136391, 9778, 'et', 8, 3287.3, 26298.4),
(136392, 9778, 'optio', 8, 6734.6, 53876.8),
(136393, 9778, 'iure', 4, 126778739.116, 507114956.464),
(136394, 9778, 'impedit', 5, 2693.363, 13466.815),
(136395, 9778, 'consequuntur', 7, 286479.284, 2005354.988),
(136396, 9778, 'sed', 9, 507472382.466, 4567251442.194),
(136397, 9779, 'voluptatem', 10, 0.302, 3.02),
(136398, 9779, 'eum', 10, 7597.619, 75976.19),
(136399, 9779, 'quibusdam', 6, 33802.585, 202815.51),
(136400, 9779, 'iure', 8, 98016.854, 784134.832),
(136401, 9779, 'eveniet', 8, 1389661.8, 11117294.4),
(136402, 9779, 'vel', 10, 2435.4, 24354),
(136403, 9779, 'et', 2, 72572.571, 145145.142),
(136404, 9779, 'eos', 6, 0.732, 4.392),
(136405, 9779, 'quibusdam', 8, 514374.865, 4114998.92),
(136406, 9779, 'ratione', 9, 69316728.57, 623850557.13),
(136407, 9779, 'id', 9, 1172.302, 10550.718),
(136408, 9779, 'amet', 6, 3.26, 19.56),
(136409, 9779, 'voluptas', 6, 206798.4, 1240790.4),
(136410, 9779, 'ad', 6, 6.299, 37.794),
(136411, 9779, 'numquam', 5, 0, 0),
(136412, 9779, 'delectus', 7, 40255.533, 281788.731),
(136413, 9780, 'nobis', 5, 10163.1, 50815.5),
(136414, 9780, 'tempora', 4, 99839392.431, 399357569.724),
(136415, 9780, 'veniam', 8, 40213.871, 321710.968),
(136416, 9780, 'illo', 5, 215617.836, 1078089.18),
(136417, 9780, 'molestiae', 5, 5606.05, 28030.25),
(136418, 9780, 'recusandae', 7, 3752656, 26268592),
(136419, 9780, 'quidem', 8, 13, 104),
(136420, 9780, 'sint', 9, 8.385, 75.465),
(136421, 9780, 'quos', 5, 21.018, 105.09),
(136422, 9780, 'doloremque', 6, 115.569, 693.414),
(136423, 9780, 'sit', 6, 293.416, 1760.496),
(136424, 9780, 'in', 10, 3203743.215, 32037432.15),
(136425, 9780, 'sed', 4, 173637.521, 694550.084),
(136426, 9780, 'consequatur', 10, 39.653, 396.53),
(136427, 9780, 'ratione', 9, 335789404, 3022104636),
(136428, 9780, 'suscipit', 4, 4011753.188, 16047012.752),
(136429, 9780, 'voluptas', 3, 64697216.2, 194091648.6),
(136430, 9781, 'maxime', 4, 24.081, 96.324),
(136431, 9781, 'similique', 4, 60885695.816, 243542783.264),
(136432, 9781, 'quam', 6, 2.078, 12.468),
(136433, 9781, 'autem', 6, 4153768, 24922608),
(136434, 9781, 'rerum', 6, 1667349.638, 10004097.828),
(136435, 9781, 'provident', 9, 795415945.209, 7158743506.881),
(136436, 9781, 'tempora', 10, 4257.181, 42571.81),
(136437, 9781, 'debitis', 4, 1690038.437, 6760153.748),
(136438, 9781, 'odit', 9, 242.08, 2178.72),
(136439, 9781, 'voluptatem', 8, 292.042, 2336.336),
(136440, 9781, 'omnis', 5, 40209.313, 201046.565),
(136441, 9781, 'eos', 7, 38, 266),
(136442, 9781, 'beatae', 8, 3690203.77, 29521630.16),
(136443, 9781, 'quos', 5, 256.794, 1283.97),
(136444, 9781, 'dolores', 2, 18905.083, 37810.166),
(136445, 9781, 'eaque', 8, 11236.98, 89895.84),
(136446, 9782, 'aut', 6, 588.811, 3532.866),
(136447, 9782, 'aut', 1, 178230502.52, 178230502.52),
(136448, 9782, 'illo', 7, 3216.477, 22515.339),
(136449, 9782, 'nihil', 6, 1261.238, 7567.428),
(136450, 9782, 'ipsum', 6, 15.765, 94.59),
(136451, 9782, 'et', 10, 300198, 3001980),
(136452, 9782, 'vel', 5, 40543293.7, 202716468.5),
(136453, 9782, 'et', 10, 8.796, 87.96),
(136454, 9782, 'ducimus', 7, 5068203.157, 35477422.099),
(136455, 9782, 'optio', 9, 141740273.132, 1275662458.188),
(136456, 9782, 'aut', 5, 5.281, 26.405),
(136457, 9782, 'quo', 10, 6041737.76, 60417377.6),
(136458, 9782, 'aspernatur', 3, 286757.449, 860272.347),
(136459, 9782, 'numquam', 9, 297491.15, 2677420.35),
(136460, 9782, 'voluptatem', 10, 4, 40),
(136461, 9783, 'similique', 4, 25773.51, 103094.04),
(136462, 9783, 'aut', 9, 27510.1, 247590.9),
(136463, 9783, 'veniam', 9, 17, 153),
(136464, 9783, 'dolor', 2, 60339.68, 120679.36),
(136465, 9783, 'possimus', 5, 271.979, 1359.895),
(136466, 9783, 'commodi', 8, 3883, 31064),
(136467, 9783, 'molestias', 7, 2.544, 17.808),
(136468, 9783, 'qui', 10, 9421934.255, 94219342.55),
(136469, 9783, 'accusantium', 7, 3163.3, 22143.1),
(136470, 9783, 'sint', 7, 18.055, 126.385),
(136471, 9783, 'aut', 2, 2865.7, 5731.4),
(136472, 9783, 'sint', 1, 27.98, 27.98),
(136473, 9783, 'sed', 10, 2117916.9, 21179169),
(136474, 9783, 'et', 9, 300, 2700),
(136475, 9783, 'qui', 10, 306.058, 3060.58),
(136476, 9783, 'vero', 3, 1363540.347, 4090621.041),
(136477, 9783, 'officiis', 3, 2074.634, 6223.902),
(136478, 9784, 'quidem', 10, 11.78, 117.8),
(136479, 9784, 'qui', 5, 0, 0),
(136480, 9784, 'corporis', 7, 522.337, 3656.359),
(136481, 9784, 'cupiditate', 4, 21.303, 85.212),
(136482, 9784, 'magni', 6, 139.396, 836.376),
(136483, 9784, 'est', 5, 574065, 2870325),
(136484, 9784, 'quos', 5, 355335.828, 1776679.14),
(136485, 9784, 'nostrum', 7, 34743, 243201),
(136486, 9784, 'esse', 7, 3.063, 21.441),
(136487, 9784, 'et', 6, 40910417.6, 245462505.6),
(136488, 9784, 'enim', 10, 0, 0),
(136489, 9784, 'dolores', 9, 85344961.598, 768104654.382),
(136490, 9784, 'porro', 8, 212554, 1700432),
(136491, 9785, 'et', 4, 140.971, 563.884),
(136492, 9785, 'sequi', 9, 145599803.351, 1310398230.159),
(136493, 9785, 'et', 6, 5084.094, 30504.564),
(136494, 9785, 'quis', 3, 3655782.457, 10967347.371),
(136495, 9785, 'quaerat', 10, 13.2, 132),
(136496, 9785, 'accusamus', 3, 52, 156),
(136497, 9785, 'nemo', 10, 74946.041, 749460.41),
(136498, 9785, 'rerum', 8, 97079280.255, 776634242.04),
(136499, 9785, 'aliquid', 7, 433082.121, 3031574.847),
(136500, 9785, 'molestiae', 4, 205506433.9, 822025735.6),
(136501, 9785, 'ut', 9, 188.473, 1696.257),
(136502, 9785, 'aut', 9, 3.089, 27.801),
(136503, 9785, 'molestias', 5, 4.95, 24.75),
(136504, 9785, 'atque', 8, 49463349.475, 395706795.8),
(136505, 9785, 'eos', 1, 28.7, 28.7),
(136506, 9785, 'recusandae', 6, 88198934.575, 529193607.45),
(136507, 9785, 'sit', 5, 201718956.7, 1008594783.5),
(136508, 9785, 'recusandae', 9, 69412, 624708),
(136509, 9785, 'aliquam', 7, 17286.45, 121005.15),
(136510, 9786, 'dolorum', 8, 154322281.906, 1234578255.248),
(136511, 9786, 'nulla', 9, 197781.15, 1780030.35),
(136512, 9786, 'sit', 10, 39792968.751, 397929687.51),
(136513, 9786, 'officiis', 8, 8281485.431, 66251883.448),
(136514, 9786, 'et', 1, 66097975.107, 66097975.107),
(136515, 9786, 'excepturi', 10, 61.618, 616.18),
(136516, 9786, 'accusamus', 2, 8.949, 17.898),
(136517, 9786, 'inventore', 3, 26.5, 79.5),
(136518, 9786, 'rem', 8, 128613.577, 1028908.616),
(136519, 9786, 'facere', 7, 3543.126, 24801.882),
(136520, 9786, 'itaque', 10, 25641.2, 256412),
(136521, 9786, 'incidunt', 8, 4.435, 35.48),
(136522, 9787, 'est', 8, 63466284, 507730272),
(136523, 9787, 'optio', 8, 274244.267, 2193954.136),
(136524, 9787, 'ipsam', 5, 33955.642, 169778.21),
(136525, 9787, 'molestiae', 1, 3721.541, 3721.541),
(136526, 9787, 'impedit', 4, 45310072.638, 181240290.552),
(136527, 9787, 'ipsa', 2, 12.443, 24.886),
(136528, 9787, 'cupiditate', 10, 30009, 300090),
(136529, 9787, 'et', 7, 4194342.11, 29360394.77),
(136530, 9787, 'sit', 4, 81.739, 326.956),
(136531, 9787, 'in', 5, 18688.68, 93443.4),
(136532, 9787, 'magni', 6, 298335824.46, 1790014946.76),
(136533, 9787, 'minima', 7, 11589863.825, 81129046.775),
(136534, 9787, 'et', 6, 23386.616, 140319.696),
(136535, 9787, 'doloremque', 7, 246.643, 1726.501),
(136536, 9787, 'impedit', 6, 116380.03, 698280.18),
(136537, 9788, 'officia', 3, 6.124, 18.372),
(136538, 9788, 'et', 10, 14764.3, 147643),
(136539, 9788, 'esse', 7, 21877469, 153142283),
(136540, 9788, 'qui', 7, 45070711.392, 315494979.744),
(136541, 9788, 'placeat', 5, 53329556.694, 266647783.47),
(136542, 9788, 'numquam', 7, 3413820.188, 23896741.316),
(136543, 9788, 'cupiditate', 9, 2.254, 20.286),
(136544, 9788, 'perferendis', 7, 149.4, 1045.8),
(136545, 9788, 'vitae', 6, 0.1, 0.6),
(136546, 9788, 'provident', 10, 76.124, 761.24),
(136547, 9788, 'ut', 10, 689192083.2, 6891920832),
(136548, 9788, 'vel', 9, 3.749, 33.741),
(136549, 9788, 'non', 8, 1037559, 8300472),
(136550, 9788, 'enim', 3, 40687180.003, 122061540.009),
(136551, 9788, 'et', 8, 4.669, 37.352),
(136552, 9789, 'optio', 1, 223858.976, 223858.976),
(136553, 9789, 'consequatur', 6, 100118.828, 600712.968),
(136554, 9789, 'minima', 8, 22, 176),
(136555, 9789, 'magni', 6, 232.9, 1397.4),
(136556, 9789, 'facilis', 2, 397695.969, 795391.938),
(136557, 9789, 'aliquam', 8, 1003458, 8027664),
(136558, 9789, 'molestiae', 1, 32.122, 32.122),
(136559, 9789, 'facere', 6, 1.72, 10.32),
(136560, 9789, 'quos', 9, 46323.25, 416909.25),
(136561, 9789, 'praesentium', 4, 134.11, 536.44),
(136562, 9789, 'sint', 3, 93846.856, 281540.568),
(136563, 9789, 'eius', 9, 560735, 5046615),
(136564, 9789, 'et', 8, 220578608.267, 1764628866.136),
(136565, 9789, 'quos', 8, 453.677, 3629.416),
(136566, 9789, 'repellat', 10, 3014.005, 30140.05),
(136567, 9789, 'ab', 10, 6.345, 63.45),
(136568, 9790, 'autem', 6, 150.047, 900.282),
(136569, 9790, 'optio', 7, 886, 6202),
(136570, 9790, 'repellendus', 3, 52275493.804, 156826481.412),
(136571, 9790, 'maxime', 5, 176260791.747, 881303958.735),
(136572, 9790, 'deserunt', 5, 69809082.43, 349045412.15),
(136573, 9790, 'ducimus', 6, 6814.624, 40887.744),
(136574, 9790, 'iusto', 9, 221225.25, 1991027.25),
(136575, 9790, 'et', 4, 90544633.574, 362178534.296),
(136576, 9790, 'cupiditate', 9, 2088.63, 18797.67),
(136577, 9790, 'alias', 5, 0.395, 1.975),
(136578, 9790, 'incidunt', 5, 11.038, 55.19),
(136579, 9790, 'omnis', 7, 72435.584, 507049.088),
(136580, 9790, 'quo', 3, 56192973.877, 168578921.631),
(136581, 9790, 'occaecati', 8, 31035.8, 248286.4),
(136582, 9791, 'consequatur', 6, 254, 1524),
(136583, 9791, 'ratione', 5, 153051259.35, 765256296.75),
(136584, 9791, 'molestias', 7, 0.488, 3.416),
(136585, 9791, 'voluptatem', 9, 29340376.4, 264063387.6),
(136586, 9791, 'necessitatibus', 3, 0.474, 1.422),
(136587, 9791, 'veniam', 10, 487450.868, 4874508.68),
(136588, 9791, 'nisi', 2, 158.257, 316.514),
(136589, 9791, 'illo', 10, 268577739.117, 2685777391.17),
(136590, 9791, 'sit', 6, 2, 12),
(136591, 9791, 'et', 10, 183137, 1831370),
(136592, 9791, 'tempore', 9, 6153077.01, 55377693.09),
(136593, 9791, 'quam', 10, 261.301, 2613.01),
(136594, 9791, 'facere', 6, 3484526.2, 20907157.2),
(136595, 9792, 'et', 7, 5932.169, 41525.183),
(136596, 9792, 'dolorem', 5, 12532963.42, 62664817.1),
(136597, 9792, 'eos', 8, 28780.12, 230240.96),
(136598, 9792, 'nobis', 6, 0.43, 2.58),
(136599, 9792, 'tempore', 10, 79.247, 792.47),
(136600, 9792, 'vel', 7, 54898.951, 384292.657),
(136601, 9792, 'repudiandae', 10, 27276806.284, 272768062.84),
(136602, 9792, 'libero', 10, 12587556.705, 125875567.05),
(136603, 9792, 'quibusdam', 10, 344.1, 3441),
(136604, 9792, 'nihil', 9, 721154.179, 6490387.611),
(136605, 9792, 'quia', 3, 1.28, 3.84),
(136606, 9792, 'excepturi', 7, 460603.359, 3224223.513),
(136607, 9792, 'est', 9, 190665, 1715985),
(136608, 9792, 'animi', 8, 52954080.068, 423632640.544),
(136609, 9792, 'rem', 4, 15730.545, 62922.18),
(136610, 9793, 'atque', 6, 157.259, 943.554),
(136611, 9793, 'delectus', 10, 72.895, 728.95),
(136612, 9793, 'vero', 8, 198766.4, 1590131.2),
(136613, 9793, 'deserunt', 9, 3.585, 32.265),
(136614, 9793, 'ad', 8, 5.471, 43.768),
(136615, 9793, 'ut', 8, 56042627.02, 448341016.16),
(136616, 9793, 'fugit', 5, 5125.84, 25629.2),
(136617, 9793, 'neque', 9, 26.413, 237.717),
(136618, 9793, 'molestias', 8, 43127, 345016),
(136619, 9793, 'ut', 9, 3430.113, 30871.017),
(136620, 9793, 'totam', 10, 48810960.9, 488109609),
(136621, 9793, 'veniam', 5, 40.216, 201.08),
(136622, 9794, 'sit', 9, 54927178.733, 494344608.597),
(136623, 9794, 'veniam', 7, 276340.192, 1934381.344),
(136624, 9794, 'quaerat', 9, 93694.222, 843247.998),
(136625, 9794, 'vel', 7, 44677342.59, 312741398.13),
(136626, 9794, 'amet', 5, 537017152.8, 2685085764),
(136627, 9794, 'illum', 8, 216, 1728),
(136628, 9794, 'corporis', 9, 201.351, 1812.159),
(136629, 9794, 'sint', 8, 2.9, 23.2),
(136630, 9794, 'ipsa', 10, 1058839.58, 10588395.8),
(136631, 9794, 'eaque', 6, 83.821, 502.926),
(136632, 9794, 'explicabo', 10, 3.803, 38.03),
(136633, 9794, 'omnis', 5, 12000748.14, 60003740.7),
(136634, 9794, 'accusamus', 8, 25.217, 201.736),
(136635, 9794, 'doloremque', 6, 10813.798, 64882.788),
(136636, 9794, 'nemo', 4, 4.58, 18.32),
(136637, 9794, 'ducimus', 5, 2.165, 10.825),
(136638, 9795, 'et', 4, 4137.869, 16551.476),
(136639, 9795, 'et', 3, 36616.717, 109850.151),
(136640, 9795, 'repellat', 7, 32.304, 226.128),
(136641, 9795, 'ut', 9, 1012259, 9110331),
(136642, 9795, 'explicabo', 3, 2254.13, 6762.39),
(136643, 9795, 'voluptatibus', 10, 6983.8, 69838),
(136644, 9795, 'delectus', 4, 4622.638, 18490.552),
(136645, 9795, 'non', 8, 21224.529, 169796.232),
(136646, 9795, 'adipisci', 5, 51371.48, 256857.4),
(136647, 9795, 'id', 5, 15704281.095, 78521405.475),
(136648, 9795, 'velit', 4, 5121045.871, 20484183.484),
(136649, 9795, 'recusandae', 3, 708499.2, 2125497.6),
(136650, 9795, 'fugiat', 9, 96.554, 868.986),
(136651, 9796, 'ipsum', 10, 26605626.9, 266056269),
(136652, 9796, 'quia', 4, 0.622, 2.488),
(136653, 9796, 'asperiores', 1, 0.592, 0.592),
(136654, 9796, 'modi', 1, 65.02, 65.02),
(136655, 9796, 'id', 6, 681.806, 4090.836),
(136656, 9796, 'laudantium', 9, 3171.106, 28539.954),
(136657, 9796, 'consectetur', 2, 6.277, 12.554),
(136658, 9796, 'odio', 7, 2660.448, 18623.136),
(136659, 9796, 'qui', 7, 13555.812, 94890.684),
(136660, 9796, 'velit', 8, 167009537.77, 1336076302.16),
(136661, 9796, 'et', 6, 213576.66, 1281459.96),
(136662, 9796, 'accusantium', 3, 384, 1152),
(136663, 9796, 'et', 10, 3.6, 36),
(136664, 9797, 'ut', 7, 342824783.198, 2399773482.386),
(136665, 9797, 'rerum', 3, 196165814, 588497442),
(136666, 9797, 'neque', 8, 684437.488, 5475499.904),
(136667, 9797, 'repellendus', 2, 407608, 815216),
(136668, 9797, 'et', 9, 0.093, 0.837),
(136669, 9797, 'quia', 7, 224760.7, 1573324.9),
(136670, 9797, 'nam', 6, 8335656.524, 50013939.144),
(136671, 9797, 'neque', 1, 100536386.093, 100536386.093),
(136672, 9797, 'exercitationem', 5, 22438.937, 112194.685),
(136673, 9797, 'cum', 6, 1.013, 6.078),
(136674, 9797, 'sunt', 4, 17442.521, 69770.084),
(136675, 9797, 'vel', 6, 468093, 2808558),
(136676, 9797, 'impedit', 3, 63086055.327, 189258165.981),
(136677, 9797, 'et', 10, 14067067.09, 140670670.9),
(136678, 9797, 'quia', 7, 409.594, 2867.158),
(136679, 9797, 'sunt', 7, 310094.743, 2170663.201),
(136680, 9798, 'cum', 6, 968.942, 5813.652),
(136681, 9798, 'ut', 10, 181572675.699, 1815726756.99),
(136682, 9798, 'voluptatum', 9, 2063571.947, 18572147.523),
(136683, 9798, 'consequatur', 6, 6239233.624, 37435401.744),
(136684, 9798, 'repellat', 10, 125199754.52, 1251997545.2),
(136685, 9798, 'et', 8, 4012, 32096),
(136686, 9798, 'quidem', 8, 4490.846, 35926.768),
(136687, 9798, 'molestiae', 7, 302138.2, 2114967.4),
(136688, 9798, 'aperiam', 6, 7523.616, 45141.696),
(136689, 9798, 'autem', 9, 6741450, 60673050),
(136690, 9798, 'fuga', 7, 832883859.71, 5830187017.97),
(136691, 9798, 'praesentium', 10, 0.859, 8.59),
(136692, 9798, 'reiciendis', 3, 10.96, 32.88),
(136693, 9798, 'aut', 10, 123.1, 1231),
(136694, 9799, 'aut', 10, 33.9, 339),
(136695, 9799, 'in', 10, 24325670.77, 243256707.7),
(136696, 9799, 'non', 3, 109.829, 329.487),
(136697, 9799, 'enim', 9, 132467972.059, 1192211748.531),
(136698, 9799, 'alias', 8, 83824483.9, 670595871.2),
(136699, 9799, 'debitis', 7, 5156.153, 36093.071),
(136700, 9799, 'provident', 3, 60841.168, 182523.504),
(136701, 9799, 'quasi', 9, 181847.804, 1636630.236),
(136702, 9799, 'qui', 8, 5388.695, 43109.56),
(136703, 9799, 'tempore', 2, 338.49, 676.98),
(136704, 9799, 'perferendis', 4, 156690.262, 626761.048),
(136705, 9799, 'quaerat', 5, 126.2, 631),
(136706, 9799, 'nostrum', 1, 6700.167, 6700.167),
(136707, 9799, 'ut', 7, 1.618, 11.326),
(136708, 9799, 'harum', 10, 0, 0),
(136709, 9800, 'laudantium', 7, 5.145, 36.015),
(136710, 9800, 'et', 6, 26671.951, 160031.706),
(136711, 9800, 'et', 3, 241.4, 724.2),
(136712, 9800, 'recusandae', 10, 7.517, 75.17),
(136713, 9800, 'culpa', 3, 28.828, 86.484),
(136714, 9800, 'laudantium', 10, 96227140.49, 962271404.9),
(136715, 9800, 'et', 4, 979.751, 3919.004),
(136716, 9800, 'sit', 9, 150527, 1354743),
(136717, 9800, 'eveniet', 9, 0, 0),
(136718, 9800, 'sed', 8, 57768182.34, 462145458.72),
(136719, 9800, 'et', 6, 315267772.351, 1891606634.106),
(136720, 9800, 'accusamus', 6, 423474664, 2540847984),
(136721, 9800, 'omnis', 8, 1556.8, 12454.4),
(136722, 9801, 'ullam', 9, 490134.499, 4411210.491),
(136723, 9801, 'fugit', 8, 2879.476, 23035.808),
(136724, 9801, 'corporis', 8, 41041.112, 328328.896),
(136725, 9801, 'consequatur', 10, 554036801.882, 5540368018.82),
(136726, 9801, 'odio', 7, 0.192, 1.344),
(136727, 9801, 'et', 5, 1.97, 9.85),
(136728, 9801, 'dolores', 10, 96674.056, 966740.56),
(136729, 9801, 'sit', 8, 1.681, 13.448),
(136730, 9801, 'sed', 2, 0.259, 0.518),
(136731, 9801, 'iste', 9, 311654261.394, 2804888352.546),
(136732, 9801, 'id', 5, 2494324.7, 12471623.5),
(136733, 9801, 'aliquid', 10, 374, 3740),
(136734, 9801, 'numquam', 2, 2912675.156, 5825350.312),
(136735, 9801, 'sunt', 6, 11707.431, 70244.586),
(136736, 9801, 'nihil', 9, 6723037.372, 60507336.348),
(136737, 9802, 'maiores', 10, 268.419, 2684.19),
(136738, 9802, 'dolor', 10, 35597.02, 355970.2),
(136739, 9802, 'magni', 10, 16.86, 168.6),
(136740, 9802, 'recusandae', 5, 19.5, 97.5),
(136741, 9802, 'ad', 2, 260, 520),
(136742, 9802, 'sequi', 6, 47825.494, 286952.964),
(136743, 9802, 'quia', 5, 342063291.419, 1710316457.095),
(136744, 9802, 'in', 10, 38.7, 387),
(136745, 9802, 'cumque', 5, 180.3, 901.5),
(136746, 9802, 'quibusdam', 10, 2309.985, 23099.85),
(136747, 9802, 'error', 8, 0.9, 7.2),
(136748, 9802, 'ratione', 6, 51254474.4, 307526846.4),
(136749, 9802, 'atque', 9, 335, 3015),
(136750, 9802, 'libero', 10, 31860346.3, 318603463),
(136751, 9802, 'nostrum', 6, 19457542.499, 116745254.994),
(136752, 9802, 'officia', 10, 195656.1, 1956561),
(136753, 9803, 'qui', 3, 97844.894, 293534.682),
(136754, 9803, 'sed', 4, 6271, 25084),
(136755, 9803, 'aut', 10, 421772.483, 4217724.83),
(136756, 9803, 'est', 7, 1.99, 13.93),
(136757, 9803, 'pariatur', 10, 318.505, 3185.05),
(136758, 9803, 'ipsam', 5, 119.666, 598.33),
(136759, 9803, 'harum', 4, 48.2, 192.8),
(136760, 9803, 'libero', 9, 9638.33, 86744.97),
(136761, 9803, 'architecto', 5, 420126338.501, 2100631692.505),
(136762, 9803, 'cumque', 5, 31.7, 158.5),
(136763, 9803, 'perspiciatis', 4, 1189.306, 4757.224),
(136764, 9803, 'voluptatibus', 7, 17048370.44, 119338593.08),
(136765, 9803, 'aut', 4, 216435695, 865742780),
(136766, 9803, 'temporibus', 9, 370817513.471, 3337357621.239),
(136767, 9803, 'doloribus', 7, 112591, 788137),
(136768, 9804, 'labore', 4, 899.097, 3596.388),
(136769, 9804, 'fugiat', 6, 53.44, 320.64),
(136770, 9804, 'molestias', 9, 12412374.688, 111711372.192),
(136771, 9804, 'suscipit', 3, 22.382, 67.146),
(136772, 9804, 'consequatur', 2, 887686.771, 1775373.542),
(136773, 9804, 'officia', 3, 4123948.292, 12371844.876),
(136774, 9804, 'et', 1, 3.673, 3.673),
(136775, 9804, 'necessitatibus', 7, 7341552.294, 51390866.058),
(136776, 9804, 'exercitationem', 8, 3648929.114, 29191432.912),
(136777, 9804, 'voluptatum', 8, 4319.1, 34552.8),
(136778, 9804, 'reiciendis', 8, 92.59, 740.72),
(136779, 9804, 'voluptatem', 9, 2.3, 20.7),
(136780, 9804, 'dolor', 3, 200350.739, 601052.217),
(136781, 9804, 'perspiciatis', 3, 171811.255, 515433.765),
(136782, 9804, 'doloremque', 10, 1.636, 16.36),
(136783, 9805, 'quia', 5, 16.027, 80.135),
(136784, 9805, 'alias', 8, 1.36, 10.88),
(136785, 9805, 'voluptas', 7, 374.542, 2621.794),
(136786, 9805, 'et', 6, 257169.997, 1543019.982),
(136787, 9805, 'sequi', 6, 583.255, 3499.53),
(136788, 9805, 'et', 7, 2, 14),
(136789, 9805, 'ea', 10, 569.4, 5694),
(136790, 9805, 'harum', 9, 3, 27),
(136791, 9805, 'id', 9, 5895934.648, 53063411.832),
(136792, 9805, 'dolores', 10, 190.33, 1903.3),
(136793, 9805, 'ad', 10, 72.349, 723.49),
(136794, 9806, 'non', 7, 264, 1848),
(136795, 9806, 'modi', 6, 216677.46, 1300064.76),
(136796, 9806, 'id', 6, 1302.63, 7815.78),
(136797, 9806, 'vel', 8, 0, 0),
(136798, 9806, 'reiciendis', 6, 189, 1134),
(136799, 9806, 'dolores', 5, 399.74, 1998.7),
(136800, 9806, 'ab', 2, 0.72, 1.44),
(136801, 9806, 'nihil', 8, 88019.56, 704156.48),
(136802, 9806, 'sit', 9, 68.712, 618.408),
(136803, 9806, 'doloremque', 10, 7738.195, 77381.95),
(136804, 9806, 'quasi', 8, 7303.984, 58431.872),
(136805, 9806, 'vitae', 6, 445.553, 2673.318),
(136806, 9806, 'enim', 2, 6525.483, 13050.966),
(136807, 9806, 'officiis', 7, 53956.478, 377695.346),
(136808, 9806, 'illo', 6, 628.278, 3769.668),
(136809, 9806, 'sit', 7, 115335, 807345),
(136810, 9806, 'nobis', 7, 8448.728, 59141.096),
(136811, 9806, 'repellendus', 7, 1426225.742, 9983580.194),
(136812, 9806, 'architecto', 4, 470714, 1882856),
(136813, 9807, 'ut', 7, 19215477.744, 134508344.208);
INSERT INTO `produit` (`id`, `facture_id`, `nom`, `nb`, `prix_unitaire`, `prix_total`) VALUES
(136814, 9807, 'qui', 10, 5809196.151, 58091961.51),
(136815, 9807, 'consectetur', 3, 289.586, 868.758),
(136816, 9807, 'minima', 6, 695, 4170),
(136817, 9807, 'iste', 9, 318549.5, 2866945.5),
(136818, 9807, 'ab', 3, 6.3, 18.9),
(136819, 9807, 'aut', 10, 11002931.465, 110029314.65),
(136820, 9807, 'sunt', 4, 5119469.544, 20477878.176),
(136821, 9807, 'consequatur', 10, 263.24, 2632.4),
(136822, 9807, 'modi', 1, 3466421.147, 3466421.147),
(136823, 9807, 'similique', 10, 30.001, 300.01),
(136824, 9807, 'labore', 9, 53, 477),
(136825, 9807, 'expedita', 10, 72.237, 722.37),
(136826, 9807, 'ut', 4, 7.16, 28.64),
(136827, 9807, 'deleniti', 3, 10729.409, 32188.227),
(136828, 9808, 'delectus', 9, 18882.693, 169944.237),
(136829, 9808, 'ex', 10, 1.154, 11.54),
(136830, 9808, 'inventore', 9, 44868.522, 403816.698),
(136831, 9808, 'a', 3, 69314746.558, 207944239.674),
(136832, 9808, 'dolores', 7, 2.325, 16.275),
(136833, 9808, 'ullam', 7, 6908.424, 48358.968),
(136834, 9808, 'dolor', 8, 75099.729, 600797.832),
(136835, 9808, 'iste', 6, 251715784.942, 1510294709.652),
(136836, 9808, 'hic', 9, 479.96, 4319.64),
(136837, 9808, 'aperiam', 8, 34719.77, 277758.16),
(136838, 9808, 'corporis', 8, 3.085, 24.68),
(136839, 9808, 'itaque', 5, 5360651, 26803255),
(136840, 9808, 'unde', 2, 3504.1, 7008.2),
(136841, 9808, 'soluta', 4, 574649557.083, 2298598228.332),
(136842, 9808, 'blanditiis', 2, 77905946.609, 155811893.218),
(136843, 9808, 'ut', 9, 1.293, 11.637),
(136844, 9808, 'sed', 8, 1103.437, 8827.496),
(136845, 9808, 'voluptatibus', 4, 14268.306, 57073.224),
(136846, 9808, 'voluptatum', 7, 38824630.7, 271772414.9),
(136847, 9808, 'aut', 9, 7.699, 69.291),
(136848, 9809, 'distinctio', 10, 116859413.72, 1168594137.2),
(136849, 9809, 'consequatur', 9, 80519473.191, 724675258.719),
(136850, 9809, 'nihil', 9, 441346, 3972114),
(136851, 9809, 'est', 4, 46.013, 184.052),
(136852, 9809, 'eligendi', 10, 35019517.021, 350195170.21),
(136853, 9809, 'facilis', 8, 52723.11, 421784.88),
(136854, 9809, 'aliquid', 10, 140.325, 1403.25),
(136855, 9809, 'asperiores', 2, 4998598.539, 9997197.078),
(136856, 9809, 'iusto', 5, 132098.607, 660493.035),
(136857, 9809, 'consequuntur', 9, 1359.102, 12231.918),
(136858, 9809, 'aut', 7, 3.6, 25.2),
(136859, 9809, 'libero', 9, 749310580.8, 6743795227.2),
(136860, 9809, 'eaque', 2, 5.54, 11.08),
(136861, 9809, 'enim', 8, 301041.478, 2408331.824),
(136862, 9809, 'provident', 9, 387465, 3487185),
(136863, 9809, 'velit', 7, 8524.275, 59669.925),
(136864, 9810, 'rerum', 8, 1089436.252, 8715490.016),
(136865, 9810, 'omnis', 3, 3.222, 9.666),
(136866, 9810, 'sed', 9, 35.101, 315.909),
(136867, 9810, 'doloremque', 8, 1.3, 10.4),
(136868, 9810, 'asperiores', 5, 5556071.357, 27780356.785),
(136869, 9810, 'sed', 8, 3039733.001, 24317864.008),
(136870, 9810, 'harum', 8, 13.11, 104.88),
(136871, 9810, 'vitae', 6, 8103522.584, 48621135.504),
(136872, 9810, 'et', 8, 1, 8),
(136873, 9810, 'nostrum', 10, 250514115.365, 2505141153.65),
(136874, 9810, 'quis', 7, 4276.676, 29936.732),
(136875, 9810, 'eligendi', 3, 167.4, 502.2),
(136876, 9810, 'omnis', 3, 0, 0),
(136877, 9811, 'alias', 9, 0, 0),
(136878, 9811, 'consectetur', 10, 31380.8, 313808),
(136879, 9811, 'et', 10, 313841941.234, 3138419412.34),
(136880, 9811, 'voluptate', 6, 7514.9, 45089.4),
(136881, 9811, 'vitae', 10, 12016.138, 120161.38),
(136882, 9811, 'aut', 8, 450.803, 3606.424),
(136883, 9811, 'fugiat', 3, 39680.971, 119042.913),
(136884, 9811, 'molestiae', 6, 35.588, 213.528),
(136885, 9811, 'eaque', 3, 55629.857, 166889.571),
(136886, 9811, 'rerum', 5, 13836354.149, 69181770.745),
(136887, 9811, 'fugit', 9, 4506.683, 40560.147),
(136888, 9811, 'quia', 6, 158263.193, 949579.158),
(136889, 9811, 'unde', 8, 69474.819, 555798.552),
(136890, 9811, 'fugiat', 4, 26474209.809, 105896839.236),
(136891, 9811, 'temporibus', 8, 75.019, 600.152),
(136892, 9811, 'harum', 8, 3210785.025, 25686280.2),
(136893, 9811, 'ducimus', 7, 4.577, 32.039),
(136894, 9812, 'nostrum', 6, 5659.283, 33955.698),
(136895, 9812, 'officiis', 8, 37523283.664, 300186269.312),
(136896, 9812, 'aperiam', 2, 81570812.95, 163141625.9),
(136897, 9812, 'officia', 5, 287917.75, 1439588.75),
(136898, 9812, 'ad', 7, 7.244, 50.708),
(136899, 9812, 'temporibus', 9, 47, 423),
(136900, 9812, 'excepturi', 9, 233412315.776, 2100710841.984),
(136901, 9812, 'autem', 9, 22.622, 203.598),
(136902, 9812, 'et', 4, 212186353.8, 848745415.2),
(136903, 9812, 'aliquid', 1, 437.543, 437.543),
(136904, 9812, 'neque', 3, 24005032.32, 72015096.96),
(136905, 9812, 'officiis', 1, 279.433, 279.433),
(136906, 9812, 'in', 4, 137322.843, 549291.372),
(136907, 9812, 'perferendis', 9, 8000841.136, 72007570.224),
(136908, 9813, 'ut', 10, 1.29, 12.9),
(136909, 9813, 'quo', 10, 71211532.935, 712115329.35),
(136910, 9813, 'cum', 8, 86074665.061, 688597320.488),
(136911, 9813, 'unde', 3, 9393.745, 28181.235),
(136912, 9813, 'perferendis', 8, 5248855.327, 41990842.616),
(136913, 9813, 'dolores', 9, 868508045.371, 7816572408.339),
(136914, 9813, 'velit', 8, 337.473, 2699.784),
(136915, 9813, 'qui', 4, 1331628.151, 5326512.604),
(136916, 9813, 'autem', 5, 66769651.765, 333848258.825),
(136917, 9813, 'nam', 6, 20.194, 121.164),
(136918, 9813, 'laboriosam', 8, 110101399.883, 880811199.064),
(136919, 9813, 'quod', 3, 289546.272, 868638.816),
(136920, 9813, 'et', 8, 2362881.8, 18903054.4),
(136921, 9814, 'quo', 6, 8551.934, 51311.604),
(136922, 9814, 'sunt', 2, 152, 304),
(136923, 9814, 'libero', 8, 549604369.311, 4396834954.488),
(136924, 9814, 'est', 5, 16733.574, 83667.87),
(136925, 9814, 'quam', 9, 219427133.049, 1974844197.441),
(136926, 9814, 'voluptas', 10, 87.214, 872.14),
(136927, 9814, 'cum', 6, 42659, 255954),
(136928, 9814, 'dignissimos', 7, 277947.024, 1945629.168),
(136929, 9814, 'distinctio', 8, 25.49, 203.92),
(136930, 9814, 'modi', 5, 81962.713, 409813.565),
(136931, 9814, 'temporibus', 8, 48783535.4, 390268283.2),
(136932, 9814, 'et', 8, 9005745.391, 72045963.128),
(136933, 9814, 'magnam', 8, 709.657, 5677.256),
(136934, 9814, 'asperiores', 5, 3257.14, 16285.7),
(136935, 9814, 'illum', 5, 2365923.761, 11829618.805),
(136936, 9814, 'corporis', 1, 47934549.881, 47934549.881),
(136937, 9815, 'debitis', 9, 70079.689, 630717.201),
(136938, 9815, 'ullam', 3, 498, 1494),
(136939, 9815, 'quidem', 10, 1045755.4, 10457554),
(136940, 9815, 'enim', 10, 26.66, 266.6),
(136941, 9815, 'ab', 3, 75.819, 227.457),
(136942, 9815, 'et', 4, 91530437.578, 366121750.312),
(136943, 9815, 'quibusdam', 9, 58.1, 522.9),
(136944, 9815, 'itaque', 8, 86.031, 688.248),
(136945, 9815, 'voluptatem', 8, 8.474, 67.792),
(136946, 9815, 'dolore', 3, 37.549, 112.647),
(136947, 9815, 'sit', 5, 67.1, 335.5),
(136948, 9815, 'exercitationem', 3, 6.962, 20.886),
(136949, 9815, 'facere', 9, 569577, 5126193),
(136950, 9815, 'itaque', 6, 9176.249, 55057.494),
(136951, 9816, 'voluptatibus', 10, 234046596.574, 2340465965.74),
(136952, 9816, 'ducimus', 10, 15.188, 151.88),
(136953, 9816, 'sunt', 7, 465760402.041, 3260322814.287),
(136954, 9816, 'ipsum', 3, 1879.334, 5638.002),
(136955, 9816, 'ipsum', 7, 2721436.9, 19050058.3),
(136956, 9816, 'earum', 10, 38021.677, 380216.77),
(136957, 9816, 'nihil', 7, 0.909, 6.363),
(136958, 9816, 'at', 6, 13076.585, 78459.51),
(136959, 9816, 'id', 10, 0.043, 0.43),
(136960, 9816, 'perferendis', 9, 3073.355, 27660.195),
(136961, 9816, 'praesentium', 10, 523.371, 5233.71),
(136962, 9816, 'illo', 5, 391250924.95, 1956254624.75),
(136963, 9816, 'molestiae', 8, 40050309.451, 320402475.608),
(136964, 9816, 'quisquam', 5, 12.98, 64.9),
(136965, 9816, 'est', 3, 1.116, 3.348),
(136966, 9816, 'odio', 5, 79, 395),
(136967, 9817, 'molestiae', 9, 1991830.922, 17926478.298),
(136968, 9817, 'numquam', 6, 201.58, 1209.48),
(136969, 9817, 'beatae', 6, 1230, 7380),
(136970, 9817, 'ipsum', 8, 260.884, 2087.072),
(136971, 9817, 'voluptas', 4, 25528029.674, 102112118.696),
(136972, 9817, 'ut', 8, 15.49, 123.92),
(136973, 9817, 'voluptas', 6, 503978.316, 3023869.896),
(136974, 9817, 'sed', 7, 8.673, 60.711),
(136975, 9817, 'ut', 4, 22.581, 90.324),
(136976, 9817, 'iste', 3, 24488317.7, 73464953.1),
(136977, 9817, 'quasi', 9, 172635.95, 1553723.55),
(136978, 9817, 'voluptatem', 9, 2771444.29, 24942998.61),
(136979, 9817, 'deserunt', 8, 141.33, 1130.64),
(136980, 9817, 'libero', 9, 45351091.515, 408159823.635),
(136981, 9817, 'et', 7, 7310.603, 51174.221),
(136982, 9817, 'enim', 6, 1.2, 7.2),
(136983, 9818, 'corrupti', 8, 261.009, 2088.072),
(136984, 9818, 'voluptatum', 7, 34.633, 242.431),
(136985, 9818, 'repellat', 10, 78411413.176, 784114131.76),
(136986, 9818, 'autem', 8, 1617971.697, 12943773.576),
(136987, 9818, 'dolorem', 7, 447746.58, 3134226.06),
(136988, 9818, 'voluptatem', 10, 179284.7, 1792847),
(136989, 9818, 'iste', 4, 476.67, 1906.68),
(136990, 9818, 'est', 2, 75.713, 151.426),
(136991, 9818, 'blanditiis', 3, 214389.204, 643167.612),
(136992, 9818, 'illum', 5, 379479.221, 1897396.105),
(136993, 9818, 'quas', 4, 2745579.876, 10982319.504),
(136994, 9818, 'tenetur', 9, 44.352, 399.168),
(136995, 9818, 'odio', 8, 721.121, 5768.968),
(136996, 9818, 'qui', 10, 33, 330),
(136997, 9818, 'eligendi', 10, 195.58, 1955.8),
(136998, 9818, 'magnam', 6, 2.956, 17.736),
(136999, 9818, 'sint', 9, 17.215, 154.935),
(137000, 9819, 'eos', 5, 41.745, 208.725),
(137001, 9819, 'eveniet', 9, 1969057.489, 17721517.401),
(137002, 9819, 'cupiditate', 7, 207907.036, 1455349.252),
(137003, 9819, 'fugit', 9, 54329.837, 488968.533),
(137004, 9819, 'et', 6, 3796.2, 22777.2),
(137005, 9819, 'hic', 7, 348.303, 2438.121),
(137006, 9819, 'suscipit', 9, 0.56, 5.04),
(137007, 9819, 'reprehenderit', 2, 0.406, 0.812),
(137008, 9819, 'officiis', 10, 60.8, 608),
(137009, 9819, 'suscipit', 10, 855.385, 8553.85),
(137010, 9819, 'consequuntur', 5, 60.933, 304.665),
(137011, 9819, 'omnis', 7, 884034.139, 6188238.973),
(137012, 9819, 'et', 4, 1564065.922, 6256263.688),
(137013, 9819, 'nihil', 5, 272940.044, 1364700.22),
(137014, 9819, 'et', 6, 683188.76, 4099132.56),
(137015, 9819, 'atque', 3, 3, 9),
(137016, 9819, 'unde', 9, 330.635, 2975.715),
(137017, 9820, 'placeat', 10, 6.071, 60.71),
(137018, 9820, 'nobis', 6, 1673.64, 10041.84),
(137019, 9820, 'ipsam', 8, 228.854, 1830.832),
(137020, 9820, 'eaque', 5, 6828.3, 34141.5),
(137021, 9820, 'ad', 2, 17.605, 35.21),
(137022, 9820, 'iste', 2, 43455717.983, 86911435.966),
(137023, 9820, 'corrupti', 5, 49.664, 248.32),
(137024, 9820, 'quia', 10, 295604.653, 2956046.53),
(137025, 9820, 'autem', 4, 22177.4, 88709.6),
(137026, 9820, 'et', 9, 282.9, 2546.1),
(137027, 9820, 'minus', 6, 21286.987, 127721.922),
(137028, 9820, 'saepe', 6, 66981631.207, 401889787.242),
(137029, 9820, 'et', 4, 2907.3, 11629.2),
(137030, 9820, 'iste', 10, 2913620.212, 29136202.12),
(137031, 9821, 'molestias', 1, 1619.09, 1619.09),
(137032, 9821, 'quo', 10, 3.221, 32.21),
(137033, 9821, 'libero', 6, 0, 0),
(137034, 9821, 'sunt', 4, 1208921.773, 4835687.092),
(137035, 9821, 'at', 6, 7542.2, 45253.2),
(137036, 9821, 'quia', 8, 32.9, 263.2),
(137037, 9821, 'omnis', 7, 416.701, 2916.907),
(137038, 9821, 'autem', 10, 1725.852, 17258.52),
(137039, 9821, 'debitis', 5, 299117019.306, 1495585096.53),
(137040, 9821, 'occaecati', 5, 6520799.08, 32603995.4),
(137041, 9821, 'quis', 5, 1, 5),
(137042, 9821, 'id', 7, 89140.2, 623981.4),
(137043, 9821, 'quo', 9, 8377.592, 75398.328),
(137044, 9822, 'eos', 8, 38, 304),
(137045, 9822, 'qui', 8, 648861.13, 5190889.04),
(137046, 9822, 'eum', 8, 2644370.965, 21154967.72),
(137047, 9822, 'alias', 5, 8091.33, 40456.65),
(137048, 9822, 'suscipit', 9, 9.102, 81.918),
(137049, 9822, 'qui', 8, 815.9, 6527.2),
(137050, 9822, 'omnis', 10, 24, 240),
(137051, 9822, 'quia', 7, 2561548.13, 17930836.91),
(137052, 9822, 'in', 6, 0.597, 3.582),
(137053, 9822, 'mollitia', 10, 6.851, 68.51),
(137054, 9822, 'doloribus', 3, 2.651, 7.953),
(137055, 9822, 'magnam', 5, 102.1, 510.5),
(137056, 9822, 'nam', 2, 3.572, 7.144),
(137057, 9822, 'quibusdam', 7, 216780157.393, 1517461101.751),
(137058, 9822, 'laborum', 9, 12.504, 112.536),
(137059, 9822, 'ea', 3, 223350828.243, 670052484.729),
(137060, 9822, 'sed', 9, 541.918, 4877.262),
(137061, 9822, 'soluta', 10, 3721.976, 37219.76),
(137062, 9822, 'qui', 5, 35.646, 178.23),
(137063, 9822, 'molestiae', 10, 16316.49, 163164.9),
(137064, 9823, 'vero', 7, 16079447.373, 112556131.611),
(137065, 9823, 'recusandae', 9, 2309.246, 20783.214),
(137066, 9823, 'maxime', 7, 18012.056, 126084.392),
(137067, 9823, 'non', 8, 534471.393, 4275771.144),
(137068, 9823, 'autem', 9, 4725095.97, 42525863.73),
(137069, 9823, 'ab', 10, 0.399, 3.99),
(137070, 9823, 'sint', 9, 261.252, 2351.268),
(137071, 9823, 'dolores', 9, 46, 414),
(137072, 9823, 'libero', 8, 986296.147, 7890369.176),
(137073, 9823, 'vel', 3, 23257501.933, 69772505.799),
(137074, 9823, 'accusantium', 10, 66872044.802, 668720448.02),
(137075, 9823, 'sint', 3, 184525.39, 553576.17),
(137076, 9823, 'quis', 10, 3534519.676, 35345196.76),
(137077, 9823, 'quasi', 8, 506520464.73, 4052163717.84),
(137078, 9823, 'nihil', 6, 60943790.07, 365662740.42),
(137079, 9823, 'a', 10, 262881442.352, 2628814423.52),
(137080, 9823, 'enim', 3, 60.914, 182.742),
(137081, 9823, 'praesentium', 8, 46916410.003, 375331280.024),
(137082, 9824, 'est', 6, 125155360.603, 750932163.618),
(137083, 9824, 'voluptas', 6, 10333481.14, 62000886.84),
(137084, 9824, 'qui', 3, 899.313, 2697.939),
(137085, 9824, 'et', 9, 6, 54),
(137086, 9824, 'quis', 5, 429377303, 2146886515),
(137087, 9824, 'beatae', 10, 5620178.247, 56201782.47),
(137088, 9824, 'cumque', 5, 5.553, 27.765),
(137089, 9824, 'et', 8, 8, 64),
(137090, 9824, 'voluptate', 6, 0.23, 1.38),
(137091, 9824, 'enim', 4, 3, 12),
(137092, 9824, 'placeat', 7, 3000115.544, 21000808.808),
(137093, 9824, 'eveniet', 6, 0.397, 2.382),
(137094, 9824, 'quae', 7, 273.106, 1911.742),
(137095, 9824, 'doloribus', 9, 40.44, 363.96),
(137096, 9824, 'animi', 2, 827820, 1655640),
(137097, 9824, 'sed', 7, 1314370.531, 9200593.717),
(137098, 9824, 'soluta', 3, 29195114, 87585342),
(137099, 9824, 'quae', 4, 209.58, 838.32),
(137100, 9824, 'molestias', 8, 1426.62, 11412.96),
(137101, 9824, 'expedita', 9, 409842.337, 3688581.033),
(137102, 9825, 'dolores', 1, 301938.542, 301938.542),
(137103, 9825, 'officiis', 7, 775267.667, 5426873.669),
(137104, 9825, 'omnis', 7, 5.4, 37.8),
(137105, 9825, 'autem', 4, 982, 3928),
(137106, 9825, 'enim', 6, 80122.245, 480733.47),
(137107, 9825, 'quam', 10, 19129.5, 191295),
(137108, 9825, 'pariatur', 10, 0.745, 7.45),
(137109, 9825, 'nulla', 7, 42.117, 294.819),
(137110, 9825, 'corrupti', 1, 2539.023, 2539.023),
(137111, 9825, 'quod', 8, 106.396, 851.168),
(137112, 9825, 'recusandae', 7, 67411.04, 471877.28),
(137113, 9825, 'quia', 10, 5.129, 51.29),
(137114, 9825, 'quia', 5, 2436, 12180),
(137115, 9825, 'facilis', 7, 189.983, 1329.881),
(137116, 9825, 'qui', 7, 31.01, 217.07),
(137117, 9825, 'et', 8, 123.365, 986.92),
(137118, 9825, 'fuga', 7, 21595019.046, 151165133.322),
(137119, 9826, 'facere', 6, 682583.076, 4095498.456),
(137120, 9826, 'qui', 10, 222956258.193, 2229562581.93),
(137121, 9826, 'sint', 7, 260034.5, 1820241.5),
(137122, 9826, 'ducimus', 8, 3086479.36, 24691834.88),
(137123, 9826, 'perspiciatis', 9, 57458553.017, 517126977.153),
(137124, 9826, 'saepe', 5, 53, 265),
(137125, 9826, 'quia', 9, 79194.531, 712750.779),
(137126, 9826, 'porro', 4, 196.32, 785.28),
(137127, 9826, 'quod', 9, 2793.11, 25137.99),
(137128, 9826, 'blanditiis', 10, 900580.7, 9005807),
(137129, 9826, 'saepe', 7, 17205.97, 120441.79),
(137130, 9826, 'enim', 4, 683325.52, 2733302.08),
(137131, 9826, 'voluptatem', 6, 65531531.041, 393189186.246),
(137132, 9826, 'dignissimos', 10, 102092.2, 1020922),
(137133, 9826, 'id', 8, 210.127, 1681.016),
(137134, 9826, 'aut', 6, 70219, 421314),
(137135, 9826, 'molestias', 10, 11.522, 115.22),
(137136, 9827, 'ut', 9, 32233893.9, 290105045.1),
(137137, 9827, 'dolores', 5, 322856, 1614280),
(137138, 9827, 'veniam', 8, 14.5, 116),
(137139, 9827, 'inventore', 10, 432452828.853, 4324528288.53),
(137140, 9827, 'cum', 8, 10772907.334, 86183258.672),
(137141, 9827, 'ea', 3, 2.126, 6.378),
(137142, 9827, 'tempore', 10, 501.56, 5015.6),
(137143, 9827, 'eligendi', 9, 5418.406, 48765.654),
(137144, 9827, 'quae', 8, 44586678.189, 356693425.512),
(137145, 9827, 'est', 8, 73.701, 589.608),
(137146, 9827, 'amet', 7, 992.824, 6949.768),
(137147, 9827, 'ipsam', 10, 148492735.963, 1484927359.63),
(137148, 9827, 'quibusdam', 1, 39493.65, 39493.65),
(137149, 9827, 'impedit', 5, 324652.52, 1623262.6),
(137150, 9827, 'alias', 9, 310.977, 2798.793),
(137151, 9827, 'voluptas', 7, 78.597, 550.179),
(137152, 9828, 'consectetur', 4, 0.01, 0.04),
(137153, 9828, 'eius', 3, 3223.488, 9670.464),
(137154, 9828, 'corrupti', 7, 12.052, 84.364),
(137155, 9828, 'est', 10, 634, 6340),
(137156, 9828, 'consequatur', 10, 51968.11, 519681.1),
(137157, 9828, 'dolores', 5, 2471.511, 12357.555),
(137158, 9828, 'a', 2, 11901076.369, 23802152.738),
(137159, 9828, 'fugiat', 3, 2, 6),
(137160, 9828, 'est', 6, 3895.58, 23373.48),
(137161, 9828, 'adipisci', 3, 10777.477, 32332.431),
(137162, 9828, 'similique', 10, 0, 0),
(137163, 9828, 'autem', 8, 116.25, 930),
(137164, 9828, 'at', 9, 2182820, 19645380),
(137165, 9828, 'nam', 7, 92971965.021, 650803755.147),
(137166, 9829, 'beatae', 4, 70.023, 280.092),
(137167, 9829, 'aut', 5, 40911.88, 204559.4),
(137168, 9829, 'minima', 6, 467, 2802),
(137169, 9829, 'qui', 10, 4756897.473, 47568974.73),
(137170, 9829, 'accusamus', 4, 381491.313, 1525965.252),
(137171, 9829, 'debitis', 10, 43943446.6, 439434466),
(137172, 9829, 'nihil', 7, 642.7, 4498.9),
(137173, 9829, 'ratione', 4, 0.8, 3.2),
(137174, 9829, 'dolores', 6, 0.962, 5.772),
(137175, 9829, 'labore', 9, 175626577.716, 1580639199.444),
(137176, 9829, 'accusantium', 8, 11, 88),
(137177, 9829, 'culpa', 4, 0.742, 2.968),
(137178, 9830, 'accusantium', 9, 849137.104, 7642233.936),
(137179, 9830, 'nihil', 2, 19695.9, 39391.8),
(137180, 9830, 'sit', 10, 3214512.02, 32145120.2),
(137181, 9830, 'ut', 7, 74749.323, 523245.261),
(137182, 9830, 'iste', 6, 110832161.15, 664992966.9),
(137183, 9830, 'omnis', 3, 442353.886, 1327061.658),
(137184, 9830, 'dolorem', 10, 37456.66, 374566.6),
(137185, 9830, 'nulla', 5, 1005.925, 5029.625),
(137186, 9830, 'iure', 10, 16, 160),
(137187, 9830, 'vel', 6, 734982.36, 4409894.16),
(137188, 9830, 'et', 6, 162891.095, 977346.57),
(137189, 9830, 'fugiat', 7, 0.8, 5.6),
(137190, 9830, 'laboriosam', 4, 8035.869, 32143.476),
(137191, 9830, 'rerum', 8, 64843.488, 518747.904),
(137192, 9830, 'vero', 4, 6581855, 26327420),
(137193, 9831, 'qui', 6, 37.58, 225.48),
(137194, 9831, 'aut', 10, 37215.054, 372150.54),
(137195, 9831, 'officiis', 7, 8.2, 57.4),
(137196, 9831, 'reprehenderit', 7, 22004450.189, 154031151.323),
(137197, 9831, 'deleniti', 6, 1203967.5, 7223805),
(137198, 9831, 'modi', 7, 37, 259),
(137199, 9831, 'dolores', 6, 81105796.971, 486634781.826),
(137200, 9831, 'quidem', 7, 136502.247, 955515.729),
(137201, 9831, 'incidunt', 8, 733.4, 5867.2),
(137202, 9831, 'aut', 9, 415458.573, 3739127.157),
(137203, 9831, 'quam', 6, 34902.915, 209417.49),
(137204, 9831, 'quis', 7, 63352583.691, 443468085.837),
(137205, 9831, 'odio', 9, 8314.76, 74832.84),
(137206, 9831, 'eos', 4, 705.975, 2823.9),
(137207, 9831, 'deserunt', 5, 208943.371, 1044716.855),
(137208, 9831, 'facilis', 10, 855.99, 8559.9),
(137209, 9832, 'consectetur', 8, 0.932, 7.456),
(137210, 9832, 'odit', 10, 19.7, 197),
(137211, 9832, 'et', 3, 10081.584, 30244.752),
(137212, 9832, 'dignissimos', 9, 1885641.587, 16970774.283),
(137213, 9832, 'a', 6, 111669788.643, 670018731.858),
(137214, 9832, 'quasi', 1, 26312.156, 26312.156),
(137215, 9832, 'est', 7, 1803564.361, 12624950.527),
(137216, 9832, 'assumenda', 6, 241.416, 1448.496),
(137217, 9832, 'necessitatibus', 8, 337779, 2702232),
(137218, 9832, 'deserunt', 10, 25.442, 254.42),
(137219, 9832, 'tempore', 10, 1, 10),
(137220, 9832, 'sed', 1, 37624243.68, 37624243.68),
(137221, 9832, 'iste', 6, 6058426.252, 36350557.512),
(137222, 9832, 'natus', 7, 53673.643, 375715.501),
(137223, 9832, 'est', 10, 37100915.5, 371009155),
(137224, 9832, 'consequatur', 7, 12.772, 89.404),
(137225, 9832, 'vel', 10, 29.614, 296.14),
(137226, 9833, 'sit', 10, 2980, 29800),
(137227, 9833, 'magnam', 6, 4290.31, 25741.86),
(137228, 9833, 'voluptatem', 9, 52.857, 475.713),
(137229, 9833, 'ipsa', 4, 114.871, 459.484),
(137230, 9833, 'nostrum', 6, 10200968.2, 61205809.2),
(137231, 9833, 'quae', 7, 2.29, 16.03),
(137232, 9833, 'ratione', 4, 412, 1648),
(137233, 9833, 'repudiandae', 8, 681.545, 5452.36),
(137234, 9833, 'vel', 8, 382.033, 3056.264),
(137235, 9833, 'inventore', 9, 150875149.42, 1357876344.78),
(137236, 9833, 'quas', 2, 477.765, 955.53),
(137237, 9833, 'aut', 9, 28357.419, 255216.771),
(137238, 9833, 'fugiat', 6, 508750450.705, 3052502704.23),
(137239, 9833, 'similique', 5, 4.925, 24.625),
(137240, 9833, 'est', 4, 106.058, 424.232),
(137241, 9834, 'voluptas', 9, 530259.412, 4772334.708),
(137242, 9834, 'laboriosam', 7, 10460225.632, 73221579.424),
(137243, 9834, 'consequatur', 6, 73327.454, 439964.724),
(137244, 9834, 'expedita', 6, 38511799.7, 231070798.2),
(137245, 9834, 'veniam', 8, 3440580.935, 27524647.48),
(137246, 9834, 'nostrum', 7, 5167213.657, 36170495.599),
(137247, 9834, 'est', 4, 796665.701, 3186662.804),
(137248, 9834, 'quaerat', 3, 0.549, 1.647),
(137249, 9834, 'nisi', 6, 384416.8, 2306500.8),
(137250, 9834, 'cupiditate', 6, 438019995, 2628119970),
(137251, 9834, 'et', 3, 1200859.237, 3602577.711),
(137252, 9834, 'autem', 8, 280.101, 2240.808),
(137253, 9834, 'et', 1, 650.698, 650.698),
(137254, 9834, 'qui', 10, 473707.398, 4737073.98),
(137255, 9835, 'dolorum', 8, 6.498, 51.984),
(137256, 9835, 'nihil', 3, 29.5, 88.5),
(137257, 9835, 'provident', 2, 528912.42, 1057824.84),
(137258, 9835, 'ullam', 6, 328.06, 1968.36),
(137259, 9835, 'distinctio', 10, 13012504.363, 130125043.63),
(137260, 9835, 'consequatur', 9, 51620.341, 464583.069),
(137261, 9835, 'et', 8, 285858393.458, 2286867147.664),
(137262, 9835, 'enim', 10, 81545.094, 815450.94),
(137263, 9835, 'consequatur', 1, 116547.69, 116547.69),
(137264, 9835, 'non', 10, 1812.064, 18120.64),
(137265, 9835, 'repudiandae', 7, 39.765, 278.355),
(137266, 9835, 'debitis', 9, 36811.385, 331302.465),
(137267, 9835, 'veritatis', 6, 189856.484, 1139138.904),
(137268, 9835, 'atque', 8, 51239037.051, 409912296.408),
(137269, 9835, 'iste', 1, 104.611, 104.611),
(137270, 9835, 'dolor', 10, 49.916, 499.16),
(137271, 9835, 'fuga', 9, 58054250.903, 522488258.127),
(137272, 9836, 'enim', 9, 29112999.857, 262016998.713),
(137273, 9836, 'delectus', 7, 75095.277, 525666.939),
(137274, 9836, 'dolores', 2, 349, 698),
(137275, 9836, 'neque', 5, 290686.612, 1453433.06),
(137276, 9836, 'voluptas', 3, 1910133.315, 5730399.945),
(137277, 9836, 'aut', 7, 126099.273, 882694.911),
(137278, 9836, 'rem', 8, 17.999, 143.992),
(137279, 9836, 'et', 4, 1.3, 5.2),
(137280, 9836, 'cumque', 2, 381.329, 762.658),
(137281, 9836, 'voluptas', 5, 0.31, 1.55),
(137282, 9836, 'culpa', 4, 2115.06, 8460.24),
(137283, 9836, 'rerum', 4, 205.769, 823.076),
(137284, 9836, 'officiis', 1, 45677702, 45677702),
(137285, 9837, 'dolor', 4, 86942246.232, 347768984.928),
(137286, 9837, 'iste', 7, 392220.868, 2745546.076),
(137287, 9837, 'et', 2, 0, 0),
(137288, 9837, 'dolores', 10, 6179918.267, 61799182.67),
(137289, 9837, 'excepturi', 2, 11608782.058, 23217564.116),
(137290, 9837, 'dolore', 10, 15239.354, 152393.54),
(137291, 9837, 'et', 9, 471.315, 4241.835),
(137292, 9837, 'voluptatem', 3, 857962.75, 2573888.25),
(137293, 9837, 'eligendi', 3, 135.043, 405.129),
(137294, 9837, 'expedita', 6, 0.638, 3.828),
(137295, 9837, 'aut', 4, 0.566, 2.264),
(137296, 9837, 'sint', 10, 0.078, 0.78),
(137297, 9837, 'minus', 4, 2075.182, 8300.728),
(137298, 9837, 'saepe', 9, 1, 9),
(137299, 9838, 'qui', 9, 599762632, 5397863688),
(137300, 9838, 'exercitationem', 10, 31075626, 310756260),
(137301, 9838, 'nihil', 2, 1394933.2, 2789866.4),
(137302, 9838, 'ipsum', 7, 12527538, 87692766),
(137303, 9838, 'asperiores', 5, 1610.367, 8051.835),
(137304, 9838, 'autem', 4, 51914336.645, 207657346.58),
(137305, 9838, 'laborum', 6, 30436644.1, 182619864.6),
(137306, 9838, 'voluptatem', 6, 1.675, 10.05),
(137307, 9838, 'illo', 9, 234.28, 2108.52),
(137308, 9838, 'a', 7, 203.142, 1421.994),
(137309, 9838, 'aut', 10, 2172, 21720),
(137310, 9838, 'ut', 1, 211624.394, 211624.394),
(137311, 9838, 'natus', 10, 11970, 119700),
(137312, 9838, 'illo', 10, 1797.19, 17971.9),
(137313, 9838, 'pariatur', 7, 439482406.294, 3076376844.058),
(137314, 9838, 'doloribus', 6, 124689.323, 748135.938),
(137315, 9839, 'odit', 10, 1588555, 15885550),
(137316, 9839, 'perferendis', 6, 39.266, 235.596),
(137317, 9839, 'unde', 5, 18249897.232, 91249486.16),
(137318, 9839, 'et', 8, 570749, 4565992),
(137319, 9839, 'modi', 6, 769.035, 4614.21),
(137320, 9839, 'sed', 4, 18.903, 75.612),
(137321, 9839, 'laudantium', 7, 12389291.945, 86725043.615),
(137322, 9839, 'accusamus', 2, 177.696, 355.392),
(137323, 9839, 'maiores', 10, 24845.859, 248458.59),
(137324, 9839, 'aut', 6, 2944, 17664),
(137325, 9839, 'id', 10, 3628732.6, 36287326),
(137326, 9839, 'eos', 7, 6, 42),
(137327, 9839, 'consectetur', 5, 1895807, 9479035),
(137328, 9839, 'aut', 3, 9197.657, 27592.971),
(137329, 9839, 'recusandae', 4, 8732.55, 34930.2),
(137330, 9839, 'sit', 6, 62431811.23, 374590867.38),
(137331, 9839, 'sunt', 4, 290.477, 1161.908),
(137332, 9840, 'deserunt', 8, 484274198.665, 3874193589.32),
(137333, 9840, 'animi', 4, 56383821, 225535284),
(137334, 9840, 'omnis', 10, 5.036, 50.36),
(137335, 9840, 'quas', 7, 34.681, 242.767),
(137336, 9840, 'vitae', 7, 1.345, 9.415),
(137337, 9840, 'saepe', 10, 13804082.379, 138040823.79),
(137338, 9840, 'aut', 8, 11716, 93728),
(137339, 9840, 'nihil', 3, 1443, 4329),
(137340, 9840, 'eveniet', 6, 1.308, 7.848),
(137341, 9840, 'temporibus', 1, 122055702.061, 122055702.061),
(137342, 9840, 'consequuntur', 3, 1488.184, 4464.552),
(137343, 9840, 'assumenda', 6, 55108.101, 330648.606),
(137344, 9840, 'sunt', 9, 62.122, 559.098),
(137345, 9840, 'sequi', 10, 0.472, 4.72),
(137346, 9841, 'corrupti', 10, 416257.57, 4162575.7),
(137347, 9841, 'tempore', 4, 9936.96, 39747.84),
(137348, 9841, 'dolorum', 1, 7143.67, 7143.67),
(137349, 9841, 'voluptatum', 9, 33060.597, 297545.373),
(137350, 9841, 'rerum', 3, 5.054, 15.162),
(137351, 9841, 'amet', 5, 166.827, 834.135),
(137352, 9841, 'numquam', 3, 1359.365, 4078.095),
(137353, 9841, 'corporis', 6, 426, 2556),
(137354, 9841, 'illum', 9, 138.9, 1250.1),
(137355, 9841, 'fuga', 10, 205.55, 2055.5),
(137356, 9841, 'pariatur', 10, 15685533.66, 156855336.6),
(137357, 9842, 'cumque', 9, 22.994, 206.946),
(137358, 9842, 'excepturi', 2, 723.683, 1447.366),
(137359, 9842, 'et', 5, 0.051, 0.255),
(137360, 9842, 'a', 1, 279502.278, 279502.278),
(137361, 9842, 'natus', 3, 3017.348, 9052.044),
(137362, 9842, 'adipisci', 2, 29024.154, 58048.308),
(137363, 9842, 'et', 6, 227355, 1364130),
(137364, 9842, 'vel', 5, 1442, 7210),
(137365, 9842, 'culpa', 6, 222.61, 1335.66),
(137366, 9842, 'in', 6, 44.598, 267.588),
(137367, 9842, 'eaque', 6, 263190095.367, 1579140572.202),
(137368, 9842, 'explicabo', 3, 51.467, 154.401),
(137369, 9842, 'accusamus', 10, 8.798, 87.98),
(137370, 9842, 'est', 8, 13988.895, 111911.16),
(137371, 9842, 'non', 10, 2.5, 25),
(137372, 9842, 'illo', 8, 2653511.292, 21228090.336),
(137373, 9843, 'reiciendis', 10, 30994, 309940),
(137374, 9843, 'soluta', 4, 173.735, 694.94),
(137375, 9843, 'consectetur', 7, 1609.682, 11267.774),
(137376, 9843, 'recusandae', 10, 8322718, 83227180),
(137377, 9843, 'mollitia', 8, 5.996, 47.968),
(137378, 9843, 'impedit', 6, 87505.665, 525033.99),
(137379, 9843, 'et', 2, 283.507, 567.014),
(137380, 9843, 'tempora', 2, 120.1, 240.2),
(137381, 9843, 'quisquam', 5, 53686059.92, 268430299.6),
(137382, 9843, 'quo', 5, 73638.762, 368193.81),
(137383, 9843, 'in', 7, 156227312.771, 1093591189.397),
(137384, 9843, 'sunt', 3, 1.497, 4.491),
(137385, 9843, 'porro', 10, 901888, 9018880),
(137386, 9844, 'sed', 6, 2.281, 13.686),
(137387, 9844, 'rem', 7, 0, 0),
(137388, 9844, 'iste', 3, 55397.599, 166192.797),
(137389, 9844, 'vel', 10, 7263632.73, 72636327.3),
(137390, 9844, 'quo', 7, 3012.54, 21087.78),
(137391, 9844, 'quia', 7, 93324313.688, 653270195.816),
(137392, 9844, 'inventore', 6, 632595.3, 3795571.8),
(137393, 9844, 'error', 6, 7.94, 47.64),
(137394, 9844, 'accusantium', 2, 4818.417, 9636.834),
(137395, 9844, 'voluptatem', 6, 899091.118, 5394546.708),
(137396, 9844, 'et', 8, 456.946, 3655.568),
(137397, 9844, 'similique', 8, 30943.369, 247546.952),
(137398, 9844, 'hic', 10, 756445.427, 7564454.27),
(137399, 9844, 'minima', 2, 28279.013, 56558.026),
(137400, 9844, 'autem', 4, 27158278.574, 108633114.296),
(137401, 9844, 'exercitationem', 10, 53.719, 537.19),
(137402, 9844, 'eveniet', 7, 511.2, 3578.4),
(137403, 9844, 'molestiae', 7, 14593211.112, 102152477.784),
(137404, 9844, 'laboriosam', 7, 1689.33, 11825.31),
(137405, 9845, 'distinctio', 3, 652547, 1957641),
(137406, 9845, 'molestiae', 2, 9116253.63, 18232507.26),
(137407, 9845, 'sunt', 10, 24496399.34, 244963993.4),
(137408, 9845, 'et', 8, 2125403.8, 17003230.4),
(137409, 9845, 'dolore', 2, 5.856, 11.712),
(137410, 9845, 'quibusdam', 7, 10165.713, 71159.991),
(137411, 9845, 'dolore', 10, 806384.663, 8063846.63),
(137412, 9845, 'a', 3, 54.061, 162.183),
(137413, 9845, 'ea', 7, 3.472, 24.304),
(137414, 9845, 'illum', 5, 41342, 206710),
(137415, 9845, 'debitis', 9, 43.238, 389.142),
(137416, 9845, 'saepe', 8, 42.2, 337.6),
(137417, 9845, 'dolorem', 4, 6570, 26280),
(137418, 9845, 'inventore', 9, 3940.234, 35462.106),
(137419, 9845, 'modi', 7, 172.969, 1210.783),
(137420, 9845, 'optio', 10, 28.864, 288.64),
(137421, 9845, 'illum', 6, 11, 66),
(137422, 9845, 'repellat', 10, 615228.536, 6152285.36),
(137423, 9846, 'alias', 4, 16641.274, 66565.096),
(137424, 9846, 'sit', 10, 3.079, 30.79),
(137425, 9846, 'eius', 4, 1029.636, 4118.544),
(137426, 9846, 'ad', 1, 11836.3, 11836.3),
(137427, 9846, 'delectus', 6, 489815.783, 2938894.698),
(137428, 9846, 'fuga', 6, 5, 30),
(137429, 9846, 'rerum', 7, 5795.38, 40567.66),
(137430, 9846, 'quibusdam', 2, 4473.707, 8947.414),
(137431, 9846, 'tempore', 6, 361.322, 2167.932),
(137432, 9846, 'optio', 2, 0.795, 1.59),
(137433, 9846, 'ut', 6, 9265.462, 55592.772),
(137434, 9846, 'ut', 10, 21633513.879, 216335138.79),
(137435, 9846, 'est', 8, 11165.23, 89321.84),
(137436, 9846, 'repellat', 10, 2800919.183, 28009191.83),
(137437, 9846, 'voluptatibus', 5, 12563.2, 62816),
(137438, 9846, 'quaerat', 3, 0.179, 0.537),
(137439, 9846, 'error', 2, 230879901.668, 461759803.336),
(137440, 9847, 'et', 6, 2, 12),
(137441, 9847, 'nemo', 10, 61248.883, 612488.83),
(137442, 9847, 'ad', 5, 58689850.343, 293449251.715),
(137443, 9847, 'iste', 7, 361667.534, 2531672.738),
(137444, 9847, 'libero', 9, 136755391.045, 1230798519.405),
(137445, 9847, 'autem', 7, 2566.707, 17966.949),
(137446, 9847, 'eius', 8, 11925960.959, 95407687.672),
(137447, 9847, 'molestiae', 6, 83387.5, 500325),
(137448, 9847, 'consequatur', 4, 0, 0),
(137449, 9847, 'id', 9, 0.167, 1.503),
(137450, 9847, 'enim', 7, 18869.36, 132085.52),
(137451, 9847, 'omnis', 8, 0.55, 4.4),
(137452, 9847, 'et', 5, 1212.972, 6064.86),
(137453, 9847, 'temporibus', 7, 5.417, 37.919),
(137454, 9847, 'placeat', 9, 67021515.447, 603193639.023),
(137455, 9847, 'id', 8, 26.362, 210.896),
(137456, 9847, 'praesentium', 8, 0.79, 6.32),
(137457, 9847, 'nihil', 7, 30.678, 214.746),
(137458, 9847, 'consequatur', 10, 2.45, 24.5),
(137459, 9847, 'assumenda', 4, 1203.4, 4813.6),
(137460, 9847, 'in', 8, 9605203.107, 76841624.856),
(137461, 9848, 'possimus', 5, 2.407, 12.035),
(137462, 9848, 'illum', 9, 56266405.903, 506397653.127),
(137463, 9848, 'voluptas', 1, 7.579, 7.579),
(137464, 9848, 'perferendis', 8, 30718.531, 245748.248),
(137465, 9848, 'quas', 10, 339857.862, 3398578.62),
(137466, 9848, 'nisi', 8, 271.232, 2169.856),
(137467, 9848, 'facere', 9, 409493.337, 3685440.033),
(137468, 9848, 'ut', 4, 309.049, 1236.196),
(137469, 9848, 'eveniet', 4, 51974.5, 207898),
(137470, 9848, 'et', 9, 17, 153),
(137471, 9848, 'aut', 10, 164703.396, 1647033.96),
(137472, 9848, 'nihil', 2, 854.9, 1709.8),
(137473, 9848, 'et', 7, 75219718.318, 526538028.226),
(137474, 9849, 'in', 4, 4, 16),
(137475, 9849, 'repellat', 8, 973458.394, 7787667.152),
(137476, 9849, 'tenetur', 5, 247045.5, 1235227.5),
(137477, 9849, 'consectetur', 6, 365, 2190),
(137478, 9849, 'id', 6, 22272.074, 133632.444),
(137479, 9849, 'voluptatem', 9, 360.338, 3243.042),
(137480, 9849, 'alias', 7, 91594.945, 641164.615),
(137481, 9849, 'veniam', 4, 525504.06, 2102016.24),
(137482, 9849, 'et', 8, 20275152.12, 162201216.96),
(137483, 9849, 'necessitatibus', 9, 68183546.189, 613651915.701),
(137484, 9849, 'enim', 6, 23095.25, 138571.5),
(137485, 9849, 'ex', 9, 4426815.38, 39841338.42),
(137486, 9849, 'tempora', 8, 360.8, 2886.4),
(137487, 9849, 'earum', 9, 456735.089, 4110615.801),
(137488, 9849, 'enim', 8, 110388.6, 883108.8),
(137489, 9849, 'culpa', 6, 10924021, 65544126),
(137490, 9850, 'commodi', 10, 22965.979, 229659.79),
(137491, 9850, 'quam', 7, 132528864.063, 927702048.441),
(137492, 9850, 'doloribus', 10, 5758787.949, 57587879.49),
(137493, 9850, 'et', 10, 9362.299, 93622.99),
(137494, 9850, 'enim', 10, 1.09, 10.9),
(137495, 9850, 'dolor', 8, 3464.767, 27718.136),
(137496, 9850, 'nostrum', 10, 74427.89, 744278.9),
(137497, 9850, 'suscipit', 4, 0.057, 0.228),
(137498, 9850, 'dicta', 9, 1106345, 9957105),
(137499, 9850, 'laboriosam', 8, 7, 56),
(137500, 9850, 'sed', 1, 919611.83, 919611.83),
(137501, 9850, 'impedit', 3, 36748644.3, 110245932.9),
(137502, 9850, 'labore', 10, 3088649.599, 30886495.99),
(137503, 9851, 'consectetur', 8, 87.62, 700.96),
(137504, 9851, 'est', 1, 10509690.1, 10509690.1),
(137505, 9851, 'facere', 4, 43155.061, 172620.244),
(137506, 9851, 'inventore', 8, 33535392.665, 268283141.32),
(137507, 9851, 'atque', 3, 3896851.864, 11690555.592),
(137508, 9851, 'maxime', 4, 71.183, 284.732),
(137509, 9851, 'expedita', 1, 54491, 54491),
(137510, 9851, 'quia', 8, 332746334.69, 2661970677.52),
(137511, 9851, 'ratione', 8, 186426.913, 1491415.304),
(137512, 9851, 'aut', 6, 59831759.248, 358990555.488),
(137513, 9851, 'nostrum', 9, 180, 1620),
(137514, 9851, 'rerum', 2, 51930691.244, 103861382.488),
(137515, 9851, 'et', 6, 71473.802, 428842.812),
(137516, 9851, 'officiis', 4, 728697.19, 2914788.76),
(137517, 9851, 'voluptas', 2, 102531, 205062),
(137518, 9851, 'ut', 7, 401222.7, 2808558.9),
(137519, 9851, 'ut', 2, 53538513, 107077026),
(137520, 9851, 'aperiam', 10, 303959, 3039590),
(137521, 9851, 'architecto', 4, 0.588, 2.352),
(137522, 9852, 'rerum', 9, 30.543, 274.887),
(137523, 9852, 'magnam', 3, 0, 0),
(137524, 9852, 'et', 4, 17864.074, 71456.296),
(137525, 9852, 'et', 8, 77786.264, 622290.112),
(137526, 9852, 'velit', 10, 3280.166, 32801.66),
(137527, 9852, 'dignissimos', 10, 6156825.454, 61568254.54),
(137528, 9852, 'sint', 2, 2037704.605, 4075409.21),
(137529, 9852, 'qui', 3, 214078308, 642234924),
(137530, 9852, 'ea', 6, 3173.074, 19038.444),
(137531, 9852, 'qui', 2, 61483, 122966),
(137532, 9852, 'quam', 4, 5.268, 21.072),
(137533, 9852, 'commodi', 3, 206549, 619647),
(137534, 9853, 'incidunt', 6, 1294099.851, 7764599.106),
(137535, 9853, 'rerum', 3, 1083, 3249),
(137536, 9853, 'est', 8, 84752, 678016),
(137537, 9853, 'dolorem', 3, 2, 6),
(137538, 9853, 'in', 6, 5927617.129, 35565702.774),
(137539, 9853, 'ut', 5, 13610.3, 68051.5),
(137540, 9853, 'ut', 4, 764.834, 3059.336),
(137541, 9853, 'voluptatem', 8, 12814.569, 102516.552),
(137542, 9853, 'et', 8, 64, 512),
(137543, 9853, 'dolor', 8, 0.542, 4.336),
(137544, 9853, 'ab', 10, 214660.483, 2146604.83),
(137545, 9853, 'neque', 5, 2.3, 11.5),
(137546, 9853, 'mollitia', 2, 2.529, 5.058),
(137547, 9853, 'dolor', 10, 76879, 768790),
(137548, 9853, 'commodi', 8, 3703516.222, 29628129.776),
(137549, 9853, 'natus', 9, 15043447.851, 135391030.659),
(137550, 9854, 'placeat', 8, 34358.437, 274867.496),
(137551, 9854, 'iure', 10, 32725096.8, 327250968),
(137552, 9854, 'quo', 7, 7125.596, 49879.172),
(137553, 9854, 'est', 6, 31621.798, 189730.788),
(137554, 9854, 'nisi', 4, 47372777, 189491108),
(137555, 9854, 'ea', 10, 1233507.926, 12335079.26),
(137556, 9854, 'ut', 7, 457843203.2, 3204902422.4),
(137557, 9854, 'est', 4, 1214.267, 4857.068),
(137558, 9854, 'occaecati', 8, 7.407, 59.256),
(137559, 9854, 'reiciendis', 5, 19964213.548, 99821067.74),
(137560, 9854, 'minima', 6, 41604580.791, 249627484.746),
(137561, 9854, 'facilis', 5, 2974.15, 14870.75),
(137562, 9854, 'reprehenderit', 1, 70406.287, 70406.287),
(137563, 9854, 'quaerat', 5, 5722.254, 28611.27),
(137564, 9855, 'quos', 9, 2123601.236, 19112411.124),
(137565, 9855, 'laboriosam', 2, 2, 4),
(137566, 9855, 'excepturi', 6, 219419376.288, 1316516257.728),
(137567, 9855, 'consectetur', 4, 76.845, 307.38),
(137568, 9855, 'harum', 8, 1662421.349, 13299370.792),
(137569, 9855, 'pariatur', 8, 1250.165, 10001.32),
(137570, 9855, 'est', 2, 6080.903, 12161.806),
(137571, 9855, 'natus', 10, 0, 0),
(137572, 9855, 'laudantium', 8, 4669.611, 37356.888),
(137573, 9855, 'voluptas', 10, 772315.834, 7723158.34),
(137574, 9855, 'eos', 10, 20729438.69, 207294386.9),
(137575, 9855, 'id', 3, 1.129, 3.387),
(137576, 9855, 'qui', 7, 18077201, 126540407),
(137577, 9855, 'perspiciatis', 7, 63810.1, 446670.7),
(137578, 9855, 'voluptas', 10, 82.88, 828.8),
(137579, 9855, 'sit', 10, 3307.594, 33075.94),
(137580, 9855, 'ut', 3, 14071.029, 42213.087),
(137581, 9855, 'perspiciatis', 2, 11907682.301, 23815364.602),
(137582, 9856, 'molestiae', 10, 119189.345, 1191893.45),
(137583, 9856, 'iure', 6, 16757.992, 100547.952),
(137584, 9856, 'nam', 7, 9235130, 64645910),
(137585, 9856, 'eum', 8, 895876.833, 7167014.664),
(137586, 9856, 'eos', 9, 5.827, 52.443),
(137587, 9856, 'quia', 10, 39069913.042, 390699130.42),
(137588, 9856, 'non', 9, 4.091, 36.819),
(137589, 9856, 'et', 2, 87739833.417, 175479666.834),
(137590, 9856, 'nihil', 9, 7394.136, 66547.224),
(137591, 9856, 'qui', 7, 5575215.01, 39026505.07),
(137592, 9856, 'optio', 7, 16043792.953, 112306550.671),
(137593, 9856, 'iusto', 10, 331468316.25, 3314683162.5),
(137594, 9856, 'eius', 10, 1241.732, 12417.32),
(137595, 9856, 'laboriosam', 10, 235898.981, 2358989.81),
(137596, 9856, 'dolores', 7, 7, 49),
(137597, 9857, 'labore', 6, 523, 3138),
(137598, 9857, 'aut', 8, 16278.12, 130224.96),
(137599, 9857, 'qui', 7, 1348387.468, 9438712.276),
(137600, 9857, 'omnis', 4, 20.252, 81.008),
(137601, 9857, 'qui', 3, 48674.141, 146022.423),
(137602, 9857, 'ratione', 7, 61685.95, 431801.65),
(137603, 9857, 'dicta', 7, 10797.328, 75581.296),
(137604, 9857, 'excepturi', 2, 5763526.92, 11527053.84),
(137605, 9857, 'eos', 3, 4016.573, 12049.719),
(137606, 9857, 'nostrum', 6, 199.302, 1195.812),
(137607, 9857, 'quibusdam', 7, 25491744.217, 178442209.519),
(137608, 9857, 'rerum', 9, 206.599, 1859.391),
(137609, 9857, 'consequuntur', 8, 8207.8, 65662.4),
(137610, 9857, 'iusto', 7, 4776.089, 33432.623),
(137611, 9857, 'iure', 7, 622257.237, 4355800.659),
(137612, 9857, 'sint', 9, 3051133.524, 27460201.716),
(137613, 9857, 'repellat', 3, 29.45, 88.35),
(137614, 9858, 'magni', 4, 5358.5, 21434),
(137615, 9858, 'reiciendis', 5, 748216.997, 3741084.985),
(137616, 9858, 'aut', 10, 11, 110),
(137617, 9858, 'eum', 6, 16295487.494, 97772924.964),
(137618, 9858, 'labore', 7, 3637978, 25465846),
(137619, 9858, 'pariatur', 10, 0.971, 9.71),
(137620, 9858, 'omnis', 7, 25477, 178339),
(137621, 9858, 'labore', 4, 4614548.178, 18458192.712),
(137622, 9858, 'quam', 8, 9, 72),
(137623, 9858, 'consequuntur', 7, 3.883, 27.181),
(137624, 9858, 'inventore', 4, 413510.99, 1654043.96),
(137625, 9858, 'maiores', 9, 0.548, 4.932),
(137626, 9858, 'cum', 7, 452.1, 3164.7),
(137627, 9858, 'perferendis', 5, 9.835, 49.175),
(137628, 9858, 'aliquam', 4, 16242.732, 64970.928),
(137629, 9859, 'et', 7, 597.379, 4181.653),
(137630, 9859, 'asperiores', 6, 45.523, 273.138),
(137631, 9859, 'illum', 9, 3123479.02, 28111311.18),
(137632, 9859, 'ut', 2, 559466.651, 1118933.302),
(137633, 9859, 'explicabo', 7, 130.809, 915.663),
(137634, 9859, 'in', 4, 11608316.314, 46433265.256),
(137635, 9859, 'sed', 8, 708592, 5668736),
(137636, 9859, 'et', 7, 63851565.94, 446960961.58),
(137637, 9859, 'ducimus', 10, 20.8, 208),
(137638, 9859, 'natus', 7, 0, 0),
(137639, 9859, 'dolorem', 8, 44974.954, 359799.632),
(137640, 9859, 'et', 10, 69.727, 697.27),
(137641, 9859, 'tenetur', 6, 57707761.221, 346246567.326),
(137642, 9860, 'a', 8, 1519403.427, 12155227.416),
(137643, 9860, 'ab', 7, 0.995, 6.965),
(137644, 9860, 'fugit', 9, 3009.02, 27081.18),
(137645, 9860, 'consectetur', 10, 57305.087, 573050.87),
(137646, 9860, 'ullam', 7, 43614.64, 305302.48),
(137647, 9860, 'at', 9, 3537591.387, 31838322.483),
(137648, 9860, 'quis', 10, 4647233.872, 46472338.72),
(137649, 9860, 'sunt', 6, 281969.751, 1691818.506),
(137650, 9860, 'aut', 6, 23522.37, 141134.22),
(137651, 9860, 'sit', 9, 0, 0),
(137652, 9860, 'quia', 10, 841831.44, 8418314.4),
(137653, 9860, 'dolores', 7, 853827.851, 5976794.957),
(137654, 9860, 'natus', 9, 5852371.932, 52671347.388),
(137655, 9860, 'rerum', 1, 19041091.736, 19041091.736),
(137656, 9860, 'eaque', 3, 5998157.85, 17994473.55),
(137657, 9860, 'repudiandae', 5, 736.411, 3682.055),
(137658, 9861, 'velit', 5, 79.26, 396.3),
(137659, 9861, 'nisi', 3, 810636.957, 2431910.871),
(137660, 9861, 'temporibus', 2, 21660.597, 43321.194),
(137661, 9861, 'aliquid', 9, 214974.25, 1934768.25),
(137662, 9861, 'a', 10, 55732827.169, 557328271.69),
(137663, 9861, 'corporis', 6, 77849110.903, 467094665.418),
(137664, 9861, 'et', 7, 224.531, 1571.717),
(137665, 9861, 'est', 3, 1471.278, 4413.834),
(137666, 9861, 'id', 10, 0.74, 7.4),
(137667, 9861, 'laborum', 6, 5136371.26, 30818227.56),
(137668, 9861, 'aut', 9, 4, 36),
(137669, 9861, 'non', 10, 514003250.308, 5140032503.08),
(137670, 9861, 'est', 5, 34567448, 172837240),
(137671, 9861, 'quo', 8, 39692490.069, 317539920.552),
(137672, 9861, 'quidem', 8, 7993.712, 63949.696),
(137673, 9862, 'rerum', 2, 327600.898, 655201.796),
(137674, 9862, 'dolorem', 6, 779214.118, 4675284.708),
(137675, 9862, 'sed', 10, 11926792.912, 119267929.12),
(137676, 9862, 'cumque', 7, 936648.5, 6556539.5),
(137677, 9862, 'est', 3, 16.1, 48.3),
(137678, 9862, 'omnis', 2, 13.54, 27.08),
(137679, 9862, 'animi', 5, 36.76, 183.8),
(137680, 9862, 'et', 6, 3177462.673, 19064776.038),
(137681, 9862, 'sint', 8, 60, 480),
(137682, 9862, 'odit', 4, 98352.647, 393410.588),
(137683, 9862, 'quia', 1, 365377715.856, 365377715.856),
(137684, 9862, 'nulla', 4, 2.564, 10.256),
(137685, 9862, 'sit', 7, 54441203.221, 381088422.547),
(137686, 9862, 'consequatur', 6, 77.442, 464.652),
(137687, 9862, 'sit', 7, 0.048, 0.336),
(137688, 9862, 'qui', 6, 45207105.013, 271242630.078),
(137689, 9863, 'placeat', 9, 15418.974, 138770.766),
(137690, 9863, 'natus', 5, 1092428.83, 5462144.15),
(137691, 9863, 'dolores', 4, 1, 4),
(137692, 9863, 'voluptatem', 7, 226.31, 1584.17),
(137693, 9863, 'voluptas', 10, 0.153, 1.53),
(137694, 9863, 'praesentium', 4, 120031.106, 480124.424),
(137695, 9863, 'autem', 6, 573564308.417, 3441385850.502),
(137696, 9863, 'ratione', 7, 290325.7, 2032279.9),
(137697, 9863, 'quod', 3, 1.386, 4.158),
(137698, 9863, 'in', 9, 317195896.236, 2854763066.124),
(137699, 9863, 'est', 5, 3991717.003, 19958585.015),
(137700, 9863, 'non', 4, 19.437, 77.748),
(137701, 9864, 'fugit', 1, 941597, 941597),
(137702, 9864, 'reiciendis', 4, 51220.762, 204883.048),
(137703, 9864, 'illum', 10, 766.986, 7669.86),
(137704, 9864, 'ut', 4, 319030357.79, 1276121431.16),
(137705, 9864, 'ratione', 9, 4512.646, 40613.814),
(137706, 9864, 'tempore', 7, 3616314.681, 25314202.767),
(137707, 9864, 'non', 9, 312190867.479, 2809717807.311),
(137708, 9864, 'est', 7, 54175.18, 379226.26),
(137709, 9864, 'dolore', 7, 32961764, 230732348),
(137710, 9864, 'eum', 7, 9, 63),
(137711, 9864, 'laboriosam', 2, 2835981.461, 5671962.922),
(137712, 9864, 'suscipit', 9, 23500.669, 211506.021),
(137713, 9864, 'fuga', 10, 0.85, 8.5),
(137714, 9864, 'totam', 6, 293841.2, 1763047.2),
(137715, 9864, 'et', 5, 7307.2, 36536),
(137716, 9865, 'eum', 7, 732126.617, 5124886.319),
(137717, 9865, 'deserunt', 5, 2157841, 10789205),
(137718, 9865, 'eveniet', 10, 952461.501, 9524615.01),
(137719, 9865, 'pariatur', 3, 641296.1, 1923888.3),
(137720, 9865, 'deleniti', 6, 74641241.9, 447847451.4),
(137721, 9865, 'earum', 10, 26403088.408, 264030884.08),
(137722, 9865, 'et', 5, 621823177.547, 3109115887.735),
(137723, 9865, 'molestiae', 9, 276.447, 2488.023),
(137724, 9865, 'minima', 9, 579095022.35, 5211855201.15),
(137725, 9865, 'soluta', 9, 138237.989, 1244141.901),
(137726, 9865, 'autem', 2, 19572.792, 39145.584),
(137727, 9865, 'ipsa', 10, 55.965, 559.65),
(137728, 9865, 'vel', 1, 1536670.668, 1536670.668),
(137729, 9865, 'repudiandae', 6, 1.588, 9.528),
(137730, 9865, 'iste', 10, 122.53, 1225.3),
(137731, 9865, 'ea', 4, 1481.981, 5927.924),
(137732, 9866, 'quidem', 6, 561.729, 3370.374),
(137733, 9866, 'et', 7, 2.46, 17.22),
(137734, 9866, 'architecto', 2, 0, 0),
(137735, 9866, 'adipisci', 1, 3353044, 3353044),
(137736, 9866, 'inventore', 8, 8973.9, 71791.2),
(137737, 9866, 'quia', 7, 5652.66, 39568.62),
(137738, 9866, 'natus', 7, 28849.928, 201949.496),
(137739, 9866, 'qui', 4, 10517539.898, 42070159.592),
(137740, 9866, 'aut', 4, 58, 232),
(137741, 9866, 'sit', 9, 9170.965, 82538.685),
(137742, 9866, 'et', 10, 2260825.251, 22608252.51),
(137743, 9866, 'similique', 4, 7285954.41, 29143817.64),
(137744, 9866, 'qui', 7, 1869897.608, 13089283.256),
(137745, 9867, 'et', 9, 21.98, 197.82),
(137746, 9867, 'hic', 1, 1553.749, 1553.749),
(137747, 9867, 'ex', 10, 2710.122, 27101.22),
(137748, 9867, 'molestiae', 10, 41845.4, 418454),
(137749, 9867, 'quibusdam', 4, 440, 1760),
(137750, 9867, 'et', 6, 15000921.48, 90005528.88),
(137751, 9867, 'soluta', 5, 168608266.924, 843041334.62),
(137752, 9867, 'aut', 6, 3.498, 20.988),
(137753, 9867, 'vel', 9, 1, 9),
(137754, 9867, 'magni', 7, 5327025.58, 37289179.06),
(137755, 9867, 'facilis', 4, 175.284, 701.136),
(137756, 9867, 'consequatur', 4, 1.596, 6.384),
(137757, 9867, 'voluptatem', 10, 63.308, 633.08),
(137758, 9867, 'reiciendis', 4, 714074.38, 2856297.52),
(137759, 9867, 'excepturi', 9, 12198.235, 109784.115),
(137760, 9867, 'suscipit', 8, 0.87, 6.96),
(137761, 9868, 'doloremque', 6, 34.389, 206.334),
(137762, 9868, 'et', 8, 454647511.074, 3637180088.592),
(137763, 9868, 'unde', 9, 23.179, 208.611),
(137764, 9868, 'eligendi', 10, 1579149.7, 15791497),
(137765, 9868, 'sunt', 2, 91.2, 182.4),
(137766, 9868, 'ut', 8, 6.5, 52),
(137767, 9868, 'dicta', 3, 243.59, 730.77),
(137768, 9868, 'recusandae', 8, 58983200.606, 471865604.848),
(137769, 9868, 'dolore', 10, 0, 0),
(137770, 9868, 'quasi', 6, 11249.22, 67495.32),
(137771, 9868, 'sit', 4, 247599.07, 990396.28),
(137772, 9868, 'incidunt', 6, 13565.9, 81395.4),
(137773, 9868, 'qui', 10, 140362791.499, 1403627914.99),
(137774, 9868, 'eos', 8, 294363.584, 2354908.672),
(137775, 9869, 'dolores', 8, 2.565, 20.52),
(137776, 9869, 'itaque', 10, 1867.296, 18672.96),
(137777, 9869, 'earum', 6, 2231820.8, 13390924.8),
(137778, 9869, 'quod', 9, 5.59, 50.31),
(137779, 9869, 'cum', 4, 4061.416, 16245.664),
(137780, 9869, 'nemo', 8, 258683633.152, 2069469065.216),
(137781, 9869, 'delectus', 2, 9868324.276, 19736648.552),
(137782, 9869, 'ducimus', 8, 0.889, 7.112),
(137783, 9869, 'doloremque', 8, 117553.735, 940429.88),
(137784, 9869, 'praesentium', 10, 364.99, 3649.9),
(137785, 9869, 'ducimus', 7, 130180745.513, 911265218.591),
(137786, 9869, 'voluptates', 7, 2291802.387, 16042616.709),
(137787, 9869, 'autem', 6, 19, 114),
(137788, 9870, 'neque', 10, 239.953, 2399.53),
(137789, 9870, 'adipisci', 10, 546481.186, 5464811.86),
(137790, 9870, 'totam', 4, 8774, 35096),
(137791, 9870, 'odit', 5, 1303.873, 6519.365),
(137792, 9870, 'et', 3, 291906.404, 875719.212),
(137793, 9870, 'et', 4, 15628984.03, 62515936.12),
(137794, 9870, 'odio', 9, 12560437.932, 113043941.388),
(137795, 9870, 'quaerat', 1, 42.939, 42.939),
(137796, 9870, 'exercitationem', 4, 6926.384, 27705.536),
(137797, 9870, 'distinctio', 9, 251678, 2265102),
(137798, 9870, 'sint', 5, 9.631, 48.155),
(137799, 9870, 'tenetur', 4, 5588.546, 22354.184),
(137800, 9870, 'voluptate', 10, 33472.5, 334725),
(137801, 9870, 'mollitia', 4, 3448945.375, 13795781.5),
(137802, 9870, 'necessitatibus', 9, 47.747, 429.723),
(137803, 9870, 'libero', 3, 20, 60),
(137804, 9870, 'fugiat', 6, 3157.166, 18942.996),
(137805, 9870, 'dignissimos', 8, 78.1, 624.8),
(137806, 9870, 'aut', 10, 898858.37, 8988583.7),
(137807, 9871, 'et', 6, 6795.837, 40775.022),
(137808, 9871, 'reiciendis', 1, 1, 1),
(137809, 9871, 'occaecati', 8, 380.489, 3043.912),
(137810, 9871, 'dignissimos', 10, 156863434.5, 1568634345),
(137811, 9871, 'et', 7, 2.433, 17.031),
(137812, 9871, 'incidunt', 10, 15679.624, 156796.24),
(137813, 9871, 'explicabo', 8, 737121.769, 5896974.152),
(137814, 9871, 'odio', 5, 28439.557, 142197.785),
(137815, 9871, 'minima', 7, 21745.39, 152217.73),
(137816, 9871, 'quia', 9, 301102.697, 2709924.273),
(137817, 9871, 'omnis', 5, 3904.834, 19524.17),
(137818, 9871, 'earum', 9, 153966190.574, 1385695715.166),
(137819, 9871, 'voluptas', 10, 34229126.523, 342291265.23),
(137820, 9872, 'vero', 8, 61.93, 495.44),
(137821, 9872, 'accusamus', 6, 999200, 5995200),
(137822, 9872, 'unde', 5, 21584.042, 107920.21),
(137823, 9872, 'ut', 4, 643740.882, 2574963.528),
(137824, 9872, 'quos', 5, 1761.435, 8807.175),
(137825, 9872, 'nam', 9, 61461.01, 553149.09),
(137826, 9872, 'tenetur', 7, 57707625.025, 403953375.175),
(137827, 9872, 'veniam', 9, 776596, 6989364),
(137828, 9872, 'et', 6, 3949080.224, 23694481.344),
(137829, 9872, 'voluptatum', 5, 229.934, 1149.67),
(137830, 9872, 'magni', 6, 168.292, 1009.752),
(137831, 9872, 'aut', 5, 45348919.31, 226744596.55),
(137832, 9872, 'sed', 5, 1.716, 8.58),
(137833, 9873, 'eum', 10, 6.232, 62.32),
(137834, 9873, 'laudantium', 8, 52.843, 422.744),
(137835, 9873, 'voluptatem', 4, 74.433, 297.732),
(137836, 9873, 'numquam', 8, 10026567, 80212536),
(137837, 9873, 'delectus', 10, 909444669.051, 9094446690.51),
(137838, 9873, 'est', 9, 160544035.221, 1444896316.989),
(137839, 9873, 'est', 4, 23037.454, 92149.816),
(137840, 9873, 'natus', 6, 6589709.462, 39538256.772),
(137841, 9873, 'alias', 9, 65.976, 593.784),
(137842, 9873, 'est', 8, 101975611.775, 815804894.2),
(137843, 9873, 'itaque', 10, 305.037, 3050.37),
(137844, 9873, 'voluptatem', 9, 687353.807, 6186184.263),
(137845, 9873, 'voluptate', 2, 63312432.46, 126624864.92),
(137846, 9873, 'dolore', 10, 0, 0),
(137847, 9873, 'voluptates', 8, 642.5, 5140),
(137848, 9873, 'possimus', 8, 361.33, 2890.64),
(137849, 9873, 'nesciunt', 10, 84, 840),
(137850, 9874, 'iusto', 9, 55662.572, 500963.148),
(137851, 9874, 'porro', 8, 108.716, 869.728),
(137852, 9874, 'temporibus', 5, 2392.4, 11962),
(137853, 9874, 'fugit', 6, 545, 3270),
(137854, 9874, 'vel', 5, 40245712.298, 201228561.49),
(137855, 9874, 'voluptatem', 3, 23.435, 70.305),
(137856, 9874, 'facilis', 9, 10574.432, 95169.888),
(137857, 9874, 'vel', 7, 1036.709, 7256.963),
(137858, 9874, 'velit', 7, 0, 0),
(137859, 9874, 'qui', 5, 1541989.093, 7709945.465),
(137860, 9874, 'odio', 3, 182155.5, 546466.5),
(137861, 9874, 'fuga', 10, 56860.439, 568604.39),
(137862, 9874, 'nihil', 9, 1.535, 13.815),
(137863, 9874, 'officia', 10, 142.216, 1422.16),
(137864, 9875, 'expedita', 4, 3420282, 13681128),
(137865, 9875, 'vel', 3, 209, 627),
(137866, 9875, 'ipsum', 10, 1107213.009, 11072130.09),
(137867, 9875, 'mollitia', 10, 355496.407, 3554964.07),
(137868, 9875, 'et', 6, 117060.915, 702365.49),
(137869, 9875, 'rerum', 8, 0, 0),
(137870, 9875, 'alias', 9, 2455, 22095),
(137871, 9875, 'nesciunt', 9, 385972205.505, 3473749849.545),
(137872, 9875, 'accusantium', 8, 134244.176, 1073953.408),
(137873, 9875, 'sit', 2, 0.936, 1.872),
(137874, 9875, 'velit', 2, 894.599, 1789.198),
(137875, 9875, 'sunt', 3, 17.773, 53.319),
(137876, 9875, 'cumque', 8, 24771.89, 198175.12);
INSERT INTO `produit` (`id`, `facture_id`, `nom`, `nb`, `prix_unitaire`, `prix_total`) VALUES
(137877, 9875, 'id', 8, 3914.1, 31312.8),
(137878, 9875, 'est', 6, 120668975.479, 724013852.874),
(137879, 9876, 'quos', 8, 9, 72),
(137880, 9876, 'dolores', 6, 35219, 211314),
(137881, 9876, 'maiores', 6, 1803118.2, 10818709.2),
(137882, 9876, 'vitae', 9, 65206447.46, 586858027.14),
(137883, 9876, 'voluptatem', 7, 218470964.937, 1529296754.559),
(137884, 9876, 'fuga', 10, 6746719.382, 67467193.82),
(137885, 9876, 'sit', 4, 1.329, 5.316),
(137886, 9876, 'in', 2, 25332416.669, 50664833.338),
(137887, 9876, 'a', 10, 26068151.041, 260681510.41),
(137888, 9876, 'aut', 8, 2046.491, 16371.928),
(137889, 9876, 'dolores', 4, 3565067.313, 14260269.252),
(137890, 9876, 'nihil', 9, 11585218.3, 104266964.7),
(137891, 9876, 'quo', 9, 100434.608, 903911.472),
(137892, 9876, 'blanditiis', 4, 33521140.029, 134084560.116),
(137893, 9876, 'sunt', 2, 11640.107, 23280.214),
(137894, 9877, 'harum', 3, 3, 9),
(137895, 9877, 'quos', 10, 0.07, 0.7),
(137896, 9877, 'reiciendis', 4, 13271.86, 53087.44),
(137897, 9877, 'qui', 4, 4483.611, 17934.444),
(137898, 9877, 'impedit', 5, 727.452, 3637.26),
(137899, 9877, 'ut', 5, 656221.75, 3281108.75),
(137900, 9877, 'ut', 9, 1, 9),
(137901, 9877, 'omnis', 8, 24.698, 197.584),
(137902, 9877, 'quia', 3, 0.866, 2.598),
(137903, 9877, 'minima', 4, 838652.063, 3354608.252),
(137904, 9877, 'id', 9, 39748454.04, 357736086.36),
(137905, 9877, 'ducimus', 8, 58.964, 471.712),
(137906, 9877, 'et', 7, 1459.1, 10213.7),
(137907, 9877, 'blanditiis', 7, 1329983, 9309881),
(137908, 9878, 'quam', 9, 5356.005, 48204.045),
(137909, 9878, 'non', 8, 49046.797, 392374.376),
(137910, 9878, 'corrupti', 10, 2816.543, 28165.43),
(137911, 9878, 'iusto', 10, 4280.993, 42809.93),
(137912, 9878, 'est', 10, 0.919, 9.19),
(137913, 9878, 'vero', 7, 35.35, 247.45),
(137914, 9878, 'nihil', 7, 7.858, 55.006),
(137915, 9878, 'quod', 6, 5585395.086, 33512370.516),
(137916, 9878, 'occaecati', 6, 84840.59, 509043.54),
(137917, 9878, 'doloribus', 10, 404614.203, 4046142.03),
(137918, 9878, 'omnis', 6, 1293.159, 7758.954),
(137919, 9878, 'similique', 4, 111803.502, 447214.008),
(137920, 9878, 'id', 5, 377212.605, 1886063.025),
(137921, 9878, 'aut', 9, 1.479, 13.311),
(137922, 9878, 'consequatur', 7, 1811.676, 12681.732),
(137923, 9878, 'libero', 4, 23880831.6, 95523326.4),
(137924, 9879, 'a', 4, 287881650.506, 1151526602.024),
(137925, 9879, 'velit', 10, 8239296.936, 82392969.36),
(137926, 9879, 'reprehenderit', 4, 4900.161, 19600.644),
(137927, 9879, 'id', 3, 34087780, 102263340),
(137928, 9879, 'natus', 8, 733846876, 5870775008),
(137929, 9879, 'adipisci', 10, 2345.496, 23454.96),
(137930, 9879, 'iure', 5, 79.1, 395.5),
(137931, 9879, 'sit', 9, 0, 0),
(137932, 9879, 'saepe', 10, 4989.7, 49897),
(137933, 9879, 'nulla', 8, 594, 4752),
(137934, 9879, 'perspiciatis', 10, 16.3, 163),
(137935, 9879, 'accusamus', 9, 7.5, 67.5),
(137936, 9879, 'nostrum', 7, 89589.594, 627127.158),
(137937, 9880, 'dolorem', 7, 98412.247, 688885.729),
(137938, 9880, 'sint', 5, 15416.718, 77083.59),
(137939, 9880, 'distinctio', 9, 250.635, 2255.715),
(137940, 9880, 'esse', 10, 49353677.257, 493536772.57),
(137941, 9880, 'dolor', 5, 515655.69, 2578278.45),
(137942, 9880, 'mollitia', 10, 428, 4280),
(137943, 9880, 'optio', 1, 741666.981, 741666.981),
(137944, 9880, 'nostrum', 4, 3059.4, 12237.6),
(137945, 9880, 'fugiat', 4, 1.18, 4.72),
(137946, 9880, 'esse', 8, 0, 0),
(137947, 9880, 'quis', 10, 40543354.524, 405433545.24),
(137948, 9880, 'quia', 10, 40672559.95, 406725599.5),
(137949, 9880, 'nostrum', 6, 392.988, 2357.928),
(137950, 9880, 'iusto', 3, 73806226.755, 221418680.265),
(137951, 9880, 'explicabo', 6, 77188.498, 463130.988),
(137952, 9881, 'consectetur', 5, 2.008, 10.04),
(137953, 9881, 'fugit', 7, 3817.6, 26723.2),
(137954, 9881, 'deserunt', 4, 6.374, 25.496),
(137955, 9881, 'qui', 3, 697643868.185, 2092931604.555),
(137956, 9881, 'cum', 7, 6673.559, 46714.913),
(137957, 9881, 'dignissimos', 8, 3, 24),
(137958, 9881, 'aut', 3, 247.317, 741.951),
(137959, 9881, 'amet', 9, 55936.042, 503424.378),
(137960, 9881, 'exercitationem', 9, 3031664, 27284976),
(137961, 9881, 'quibusdam', 7, 1354241.016, 9479687.112),
(137962, 9881, 'consequatur', 5, 144283419, 721417095),
(137963, 9881, 'aperiam', 7, 2364.067, 16548.469),
(137964, 9881, 'aut', 8, 295, 2360),
(137965, 9882, 'odio', 6, 7.746, 46.476),
(137966, 9882, 'aut', 3, 6235.512, 18706.536),
(137967, 9882, 'suscipit', 4, 7476, 29904),
(137968, 9882, 'dignissimos', 9, 22378774, 201408966),
(137969, 9882, 'voluptatibus', 7, 3924527.816, 27471694.712),
(137970, 9882, 'sunt', 4, 1.705, 6.82),
(137971, 9882, 'dolore', 4, 4458.911, 17835.644),
(137972, 9882, 'natus', 8, 0, 0),
(137973, 9882, 'ut', 10, 18292.3, 182923),
(137974, 9882, 'ea', 7, 4990, 34930),
(137975, 9882, 'praesentium', 5, 384158, 1920790),
(137976, 9882, 'eveniet', 6, 4613.667, 27682.002),
(137977, 9882, 'quia', 10, 4992.988, 49929.88),
(137978, 9882, 'rem', 6, 143753.126, 862518.756),
(137979, 9882, 'provident', 4, 910.52, 3642.08),
(137980, 9883, 'dolorum', 8, 171.065, 1368.52),
(137981, 9883, 'qui', 1, 193512450, 193512450),
(137982, 9883, 'aliquid', 2, 181113.916, 362227.832),
(137983, 9883, 'iste', 10, 2.3, 23),
(137984, 9883, 'deleniti', 7, 57591.3, 403139.1),
(137985, 9883, 'et', 6, 307316688.8, 1843900132.8),
(137986, 9883, 'asperiores', 10, 98589229.081, 985892290.81),
(137987, 9883, 'et', 6, 568234847.37, 3409409084.22),
(137988, 9883, 'omnis', 6, 4174353.015, 25046118.09),
(137989, 9883, 'consequatur', 10, 4416.668, 44166.68),
(137990, 9883, 'inventore', 4, 32.015, 128.06),
(137991, 9883, 'accusantium', 5, 6.676, 33.38),
(137992, 9883, 'corrupti', 10, 70731.584, 707315.84),
(137993, 9883, 'et', 5, 290723208.9, 1453616044.5),
(137994, 9883, 'est', 10, 12094, 120940),
(137995, 9883, 'temporibus', 10, 1.396, 13.96),
(137996, 9884, 'at', 5, 18.134, 90.67),
(137997, 9884, 'placeat', 7, 90015.8, 630110.6),
(137998, 9884, 'consequatur', 8, 0, 0),
(137999, 9884, 'veritatis', 8, 9502785, 76022280),
(138000, 9884, 'qui', 4, 7205421.306, 28821685.224),
(138001, 9884, 'molestiae', 5, 6702862.678, 33514313.39),
(138002, 9884, 'deserunt', 6, 0, 0),
(138003, 9884, 'quidem', 7, 123638334, 865468338),
(138004, 9884, 'nihil', 3, 2700.282, 8100.846),
(138005, 9884, 'maiores', 9, 24030.976, 216278.784),
(138006, 9884, 'et', 8, 217536047, 1740288376),
(138007, 9884, 'eum', 10, 51186.599, 511865.99),
(138008, 9884, 'blanditiis', 7, 6.279, 43.953),
(138009, 9884, 'odit', 7, 1, 7),
(138010, 9884, 'culpa', 7, 492716.66, 3449016.62),
(138011, 9884, 'perspiciatis', 8, 3.206, 25.648),
(138012, 9885, 'voluptas', 4, 158.375, 633.5),
(138013, 9885, 'hic', 2, 662.383, 1324.766),
(138014, 9885, 'ad', 8, 150.563, 1204.504),
(138015, 9885, 'soluta', 8, 170862.429, 1366899.432),
(138016, 9885, 'officia', 9, 3.682, 33.138),
(138017, 9885, 'perspiciatis', 7, 475.27, 3326.89),
(138018, 9885, 'praesentium', 10, 0.116, 1.16),
(138019, 9885, 'et', 4, 4704326.097, 18817304.388),
(138020, 9885, 'praesentium', 9, 23.42, 210.78),
(138021, 9885, 'impedit', 7, 21780726.5, 152465085.5),
(138022, 9885, 'eaque', 9, 4.173, 37.557),
(138023, 9885, 'est', 2, 92521889.94, 185043779.88),
(138024, 9885, 'ipsum', 8, 154430.276, 1235442.208),
(138025, 9885, 'dignissimos', 10, 6473437, 64734370),
(138026, 9886, 'sed', 9, 15.984, 143.856),
(138027, 9886, 'sapiente', 3, 5101.529, 15304.587),
(138028, 9886, 'aut', 5, 244.726, 1223.63),
(138029, 9886, 'est', 4, 1360000.143, 5440000.572),
(138030, 9886, 'reprehenderit', 8, 254882.952, 2039063.616),
(138031, 9886, 'suscipit', 8, 3103.576, 24828.608),
(138032, 9886, 'culpa', 8, 9905172.461, 79241379.688),
(138033, 9886, 'inventore', 8, 0, 0),
(138034, 9886, 'provident', 4, 365.56, 1462.24),
(138035, 9886, 'cumque', 6, 568.569, 3411.414),
(138036, 9886, 'numquam', 3, 626810599.768, 1880431799.304),
(138037, 9886, 'amet', 6, 175833849.805, 1055003098.83),
(138038, 9886, 'ut', 4, 892.24, 3568.96),
(138039, 9886, 'perspiciatis', 9, 53276.449, 479488.041),
(138040, 9886, 'odio', 7, 2.039, 14.273),
(138041, 9886, 'dolor', 8, 0, 0),
(138042, 9886, 'vel', 6, 57654.715, 345928.29),
(138043, 9886, 'neque', 4, 1.262, 5.048),
(138044, 9887, 'modi', 8, 0.569, 4.552),
(138045, 9887, 'molestiae', 10, 188.967, 1889.67),
(138046, 9887, 'quas', 4, 327473.2, 1309892.8),
(138047, 9887, 'voluptatum', 6, 19.206, 115.236),
(138048, 9887, 'numquam', 6, 3566317.289, 21397903.734),
(138049, 9887, 'quis', 3, 48051.985, 144155.955),
(138050, 9887, 'et', 6, 41610.2, 249661.2),
(138051, 9887, 'ad', 10, 0.354, 3.54),
(138052, 9887, 'consequuntur', 6, 2879.405, 17276.43),
(138053, 9887, 'autem', 4, 29842335.434, 119369341.736),
(138054, 9887, 'officiis', 7, 919.674, 6437.718),
(138055, 9887, 'doloremque', 6, 61156168.893, 366937013.358),
(138056, 9887, 'quia', 9, 43618899.6, 392570096.4),
(138057, 9887, 'cupiditate', 1, 96.9, 96.9),
(138058, 9887, 'ut', 3, 29230554.715, 87691664.145),
(138059, 9888, 'placeat', 9, 4089680.083, 36807120.747),
(138060, 9888, 'et', 8, 4351.096, 34808.768),
(138061, 9888, 'qui', 5, 1160348.24, 5801741.2),
(138062, 9888, 'dicta', 7, 19757757.342, 138304301.394),
(138063, 9888, 'ut', 10, 5481.104, 54811.04),
(138064, 9888, 'nihil', 4, 70.893, 283.572),
(138065, 9888, 'consequatur', 10, 1022.009, 10220.09),
(138066, 9888, 'soluta', 8, 486.725, 3893.8),
(138067, 9888, 'optio', 9, 19593193.54, 176338741.86),
(138068, 9888, 'omnis', 8, 62801, 502408),
(138069, 9888, 'quia', 8, 28662, 229296),
(138070, 9888, 'impedit', 8, 3763.85, 30110.8),
(138071, 9888, 'aut', 5, 2609.393, 13046.965),
(138072, 9888, 'veniam', 6, 4139104.172, 24834625.032),
(138073, 9888, 'quo', 7, 33.307, 233.149),
(138074, 9889, 'voluptatibus', 7, 48.494, 339.458),
(138075, 9889, 'quia', 8, 625950026.914, 5007600215.312),
(138076, 9889, 'corporis', 3, 10301.692, 30905.076),
(138077, 9889, 'iusto', 6, 547954.3, 3287725.8),
(138078, 9889, 'ex', 4, 212754, 851016),
(138079, 9889, 'earum', 5, 102.508, 512.54),
(138080, 9889, 'neque', 9, 1544.41, 13899.69),
(138081, 9889, 'quod', 7, 23385.917, 163701.419),
(138082, 9889, 'beatae', 7, 127559.903, 892919.321),
(138083, 9889, 'illum', 10, 5.67, 56.7),
(138084, 9889, 'ipsam', 10, 5120, 51200),
(138085, 9889, 'nam', 7, 59567091.534, 416969640.738),
(138086, 9889, 'unde', 8, 656563.454, 5252507.632),
(138087, 9889, 'id', 5, 69.726, 348.63),
(138088, 9889, 'quis', 7, 439.182, 3074.274),
(138089, 9889, 'et', 8, 118, 944),
(138090, 9890, 'quisquam', 2, 33.51, 67.02),
(138091, 9890, 'et', 7, 187301.936, 1311113.552),
(138092, 9890, 'est', 9, 6.1, 54.9),
(138093, 9890, 'voluptas', 5, 459307036.297, 2296535181.485),
(138094, 9890, 'amet', 5, 41332952, 206664760),
(138095, 9890, 'sunt', 10, 20318224.606, 203182246.06),
(138096, 9890, 'autem', 8, 83, 664),
(138097, 9890, 'ipsa', 5, 144985720.493, 724928602.465),
(138098, 9890, 'omnis', 8, 157377679.772, 1259021438.176),
(138099, 9890, 'adipisci', 1, 0.345, 0.345),
(138100, 9890, 'aut', 4, 20.6, 82.4),
(138101, 9890, 'quam', 8, 10142360.488, 81138883.904),
(138102, 9890, 'sunt', 7, 4878.81, 34151.67),
(138103, 9890, 'et', 5, 4.961, 24.805),
(138104, 9890, 'qui', 9, 289.4, 2604.6),
(138105, 9890, 'tempora', 5, 39812577.719, 199062888.595),
(138106, 9891, 'consequatur', 9, 1244760.2, 11202841.8),
(138107, 9891, 'pariatur', 5, 107570190.579, 537850952.895),
(138108, 9891, 'illum', 9, 3118.744, 28068.696),
(138109, 9891, 'provident', 7, 9739432.499, 68176027.493),
(138110, 9891, 'animi', 10, 745463744.3, 7454637443),
(138111, 9891, 'omnis', 10, 1885.306, 18853.06),
(138112, 9891, 'ratione', 4, 20566.714, 82266.856),
(138113, 9891, 'ut', 8, 484662.9, 3877303.2),
(138114, 9891, 'debitis', 9, 23.759, 213.831),
(138115, 9891, 'dolor', 9, 163488471, 1471396239),
(138116, 9891, 'quia', 1, 467007884.796, 467007884.796),
(138117, 9891, 'aut', 7, 7456.46, 52195.22),
(138118, 9891, 'aliquam', 6, 4.559, 27.354),
(138119, 9891, 'eos', 1, 4971240.2, 4971240.2),
(138120, 9891, 'et', 6, 36460.741, 218764.446),
(138121, 9891, 'sint', 6, 807.43, 4844.58),
(138122, 9891, 'earum', 6, 194.21, 1165.26),
(138123, 9891, 'nobis', 7, 837, 5859),
(138124, 9892, 'in', 4, 40189030.78, 160756123.12),
(138125, 9892, 'dolore', 6, 3859, 23154),
(138126, 9892, 'quod', 7, 20849.81, 145948.67),
(138127, 9892, 'quo', 10, 628.693, 6286.93),
(138128, 9892, 'necessitatibus', 7, 869174.152, 6084219.064),
(138129, 9892, 'cupiditate', 7, 322318.686, 2256230.802),
(138130, 9892, 'nobis', 4, 8, 32),
(138131, 9892, 'consequatur', 9, 3, 27),
(138132, 9892, 'voluptatum', 7, 58309643, 408167501),
(138133, 9892, 'error', 8, 15510398.163, 124083185.304),
(138134, 9892, 'occaecati', 6, 3.257, 19.542),
(138135, 9892, 'ratione', 4, 5.504, 22.016),
(138136, 9892, 'minus', 7, 3188.434, 22319.038),
(138137, 9892, 'aspernatur', 7, 0, 0),
(138138, 9892, 'aut', 5, 2899824.556, 14499122.78),
(138139, 9892, 'quia', 9, 4656.702, 41910.318),
(138140, 9892, 'doloribus', 8, 408.2, 3265.6),
(138141, 9892, 'dolores', 6, 5770880.481, 34625282.886),
(138142, 9892, 'aut', 9, 27594.048, 248346.432),
(138143, 9893, 'quasi', 7, 6511.215, 45578.505),
(138144, 9893, 'consequatur', 10, 61955897.592, 619558975.92),
(138145, 9893, 'ut', 7, 5310229.713, 37171607.991),
(138146, 9893, 'inventore', 6, 90018.214, 540109.284),
(138147, 9893, 'qui', 6, 36933942.047, 221603652.282),
(138148, 9893, 'illo', 3, 40365638.886, 121096916.658),
(138149, 9893, 'delectus', 10, 4586.01, 45860.1),
(138150, 9893, 'et', 8, 763220.26, 6105762.08),
(138151, 9893, 'placeat', 2, 3593.2, 7186.4),
(138152, 9893, 'eos', 9, 2.65, 23.85),
(138153, 9893, 'et', 2, 601.04, 1202.08),
(138154, 9893, 'qui', 6, 29745.177, 178471.062),
(138155, 9893, 'itaque', 9, 139253.389, 1253280.501),
(138156, 9894, 'perspiciatis', 8, 1.889, 15.112),
(138157, 9894, 'nihil', 4, 647.941, 2591.764),
(138158, 9894, 'consequuntur', 4, 57118.554, 228474.216),
(138159, 9894, 'officiis', 8, 26034.305, 208274.44),
(138160, 9894, 'eum', 4, 1617763.533, 6471054.132),
(138161, 9894, 'dolores', 8, 200444991.422, 1603559931.376),
(138162, 9894, 'consequatur', 4, 3455249.484, 13820997.936),
(138163, 9894, 'dolore', 4, 0, 0),
(138164, 9894, 'aspernatur', 8, 287623, 2300984),
(138165, 9894, 'soluta', 6, 3.806, 22.836),
(138166, 9894, 'dolorum', 10, 11803947.82, 118039478.2),
(138167, 9894, 'facere', 9, 3198.8, 28789.2),
(138168, 9894, 'expedita', 4, 8006.402, 32025.608),
(138169, 9894, 'impedit', 8, 2663249.461, 21305995.688),
(138170, 9894, 'eaque', 9, 142836, 1285524),
(138171, 9894, 'quis', 8, 6.473, 51.784),
(138172, 9895, 'omnis', 10, 7847340.667, 78473406.67),
(138173, 9895, 'et', 9, 4.946, 44.514),
(138174, 9895, 'qui', 7, 474.833, 3323.831),
(138175, 9895, 'qui', 6, 18492179.012, 110953074.072),
(138176, 9895, 'veniam', 8, 30237, 241896),
(138177, 9895, 'doloribus', 2, 857408701.485, 1714817402.97),
(138178, 9895, 'esse', 5, 273814667.737, 1369073338.685),
(138179, 9895, 'et', 7, 0.504, 3.528),
(138180, 9895, 'voluptas', 10, 24856210.952, 248562109.52),
(138181, 9895, 'quisquam', 5, 283994499.566, 1419972497.83),
(138182, 9895, 'accusamus', 8, 2665.538, 21324.304),
(138183, 9895, 'consequuntur', 5, 1905976.196, 9529880.98),
(138184, 9895, 'consequuntur', 9, 4.18, 37.62),
(138185, 9895, 'rerum', 3, 171131.543, 513394.629),
(138186, 9895, 'nam', 8, 37002918.63, 296023349.04),
(138187, 9896, 'quis', 2, 20810.505, 41621.01),
(138188, 9896, 'at', 10, 338856774.331, 3388567743.31),
(138189, 9896, 'ratione', 6, 163883.662, 983301.972),
(138190, 9896, 'tenetur', 10, 34869.35, 348693.5),
(138191, 9896, 'debitis', 6, 642.251, 3853.506),
(138192, 9896, 'temporibus', 8, 8567726.238, 68541809.904),
(138193, 9896, 'modi', 10, 66479.466, 664794.66),
(138194, 9896, 'occaecati', 9, 9540648.67, 85865838.03),
(138195, 9896, 'qui', 1, 2366005.74, 2366005.74),
(138196, 9896, 'vero', 4, 120.94, 483.76),
(138197, 9896, 'atque', 5, 19052738.02, 95263690.1),
(138198, 9896, 'sint', 8, 298356.585, 2386852.68),
(138199, 9896, 'officiis', 2, 14314261.017, 28628522.034),
(138200, 9896, 'quisquam', 10, 24.164, 241.64),
(138201, 9896, 'quia', 7, 652.987, 4570.909),
(138202, 9896, 'ad', 7, 57.854, 404.978),
(138203, 9896, 'numquam', 2, 1.912, 3.824),
(138204, 9897, 'veste', 1, 250, 250),
(138205, 9897, 'pantalon', 2, 90, 180);

-- --------------------------------------------------------

--
-- Structure de la table `rendezvous`
--

CREATE TABLE `rendezvous` (
  `id` int(11) NOT NULL,
  `entrepreneur_id` int(11) NOT NULL,
  `created_at` datetime NOT NULL,
  `daterendezvous` datetime NOT NULL,
  `objet` varchar(255) COLLATE utf8mb4_unicode_ci NOT NULL,
  `etat` tinyint(1) NOT NULL,
  `slug` varchar(255) COLLATE utf8mb4_unicode_ci NOT NULL,
  `observation` varchar(255) COLLATE utf8mb4_unicode_ci DEFAULT NULL,
  `agent_id` int(11) DEFAULT NULL
) ENGINE=InnoDB DEFAULT CHARSET=utf8mb4 COLLATE=utf8mb4_unicode_ci;

--
-- Déchargement des données de la table `rendezvous`
--

INSERT INTO `rendezvous` (`id`, `entrepreneur_id`, `created_at`, `daterendezvous`, `objet`, `etat`, `slug`, `observation`, `agent_id`) VALUES
(24, 817, '2021-06-09 11:05:06', '2021-06-19 10:30:00', 'Demande de Carte entrepreneur', 0, '60c08442a7284sanford-mosciskigerhold19-06-2021-10-30-00', NULL, NULL),
(25, 817, '2021-06-09 11:05:41', '2021-06-25 10:00:00', 'demande de modification d\'activité', 0, '60c08465cfd08sanford-mosciskigerhold25-06-2021-10-00-00', NULL, NULL),
(26, 828, '2021-06-16 16:01:21', '2021-06-26 13:00:00', 'demande de vérification de mon compte', 1, '60ca04abcb8c3brahmianis26-06-2021-13-00-00', 'Confirmé', 979);

-- --------------------------------------------------------

--
-- Structure de la table `reset_password_request`
--

CREATE TABLE `reset_password_request` (
  `id` int(11) NOT NULL,
  `user_id` int(11) NOT NULL,
  `selector` varchar(20) COLLATE utf8mb4_unicode_ci NOT NULL,
  `hashed_token` varchar(100) COLLATE utf8mb4_unicode_ci NOT NULL,
  `requested_at` datetime NOT NULL COMMENT '(DC2Type:datetime_immutable)',
  `expires_at` datetime NOT NULL COMMENT '(DC2Type:datetime_immutable)'
) ENGINE=InnoDB DEFAULT CHARSET=utf8mb4 COLLATE=utf8mb4_unicode_ci;

-- --------------------------------------------------------

--
-- Structure de la table `temoignage`
--

CREATE TABLE `temoignage` (
  `id` int(11) NOT NULL,
  `entrepreneur_id` int(11) NOT NULL,
  `title` varchar(255) COLLATE utf8mb4_unicode_ci NOT NULL,
  `created_at` date NOT NULL,
  `ref` varchar(255) COLLATE utf8mb4_unicode_ci NOT NULL,
  `url` varchar(255) COLLATE utf8mb4_unicode_ci NOT NULL
) ENGINE=InnoDB DEFAULT CHARSET=utf8mb4 COLLATE=utf8mb4_unicode_ci;

--
-- Déchargement des données de la table `temoignage`
--

INSERT INTO `temoignage` (`id`, `entrepreneur_id`, `title`, `created_at`, `ref`, `url`) VALUES
(155, 816, 'Quia a ut non aut ratione.', '2021-05-27', 'Tem-60aec547980a4', '<iframe width=\"853\" height=\"480\" src=\"https://www.youtube.com/embed/utQLvM6Y2Ts\" title=\"YouTube video player\" frameborder=\"0\" allow=\"accelerometer; autoplay; clipboard-write; encrypted-media; gyroscope; picture-in-picture\" allowfullscreen></iframe>'),
(156, 817, 'Sit aspernatur qui omnis.', '2021-05-27', 'Tem-60aec547d439d', '<iframe width=\"600\" height=\"400\" src=\"https://www.youtube.com/embed/VIQHxeCtCZs\" title=\"YouTube video player\" frameborder=\"0\" allow=\"accelerometer; autoplay; clipboard-write; encrypted-media; gyroscope; picture-in-picture\" allowfullscreen></iframe>'),
(157, 818, 'Est a recusandae maxime odio sed occaecati totam.', '2021-05-27', 'Tem-60aec5481b772', '<iframe width=\"600\" height=\"400\" src=\"https://www.youtube.com/embed/VIQHxeCtCZs\" title=\"YouTube video player\" frameborder=\"0\" allow=\"accelerometer; autoplay; clipboard-write; encrypted-media; gyroscope; picture-in-picture\" allowfullscreen></iframe>'),
(158, 819, 'Neque id consequuntur voluptatem ea aspernatur.', '2021-05-27', 'Tem-60aec54858f3c', '<iframe width=\"853\" height=\"480\" src=\"https://www.youtube.com/embed/jaS6o5jQLVw\" title=\"YouTube video player\" frameborder=\"0\" allow=\"accelerometer; autoplay; clipboard-write; encrypted-media; gyroscope; picture-in-picture\" allowfullscreen></iframe>'),
(159, 820, 'Officiis dignissimos adipisci consequatur enim quia.', '2021-05-27', 'Tem-60aec5489533c', '<iframe width=\"853\" height=\"480\" src=\"https://www.youtube.com/embed/utQLvM6Y2Ts\" title=\"YouTube video player\" frameborder=\"0\" allow=\"accelerometer; autoplay; clipboard-write; encrypted-media; gyroscope; picture-in-picture\" allowfullscreen></iframe>'),
(160, 821, 'Sint aperiam optio est commodi.', '2021-05-27', 'Tem-60aec548d303a', '<iframe width=\"853\" height=\"480\" src=\"https://www.youtube.com/embed/jaS6o5jQLVw\" title=\"YouTube video player\" frameborder=\"0\" allow=\"accelerometer; autoplay; clipboard-write; encrypted-media; gyroscope; picture-in-picture\" allowfullscreen></iframe>'),
(161, 822, 'Qui magnam a voluptas iste.', '2021-05-27', 'Tem-60aec5491bc99', '<iframe width=\"853\" height=\"480\" src=\"https://www.youtube.com/embed/8MJNuEPciJ8\" title=\"YouTube video player\" frameborder=\"0\" allow=\"accelerometer; autoplay; clipboard-write; encrypted-media; gyroscope; picture-in-picture\" allowfullscreen></iframe>'),
(162, 823, 'Voluptate repudiandae inventore et sequi.', '2021-05-27', 'Tem-60aec549605be', '<iframe width=\"853\" height=\"480\" src=\"https://www.youtube.com/embed/jaS6o5jQLVw\" title=\"YouTube video player\" frameborder=\"0\" allow=\"accelerometer; autoplay; clipboard-write; encrypted-media; gyroscope; picture-in-picture\" allowfullscreen></iframe>'),
(163, 824, 'Et nulla sint numquam ut et sed illum.', '2021-05-27', 'Tem-60aec5499f80b', '<iframe width=\"853\" height=\"480\" src=\"https://www.youtube.com/embed/utQLvM6Y2Ts\" title=\"YouTube video player\" frameborder=\"0\" allow=\"accelerometer; autoplay; clipboard-write; encrypted-media; gyroscope; picture-in-picture\" allowfullscreen></iframe>'),
(164, 825, 'Explicabo autem quis ut enim similique.', '2021-05-27', 'Tem-60aec549de29b', '<iframe width=\"853\" height=\"480\" src=\"https://www.youtube.com/embed/8MJNuEPciJ8\" title=\"YouTube video player\" frameborder=\"0\" allow=\"accelerometer; autoplay; clipboard-write; encrypted-media; gyroscope; picture-in-picture\" allowfullscreen></iframe>'),
(165, 826, 'Nemo odio saepe quisquam dolores dolorem.', '2021-05-27', 'Tem-60aec54a27a62', '<iframe width=\"600\" height=\"400\" src=\"https://www.youtube.com/embed/VIQHxeCtCZs\" title=\"YouTube video player\" frameborder=\"0\" allow=\"accelerometer; autoplay; clipboard-write; encrypted-media; gyroscope; picture-in-picture\" allowfullscreen></iframe>'),
(166, 828, 'Comment devenir entrepreneur quand on est jeune ?', '2021-06-16', 'Tem-60ca0efd18ca9', '<iframe width=\'600\' height=\'400\' src=\'https://www.youtube.com/embed/aQN7iOL3XwA\' title=\'YouTube video player\' frameborder=\'0\' allow=\'accelerometer; autoplay; clipboard-write; encrypted-media; gyroscope; picture-in-picture\' allowfullscreen></iframe>');

--
-- Index pour les tables déchargées
--

--
-- Index pour la table `activite`
--
ALTER TABLE `activite`
  ADD PRIMARY KEY (`id`);

--
-- Index pour la table `actualite`
--
ALTER TABLE `actualite`
  ADD PRIMARY KEY (`id`);

--
-- Index pour la table `admin`
--
ALTER TABLE `admin`
  ADD PRIMARY KEY (`id`),
  ADD UNIQUE KEY `UNIQ_880E0D76E7927C74` (`email`);

--
-- Index pour la table `agent`
--
ALTER TABLE `agent`
  ADD PRIMARY KEY (`id`),
  ADD UNIQUE KEY `UNIQ_268B9C9DE7927C74` (`email`);

--
-- Index pour la table `attestation_chiffre_affaire`
--
ALTER TABLE `attestation_chiffre_affaire`
  ADD PRIMARY KEY (`id`),
  ADD KEY `IDX_20AD573E283063EA` (`entrepreneur_id`);

--
-- Index pour la table `attestation_fiscale`
--
ALTER TABLE `attestation_fiscale`
  ADD PRIMARY KEY (`id`),
  ADD KEY `IDX_1EE2A57B283063EA` (`entrepreneur_id`);

--
-- Index pour la table `categorie`
--
ALTER TABLE `categorie`
  ADD PRIMARY KEY (`id`),
  ADD UNIQUE KEY `UNIQ_497DD634283063EA` (`entrepreneur_id`),
  ADD KEY `IDX_497DD6349B0F88B1` (`activite_id`);

--
-- Index pour la table `declaration`
--
ALTER TABLE `declaration`
  ADD PRIMARY KEY (`id`),
  ADD KEY `IDX_7AA3DAC2283063EA` (`entrepreneur_id`),
  ADD KEY `IDX_7AA3DAC21529194C` (`attestation_chiffre_affaire_id`),
  ADD KEY `IDX_7AA3DAC2A3918967` (`attestation_fiscale_id`);

--
-- Index pour la table `doctrine_migration_versions`
--
ALTER TABLE `doctrine_migration_versions`
  ADD PRIMARY KEY (`version`);

--
-- Index pour la table `entrepreneur`
--
ALTER TABLE `entrepreneur`
  ADD PRIMARY KEY (`id`),
  ADD UNIQUE KEY `UNIQ_F28C90A3E7927C74` (`email`);

--
-- Index pour la table `facture`
--
ALTER TABLE `facture`
  ADD PRIMARY KEY (`id`),
  ADD KEY `IDX_FE866410283063EA` (`entrepreneur_id`);

--
-- Index pour la table `paiement`
--
ALTER TABLE `paiement`
  ADD PRIMARY KEY (`id`),
  ADD UNIQUE KEY `UNIQ_B1DC7A1EC06258A3` (`declaration_id`);

--
-- Index pour la table `produit`
--
ALTER TABLE `produit`
  ADD PRIMARY KEY (`id`),
  ADD KEY `IDX_29A5EC277F2DEE08` (`facture_id`);

--
-- Index pour la table `rendezvous`
--
ALTER TABLE `rendezvous`
  ADD PRIMARY KEY (`id`),
  ADD KEY `IDX_C09A9BA8283063EA` (`entrepreneur_id`),
  ADD KEY `IDX_C09A9BA83414710B` (`agent_id`);

--
-- Index pour la table `reset_password_request`
--
ALTER TABLE `reset_password_request`
  ADD PRIMARY KEY (`id`),
  ADD KEY `IDX_7CE748AA76ED395` (`user_id`);

--
-- Index pour la table `temoignage`
--
ALTER TABLE `temoignage`
  ADD PRIMARY KEY (`id`),
  ADD KEY `IDX_BDADBC46283063EA` (`entrepreneur_id`);

--
-- AUTO_INCREMENT pour les tables déchargées
--

--
-- AUTO_INCREMENT pour la table `activite`
--
ALTER TABLE `activite`
  MODIFY `id` int(11) NOT NULL AUTO_INCREMENT, AUTO_INCREMENT=145;

--
-- AUTO_INCREMENT pour la table `actualite`
--
ALTER TABLE `actualite`
  MODIFY `id` int(11) NOT NULL AUTO_INCREMENT, AUTO_INCREMENT=185;

--
-- AUTO_INCREMENT pour la table `admin`
--
ALTER TABLE `admin`
  MODIFY `id` int(11) NOT NULL AUTO_INCREMENT, AUTO_INCREMENT=83;

--
-- AUTO_INCREMENT pour la table `agent`
--
ALTER TABLE `agent`
  MODIFY `id` int(11) NOT NULL AUTO_INCREMENT, AUTO_INCREMENT=997;

--
-- AUTO_INCREMENT pour la table `attestation_chiffre_affaire`
--
ALTER TABLE `attestation_chiffre_affaire`
  MODIFY `id` int(11) NOT NULL AUTO_INCREMENT, AUTO_INCREMENT=26;

--
-- AUTO_INCREMENT pour la table `attestation_fiscale`
--
ALTER TABLE `attestation_fiscale`
  MODIFY `id` int(11) NOT NULL AUTO_INCREMENT, AUTO_INCREMENT=4;

--
-- AUTO_INCREMENT pour la table `categorie`
--
ALTER TABLE `categorie`
  MODIFY `id` int(11) NOT NULL AUTO_INCREMENT, AUTO_INCREMENT=265;

--
-- AUTO_INCREMENT pour la table `declaration`
--
ALTER TABLE `declaration`
  MODIFY `id` int(11) NOT NULL AUTO_INCREMENT, AUTO_INCREMENT=8000;

--
-- AUTO_INCREMENT pour la table `entrepreneur`
--
ALTER TABLE `entrepreneur`
  MODIFY `id` int(11) NOT NULL AUTO_INCREMENT, AUTO_INCREMENT=830;

--
-- AUTO_INCREMENT pour la table `facture`
--
ALTER TABLE `facture`
  MODIFY `id` int(11) NOT NULL AUTO_INCREMENT, AUTO_INCREMENT=9898;

--
-- AUTO_INCREMENT pour la table `paiement`
--
ALTER TABLE `paiement`
  MODIFY `id` int(11) NOT NULL AUTO_INCREMENT, AUTO_INCREMENT=23;

--
-- AUTO_INCREMENT pour la table `produit`
--
ALTER TABLE `produit`
  MODIFY `id` int(11) NOT NULL AUTO_INCREMENT, AUTO_INCREMENT=138206;

--
-- AUTO_INCREMENT pour la table `rendezvous`
--
ALTER TABLE `rendezvous`
  MODIFY `id` int(11) NOT NULL AUTO_INCREMENT, AUTO_INCREMENT=27;

--
-- AUTO_INCREMENT pour la table `reset_password_request`
--
ALTER TABLE `reset_password_request`
  MODIFY `id` int(11) NOT NULL AUTO_INCREMENT, AUTO_INCREMENT=7;

--
-- AUTO_INCREMENT pour la table `temoignage`
--
ALTER TABLE `temoignage`
  MODIFY `id` int(11) NOT NULL AUTO_INCREMENT, AUTO_INCREMENT=167;

--
-- Contraintes pour les tables déchargées
--

--
-- Contraintes pour la table `attestation_chiffre_affaire`
--
ALTER TABLE `attestation_chiffre_affaire`
  ADD CONSTRAINT `FK_20AD573E283063EA` FOREIGN KEY (`entrepreneur_id`) REFERENCES `entrepreneur` (`id`);

--
-- Contraintes pour la table `attestation_fiscale`
--
ALTER TABLE `attestation_fiscale`
  ADD CONSTRAINT `FK_1EE2A57B283063EA` FOREIGN KEY (`entrepreneur_id`) REFERENCES `entrepreneur` (`id`);

--
-- Contraintes pour la table `categorie`
--
ALTER TABLE `categorie`
  ADD CONSTRAINT `FK_497DD634283063EA` FOREIGN KEY (`entrepreneur_id`) REFERENCES `entrepreneur` (`id`),
  ADD CONSTRAINT `FK_497DD6349B0F88B1` FOREIGN KEY (`activite_id`) REFERENCES `activite` (`id`);

--
-- Contraintes pour la table `declaration`
--
ALTER TABLE `declaration`
  ADD CONSTRAINT `FK_7AA3DAC21529194C` FOREIGN KEY (`attestation_chiffre_affaire_id`) REFERENCES `attestation_chiffre_affaire` (`id`),
  ADD CONSTRAINT `FK_7AA3DAC2283063EA` FOREIGN KEY (`entrepreneur_id`) REFERENCES `entrepreneur` (`id`),
  ADD CONSTRAINT `FK_7AA3DAC2A3918967` FOREIGN KEY (`attestation_fiscale_id`) REFERENCES `attestation_fiscale` (`id`);

--
-- Contraintes pour la table `facture`
--
ALTER TABLE `facture`
  ADD CONSTRAINT `FK_FE866410283063EA` FOREIGN KEY (`entrepreneur_id`) REFERENCES `entrepreneur` (`id`);

--
-- Contraintes pour la table `paiement`
--
ALTER TABLE `paiement`
  ADD CONSTRAINT `FK_B1DC7A1EC06258A3` FOREIGN KEY (`declaration_id`) REFERENCES `declaration` (`id`);

--
-- Contraintes pour la table `produit`
--
ALTER TABLE `produit`
  ADD CONSTRAINT `FK_29A5EC277F2DEE08` FOREIGN KEY (`facture_id`) REFERENCES `facture` (`id`);

--
-- Contraintes pour la table `rendezvous`
--
ALTER TABLE `rendezvous`
  ADD CONSTRAINT `FK_C09A9BA8283063EA` FOREIGN KEY (`entrepreneur_id`) REFERENCES `entrepreneur` (`id`),
  ADD CONSTRAINT `FK_C09A9BA83414710B` FOREIGN KEY (`agent_id`) REFERENCES `agent` (`id`);

--
-- Contraintes pour la table `reset_password_request`
--
ALTER TABLE `reset_password_request`
  ADD CONSTRAINT `FK_7CE748AA76ED395` FOREIGN KEY (`user_id`) REFERENCES `entrepreneur` (`id`);

--
-- Contraintes pour la table `temoignage`
--
ALTER TABLE `temoignage`
  ADD CONSTRAINT `FK_BDADBC46283063EA` FOREIGN KEY (`entrepreneur_id`) REFERENCES `entrepreneur` (`id`);
COMMIT;

/*!40101 SET CHARACTER_SET_CLIENT=@OLD_CHARACTER_SET_CLIENT */;
/*!40101 SET CHARACTER_SET_RESULTS=@OLD_CHARACTER_SET_RESULTS */;
/*!40101 SET COLLATION_CONNECTION=@OLD_COLLATION_CONNECTION */;
