-- phpMyAdmin SQL Dump
-- version 5.0.2
-- https://www.phpmyadmin.net/
--
-- Hôte : 127.0.0.1
-- Généré le : ven. 30 juil. 2021 à 02:30
-- Version du serveur :  10.4.11-MariaDB
-- Version de PHP : 7.2.34

SET SQL_MODE = "NO_AUTO_VALUE_ON_ZERO";
START TRANSACTION;
SET time_zone = "+00:00";


/*!40101 SET @OLD_CHARACTER_SET_CLIENT=@@CHARACTER_SET_CLIENT */;
/*!40101 SET @OLD_CHARACTER_SET_RESULTS=@@CHARACTER_SET_RESULTS */;
/*!40101 SET @OLD_COLLATION_CONNECTION=@@COLLATION_CONNECTION */;
/*!40101 SET NAMES utf8mb4 */;

--
-- Base de données : `ae_entrepreneur`
--

-- --------------------------------------------------------

--
-- Structure de la table `activite`
--

CREATE TABLE `activite` (
  `id` int(11) NOT NULL,
  `nom` varchar(255) COLLATE utf8mb4_unicode_ci NOT NULL,
  `taux` double NOT NULL,
  `ref` varchar(255) COLLATE utf8mb4_unicode_ci NOT NULL
) ENGINE=InnoDB DEFAULT CHARSET=utf8mb4 COLLATE=utf8mb4_unicode_ci;

--
-- Déchargement des données de la table `activite`
--

INSERT INTO `activite` (`id`, `nom`, `taux`, `ref`) VALUES
(155, 'Secteur de l\'industrie', 0.7, 'Activite-610346a4a5365'),
(156, 'Secteur de l\'agriculture', 10, 'Activite-610346a4a536d'),
(157, 'Secteur du commerce', 20, 'Activite-610346a4a5370'),
(158, 'Secteur des services', 15, 'Activite-610346a4a5373'),
(159, 'Secteur de l’artisanat ou des métiers', 12, 'Activite-610346a4a5375');

-- --------------------------------------------------------

--
-- Structure de la table `actualite`
--

CREATE TABLE `actualite` (
  `id` int(11) NOT NULL,
  `title` varchar(255) COLLATE utf8mb4_unicode_ci NOT NULL,
  `description` longtext COLLATE utf8mb4_unicode_ci NOT NULL,
  `image` varchar(255) COLLATE utf8mb4_unicode_ci NOT NULL,
  `created_at` datetime NOT NULL,
  `ref` varchar(255) COLLATE utf8mb4_unicode_ci NOT NULL
) ENGINE=InnoDB DEFAULT CHARSET=utf8mb4 COLLATE=utf8mb4_unicode_ci;

--
-- Déchargement des données de la table `actualite`
--

INSERT INTO `actualite` (`id`, `title`, `description`, `image`, `created_at`, `ref`) VALUES
(205, 'Quaerat qui iste officiis totam.', 'Numquam ducimus necessitatibus eveniet aut. Voluptatem asperiores corrupti adipisci sunt velit. Deleniti est a doloremque voluptas.', 'https://www.dynamique-mag.com/wp-content/uploads/2b8b4313995737e29f938e99cc5eb9ff.jpg', '2021-07-30 02:24:09', 'Act-610346a9416b0'),
(206, 'Perspiciatis et quidem sed omnis labore id.', 'Qui asperiores maxime autem voluptatem laboriosam. Impedit hic voluptate hic. Alias inventore quia ut soluta. Nisi id aut ipsam quia ad laboriosam.', 'https://www.dynamique-mag.com/wp-content/uploads/2b8b4313995737e29f938e99cc5eb9ff.jpg', '2021-07-30 02:24:09', 'Act-610346a94177f'),
(207, 'Quo qui sint porro alias sed nisi.', 'Sit modi sed maxime repellat fugiat ipsum quia rerum. Fuga vero libero repudiandae et tenetur voluptate. Rerum ut quia et et ratione occaecati. Omnis quo sequi consequuntur sapiente et sequi amet.', 'https://www.mescertifications.com/wp-content/uploads/2019/08/managementstrategique.jpg', '2021-07-30 02:24:09', 'Act-610346a9417c0'),
(208, 'Sequi velit rerum totam similique enim.', 'Magni aliquid sed enim vel. Perspiciatis laudantium aut iusto atque dolores. Et non laboriosam dolorum quia.', 'https://www.mescertifications.com/wp-content/uploads/2019/08/managementstrategique.jpg', '2021-07-30 02:24:09', 'Act-610346a9417eb'),
(209, 'Tenetur et aspernatur cumque vel.', 'Quia asperiores ut eligendi occaecati cum accusantium. Est error doloribus eos et.', 'https://www.mescertifications.com/wp-content/uploads/2019/08/managementstrategique.jpg', '2021-07-30 02:24:09', 'Act-610346a94180f'),
(210, 'Vel accusantium maiores esse aut non sunt expedita mollitia.', 'Labore quod accusamus autem et delectus eos debitis maxime. Ut est vel cum autem qui ex unde. Ut repellendus minus laudantium at in. Quod dolore voluptatem animi explicabo eaque.', 'https://www.dynamique-mag.com/wp-content/uploads/2b8b4313995737e29f938e99cc5eb9ff.jpg', '2021-07-30 02:24:09', 'Act-610346a94184b'),
(211, 'Tenetur voluptatem enim reprehenderit aut amet temporibus est.', 'Temporibus nostrum rerum fugit quibusdam accusamus dolorem. Aut et optio cumque provident est neque laborum. Aliquam quaerat illo sint architecto et.', 'https://www.dynamique-mag.com/wp-content/uploads/2b8b4313995737e29f938e99cc5eb9ff.jpg', '2021-07-30 02:24:09', 'Act-610346a94187b'),
(212, 'Eaque non voluptas error quibusdam porro reprehenderit illum eveniet.', 'Ipsa earum sit quaerat exercitationem et quo explicabo. Necessitatibus ratione quis similique corrupti amet ut. Asperiores eligendi voluptates dolor sunt. Excepturi repudiandae placeat architecto blanditiis.', 'https://www.dynamique-mag.com/wp-content/uploads/2b8b4313995737e29f938e99cc5eb9ff.jpg', '2021-07-30 02:24:09', 'Act-610346a9418b2'),
(213, 'Error rerum aspernatur numquam beatae cum quo.', 'Quia nisi officiis nihil illo. Aut harum officiis quae ut dolores minus incidunt error. Consequuntur dolor molestiae qui ea voluptatem quo quibusdam.', 'https://www.mescertifications.com/wp-content/uploads/2019/08/managementstrategique.jpg', '2021-07-30 02:24:09', 'Act-610346a9418f7'),
(214, 'Recusandae laudantium voluptatem quisquam tempore consectetur sint et perferendis.', 'Nisi amet voluptas dolor. Cum voluptatem et harum incidunt ad consequatur. Non sint molestias aut placeat voluptas iusto.', 'https://www.mescertifications.com/wp-content/uploads/2019/08/managementstrategique.jpg', '2021-07-30 02:24:09', 'Act-610346a941933');

-- --------------------------------------------------------

--
-- Structure de la table `admin`
--

CREATE TABLE `admin` (
  `id` int(11) NOT NULL,
  `email` varchar(180) COLLATE utf8mb4_unicode_ci NOT NULL,
  `roles` longtext COLLATE utf8mb4_unicode_ci NOT NULL COMMENT '(DC2Type:json)',
  `password` varchar(255) COLLATE utf8mb4_unicode_ci NOT NULL,
  `nom` varchar(255) COLLATE utf8mb4_unicode_ci NOT NULL,
  `prenom` varchar(255) COLLATE utf8mb4_unicode_ci NOT NULL,
  `cin` int(11) NOT NULL
) ENGINE=InnoDB DEFAULT CHARSET=utf8mb4 COLLATE=utf8mb4_unicode_ci;

--
-- Déchargement des données de la table `admin`
--

INSERT INTO `admin` (`id`, `email`, `roles`, `password`, `nom`, `prenom`, `cin`) VALUES
(85, 'admin@gmail.com', '[\"ROLE_ADMIN\"]', '$argon2i$v=19$m=65536,t=4,p=1$Rk1DZk9jbERjN25xZGN4Ng$nsJuyOSYG3rcP4xrOoRVG4h+kDlXQGYn8Gmg19id4WM', 'Anis', 'Brahmi', 23719988);

-- --------------------------------------------------------

--
-- Structure de la table `agent`
--

CREATE TABLE `agent` (
  `id` int(11) NOT NULL,
  `email` varchar(180) COLLATE utf8mb4_unicode_ci NOT NULL,
  `roles` longtext COLLATE utf8mb4_unicode_ci NOT NULL COMMENT '(DC2Type:json)',
  `password` varchar(255) COLLATE utf8mb4_unicode_ci NOT NULL,
  `nom` varchar(255) COLLATE utf8mb4_unicode_ci NOT NULL,
  `prenom` varchar(255) COLLATE utf8mb4_unicode_ci NOT NULL,
  `cin` int(11) NOT NULL,
  `slug` varchar(255) COLLATE utf8mb4_unicode_ci NOT NULL,
  `etat` tinyint(1) NOT NULL
) ENGINE=InnoDB DEFAULT CHARSET=utf8mb4 COLLATE=utf8mb4_unicode_ci;

--
-- Déchargement des données de la table `agent`
--

INSERT INTO `agent` (`id`, `email`, `roles`, `password`, `nom`, `prenom`, `cin`, `slug`, `etat`) VALUES
(1037, 'wuckert.brenna@conroy.biz', '[\"ROLE_AGENT\"]', '$argon2i$v=19$m=65536,t=4,p=1$RGpDOUZkb0NNTWsyL0lSdg$JiUjNTg2xP1V7aU2hjZA/XqT4pm5Qa058Lj/DeU/Cj0', 'Ben Leuschke', 'Daugherty', 49884976, 'daughertyben-leuschke302404', 1),
(1038, 'vkoelpin@breitenberg.com', '[\"ROLE_AGENT\"]', '$argon2i$v=19$m=65536,t=4,p=1$c1hua09YUU5VSlJvdlE0NA$/4CxVXoAeffslSdfNG1nby4iPu+F4CnlrYy13HNTDxs', 'Bria Emard', 'McLaughlin', 86010716, 'mclaughlinbria-emard302405', 1),
(1039, 'lottie66@medhurst.com', '[\"ROLE_AGENT\"]', '$argon2i$v=19$m=65536,t=4,p=1$MmFTM2RJcHZxZjBYdGpCVQ$fuiuZVmZdDhgZ998FgnejOlUVWFAR2+AnPFs08KY2bk', 'Lisandro Stracke', 'Bayer', 92474511, 'bayerlisandro-stracke302405', 1),
(1040, 'pwill@morissette.net', '[\"ROLE_AGENT\"]', '$argon2i$v=19$m=65536,t=4,p=1$Z1JLL2E0ckpoOTRLQWpBcg$m7KCh3zJV6GA2C4FcwxwsFne1HBWDAN2ttV7rlDq6lI', 'Dominique Collins', 'Rolfson', 87484897, 'rolfsondominique-collins302405', 1),
(1041, 'mosciski.deshaun@cassin.net', '[\"ROLE_AGENT\"]', '$argon2i$v=19$m=65536,t=4,p=1$TEtzOWE3c1RUbWRkMDIveg$Erka7r7NL9tGcYqD26j/yVvkoz5KtFAbMpDj2kb6NfQ', 'Mike Stroman', 'Buckridge', 59307040, 'buckridgemike-stroman302405', 1),
(1042, 'trosenbaum@harber.com', '[\"ROLE_AGENT\"]', '$argon2i$v=19$m=65536,t=4,p=1$UXJadFRLU05hT1F3SDNTOQ$hQrj4f7uH8UT9pSg1VK2v3pqviHEUSuAuePG57hu7lQ', 'Dr. Toni Mayert', 'Bradtke', 48919472, 'bradtkedr-toni-mayert302406', 1),
(1043, 'delta.schoen@yahoo.com', '[\"ROLE_AGENT\"]', '$argon2i$v=19$m=65536,t=4,p=1$ZWk0WjBKcXQvY2hlNm1HVQ$ChUE/vD43B2Si7Rw1xkytjjcCq0wBlpMtpN5r4RuuaM', 'Yessenia Pollich', 'Kuvalis', 75162521, 'kuvalisyessenia-pollich302406', 1),
(1044, 'thea.fadel@gmail.com', '[\"ROLE_AGENT\"]', '$argon2i$v=19$m=65536,t=4,p=1$dmo3bVIxbFZ6bEl1Q21KVw$Mxy6YaJI4EkdNFj0srTKIy/fCcSG20cflbB/DwdLuio', 'Rico Padberg PhD', 'Harber', 16384506, 'harberrico-padberg-phd302406', 1),
(1045, 'jake42@heller.biz', '[\"ROLE_AGENT\"]', '$argon2i$v=19$m=65536,t=4,p=1$NjE1ampUYVZOM2tUWEkyTQ$wziyZZcB33P78gqZxQJAeyD2PJaqrt0IuiKyOzhWMO0', 'Lenna Parker', 'Hermiston', 40752502, 'hermistonlenna-parker302406', 1),
(1046, 'kristoffer41@ebert.com', '[\"ROLE_AGENT\"]', '$argon2i$v=19$m=65536,t=4,p=1$VnpPaXJodHBKb2xQM2Vzbw$CTKCR6A90a1/N9j9rzT7WxbXn0ZJFdlK11UORKM9gts', 'Johnny Abbott', 'Kreiger', 62138926, 'kreigerjohnny-abbott302407', 1),
(1047, 'pwisoky@gutkowski.net', '[\"ROLE_AGENT\"]', '$argon2i$v=19$m=65536,t=4,p=1$WE1TdFBlZ0JTeXFvYVJXSw$mTrLoH4N5vOwFhGU7y/tXIEYSrMB4Y8zVUyIg5gFPJw', 'Cooper Krajcik III', 'Wisozk', 56882622, 'wisozkcooper-krajcik-iii302407', 1),
(1048, 'kadin.keebler@yahoo.com', '[\"ROLE_AGENT\"]', '$argon2i$v=19$m=65536,t=4,p=1$Y0JMMjRvRFF4aVNvU3Y2Yw$RGJfuamHDxv6zQqfJzsHUx9PryehDGcu0ls94oXPzME', 'Dr. Ava Douglas Sr.', 'Ledner', 74824546, 'lednerdr-ava-douglas-sr-302407', 1),
(1049, 'bernie.kutch@kautzer.com', '[\"ROLE_AGENT\"]', '$argon2i$v=19$m=65536,t=4,p=1$VFFBWTV5Z3VXTFRoRjVuNQ$vlo4FoBhWUY6SSEjPz+HCr98WE+Z3+vSe8tcy05DcoA', 'Jamarcus Murray IV', 'Spencer', 52475336, 'spencerjamarcus-murray-iv302407', 1),
(1050, 'susana13@crist.com', '[\"ROLE_AGENT\"]', '$argon2i$v=19$m=65536,t=4,p=1$VnNnOWtla0QueEtpTHFJUA$w4G1xGz7xp3gMbSAYvsOkRX4n14UBzKEK9F/1yaqMkU', 'Hazle Lind', 'Fritsch', 32952071, 'fritschhazle-lind302407', 1),
(1051, 'armstrong.jayde@hotmail.com', '[\"ROLE_AGENT\"]', '$argon2i$v=19$m=65536,t=4,p=1$TFNQa3VtQXBldXBjTFpwLw$fKDs6jHIPALi6ACeOzs590+GsMlct6xs1CRIUclC6bQ', 'Cordia Skiles', 'O\'Reilly', 86997016, 'o-reillycordia-skiles302408', 1),
(1052, 'feeney.germaine@hotmail.com', '[\"ROLE_AGENT\"]', '$argon2i$v=19$m=65536,t=4,p=1$V0RqZUV6ME9SeW9qN2JGcQ$2d/aSmiOK+QBQC3iUar2GsXbmKKrULSe7+EI07GxiOw', 'Maymie Corwin', 'Hermann', 97664392, 'hermannmaymie-corwin302408', 1),
(1053, 'ahayes@hotmail.com', '[\"ROLE_AGENT\"]', '$argon2i$v=19$m=65536,t=4,p=1$dnVOSlFDUzlpWFlWdW80aQ$oFre/n+1bv3JR6SgCl+lULxvENyZiZ01cyhfPUa4Lqk', 'Leland Ullrich MD', 'Macejkovic', 69595419, 'macejkovicleland-ullrich-md302408', 1),
(1054, 'ford.miller@parker.info', '[\"ROLE_AGENT\"]', '$argon2i$v=19$m=65536,t=4,p=1$MFNNaksuVUZCM3R1UVg2QQ$gXYEWAPzzyYAwYvoUP1TkgPNvcfRO661i+hEy5eJo5o', 'Kira Hane', 'Gibson', 65653951, 'gibsonkira-hane302408', 1),
(1055, 'royal.streich@considine.com', '[\"ROLE_AGENT\"]', '$argon2i$v=19$m=65536,t=4,p=1$ZmNDRWFNVHdyY01OL21qYg$299jCz52+iX0C4KMs1wuwLkXdgjOIFJ3cZd9tvYSCNM', 'Ava Hahn II', 'Jast', 77689952, 'jastava-hahn-ii302409', 1),
(1056, 'heathcote.richmond@larkin.biz', '[\"ROLE_AGENT\"]', '$argon2i$v=19$m=65536,t=4,p=1$eHl4WkhaL1A2QmcxODd2ZA$Fxbh0DWDwIbIIOWFhArkRJ0NYSJJKtEqMWZ3eB2r5YY', 'Ernie Effertz', 'Weissnat', 95803727, 'weissnaternie-effertz302409', 1);

-- --------------------------------------------------------

--
-- Structure de la table `attestation_chiffre_affaire`
--

CREATE TABLE `attestation_chiffre_affaire` (
  `id` int(11) NOT NULL,
  `entrepreneur_id` int(11) NOT NULL,
  `date` date NOT NULL,
  `ref` varchar(255) COLLATE utf8mb4_unicode_ci NOT NULL,
  `annee` varchar(255) COLLATE utf8mb4_unicode_ci NOT NULL,
  `nom` varchar(255) COLLATE utf8mb4_unicode_ci NOT NULL
) ENGINE=InnoDB DEFAULT CHARSET=utf8mb4 COLLATE=utf8mb4_unicode_ci;

-- --------------------------------------------------------

--
-- Structure de la table `attestation_fiscale`
--

CREATE TABLE `attestation_fiscale` (
  `id` int(11) NOT NULL,
  `entrepreneur_id` int(11) NOT NULL,
  `date_cr` date NOT NULL,
  `ref` varchar(255) COLLATE utf8mb4_unicode_ci NOT NULL,
  `annee` varchar(255) COLLATE utf8mb4_unicode_ci NOT NULL,
  `nom` varchar(255) COLLATE utf8mb4_unicode_ci NOT NULL
) ENGINE=InnoDB DEFAULT CHARSET=utf8mb4 COLLATE=utf8mb4_unicode_ci;

-- --------------------------------------------------------

--
-- Structure de la table `categorie`
--

CREATE TABLE `categorie` (
  `id` int(11) NOT NULL,
  `activite_id` int(11) DEFAULT NULL,
  `entrepreneur_id` int(11) DEFAULT NULL,
  `adresse` varchar(255) COLLATE utf8mb4_unicode_ci NOT NULL,
  `codepostale` int(11) NOT NULL,
  `domicile` tinyint(1) NOT NULL,
  `slug` varchar(255) COLLATE utf8mb4_unicode_ci NOT NULL
) ENGINE=InnoDB DEFAULT CHARSET=utf8mb4 COLLATE=utf8mb4_unicode_ci;

--
-- Déchargement des données de la table `categorie`
--

INSERT INTO `categorie` (`id`, `activite_id`, `entrepreneur_id`, `adresse`, `codepostale`, `domicile`, `slug`) VALUES
(288, 158, 853, '414 Hegmann Landing\nLake Alexaneton, VA 11968', 82672, 1, 'noel-vandervortcategorie302409'),
(289, 159, 854, '69553 Kiley Cliffs Suite 284\nEast Paxtonburgh, NH 68852-1197', 67900, 0, 'bernice-johns-dvmcategorie302409'),
(290, 158, 855, '6460 Mertie Points\nDannychester, MI 34775', 45855, 1, 'warren-leschcategorie302410'),
(291, 158, 856, '430 Jaskolski Locks Suite 894\nLittelfurt, CA 90823-4146', 64783, 0, 'adonis-rueckercategorie302410'),
(292, 159, 857, '80522 Chelsey Branch\nNorth Rubie, AK 39876', 54356, 1, 'rowland-abbottcategorie302410'),
(293, 159, 858, '2195 Runolfsdottir Keys\nNorth Edmondville, NH 72879-0346', 44170, 0, 'marianna-hahncategorie302410'),
(294, 155, 859, '5864 Myrtis Ports\nEast Sammy, AL 57090', 22869, 0, 'mrs-pauline-dibbert-vcategorie302410'),
(295, 157, 860, '3548 Dicki Tunnel\nSouth Lorinebury, LA 55006-1661', 50650, 0, 'dewitt-runtecategorie302411'),
(296, 155, 861, '27497 Mertz Street\nAlexanneborough, MT 09297', 76478, 1, 'daren-pouroscategorie302411'),
(297, 158, 862, '337 Rogahn Shoals Suite 702\nEast Austyn, GA 53762-2570', 78831, 0, 'astrid-dietrich-sr-categorie302411'),
(298, 159, 863, '97766 Conn Vista Suite 713\nEast Lorena, NJ 10652', 37299, 1, 'francesca-darecategorie302411');

-- --------------------------------------------------------

--
-- Structure de la table `declaration`
--

CREATE TABLE `declaration` (
  `id` int(11) NOT NULL,
  `entrepreneur_id` int(11) DEFAULT NULL,
  `chiffre` double DEFAULT NULL,
  `date_dec` date DEFAULT NULL,
  `date_ex` date NOT NULL,
  `date_cr` date DEFAULT NULL,
  `penalite` double DEFAULT NULL,
  `cotisation` double DEFAULT NULL,
  `etat` tinyint(1) NOT NULL,
  `totalapayer` double DEFAULT NULL,
  `ref` varchar(255) COLLATE utf8mb4_unicode_ci NOT NULL,
  `attestation_chiffre_affaire_id` int(11) DEFAULT NULL,
  `attestation_fiscale_id` int(11) DEFAULT NULL
) ENGINE=InnoDB DEFAULT CHARSET=utf8mb4 COLLATE=utf8mb4_unicode_ci;

--
-- Déchargement des données de la table `declaration`
--

INSERT INTO `declaration` (`id`, `entrepreneur_id`, `chiffre`, `date_dec`, `date_ex`, `date_cr`, `penalite`, `cotisation`, `etat`, `totalapayer`, `ref`, `attestation_chiffre_affaire_id`, `attestation_fiscale_id`) VALUES
(8484, 853, NULL, NULL, '2021-08-12', '2021-07-29', NULL, NULL, 0, NULL, 'Dec-610346a98f944', NULL, NULL),
(8485, 853, 38.09133, '1988-07-28', '2012-03-15', '1989-05-08', 165.47745211, 277.7834, 1, 443.26085211, 'Dec-610346a98fce4', NULL, NULL),
(8486, 853, 4.808, '2021-05-24', '1981-06-02', '2005-11-05', 6.4, 46.501481332, 1, 52.901481332, 'Dec-610346a98fe05', NULL, NULL),
(8487, 853, NULL, NULL, '1995-05-17', '2012-08-22', NULL, NULL, 0, NULL, 'Dec-610346a98feb8', NULL, NULL),
(8488, 853, 6533.955598522, '2019-12-01', '1993-12-08', '2014-03-27', 134.4198, 178545755, 1, 178545889.4198, 'Dec-610346a98ffb2', NULL, NULL),
(8489, 853, NULL, NULL, '1996-06-18', '1978-07-03', NULL, NULL, 0, NULL, 'Dec-610346a99005e', NULL, NULL),
(8490, 853, 1398879.667, '1981-01-04', '2005-08-22', '1972-09-05', 3862, 7935257, 1, 7939119, 'Dec-610346a990159', NULL, NULL),
(8491, 853, NULL, NULL, '1986-02-14', '2013-01-02', NULL, NULL, 0, NULL, 'Dec-610346a9901ff', NULL, NULL),
(8492, 853, 162641.91267, '1999-10-01', '1976-08-29', '1981-09-28', 95986.95328138, 41476792.7486, 1, 41572779.701881, 'Dec-610346a9902f2', NULL, NULL),
(8493, 853, NULL, NULL, '2002-03-23', '1975-01-28', NULL, NULL, 0, NULL, 'Dec-610346a990398', NULL, NULL),
(8494, 853, NULL, NULL, '2001-02-01', '2001-02-16', NULL, NULL, 0, NULL, 'Dec-610346a990441', NULL, NULL),
(8495, 853, NULL, NULL, '2013-08-04', '1982-01-22', NULL, NULL, 0, NULL, 'Dec-610346a9904fa', NULL, NULL),
(8496, 853, NULL, NULL, '1972-10-24', '1993-08-13', NULL, NULL, 0, NULL, 'Dec-610346a99059f', NULL, NULL),
(8497, 853, NULL, NULL, '2009-12-18', '1972-09-23', NULL, NULL, 0, NULL, 'Dec-610346a990640', NULL, NULL),
(8498, 853, NULL, NULL, '1982-05-24', '1970-08-20', NULL, NULL, 0, NULL, 'Dec-610346a9906e0', NULL, NULL),
(8499, 853, 227.926765989, '1976-12-16', '1970-03-29', '1970-09-17', 15479.341924666, 241260.836224, 1, 256740.17814867, 'Dec-610346a9907d2', NULL, NULL),
(8500, 853, NULL, NULL, '2003-10-25', '1971-09-07', NULL, NULL, 0, NULL, 'Dec-610346a99087b', NULL, NULL),
(8501, 853, NULL, NULL, '1989-04-26', '1998-11-12', NULL, NULL, 0, NULL, 'Dec-610346a990934', NULL, NULL),
(8502, 853, NULL, NULL, '1975-02-08', '2000-11-08', NULL, NULL, 0, NULL, 'Dec-610346a9909d4', NULL, NULL),
(8503, 853, NULL, NULL, '1975-09-10', '1979-12-10', NULL, NULL, 0, NULL, 'Dec-610346a990a6e', NULL, NULL),
(8504, 853, 266.195, '1979-05-20', '1974-03-21', '1976-07-27', 4051.6, 224016294.32705, 1, 224020345.92705, 'Dec-610346a990b5a', NULL, NULL),
(8505, 853, 631.4, '2004-09-12', '1995-05-19', '1970-03-21', 74.58732361, 499943.0833095, 1, 500017.67063311, 'Dec-610346a990c50', NULL, NULL),
(8506, 854, NULL, NULL, '2021-08-12', '2021-07-29', NULL, NULL, 0, NULL, 'Dec-610346a9cca04', NULL, NULL),
(8507, 854, NULL, NULL, '2011-10-10', '1991-06-29', NULL, NULL, 0, NULL, 'Dec-610346a9cca35', NULL, NULL),
(8508, 854, 21760248.5447, '1982-01-19', '1987-08-18', '1984-05-01', 573879168.0578, 0.5, 1, 573879168.5578, 'Dec-610346a9cca90', NULL, NULL),
(8509, 854, NULL, NULL, '2014-02-06', '2007-06-17', NULL, NULL, 0, NULL, 'Dec-610346a9ccab6', NULL, NULL),
(8510, 854, NULL, NULL, '1984-03-06', '1990-09-20', NULL, NULL, 0, NULL, 'Dec-610346a9ccadb', NULL, NULL),
(8511, 854, NULL, NULL, '1994-04-23', '1991-03-03', NULL, NULL, 0, NULL, 'Dec-610346a9ccaff', NULL, NULL),
(8512, 854, 623.30841407, '2008-10-15', '1975-03-17', '2003-12-12', 9.3476, 16.662986837, 1, 26.010586837, 'Dec-610346a9ccb35', NULL, NULL),
(8513, 854, NULL, NULL, '2020-04-28', '2000-07-01', NULL, NULL, 0, NULL, 'Dec-610346a9ccb5a', NULL, NULL),
(8514, 854, 334.442829, '2001-02-11', '1977-11-28', '1975-06-15', 2.10155, 289316276.67808, 1, 289316278.77963, 'Dec-610346a9ccb91', NULL, NULL),
(8515, 854, NULL, NULL, '1995-06-28', '1998-08-08', NULL, NULL, 0, NULL, 'Dec-610346a9ccbb5', NULL, NULL),
(8516, 854, NULL, NULL, '1973-05-24', '2003-11-16', NULL, NULL, 0, NULL, 'Dec-610346a9ccbd9', NULL, NULL),
(8517, 854, NULL, NULL, '1999-09-17', '1975-06-19', NULL, NULL, 0, NULL, 'Dec-610346a9ccbfd', NULL, NULL),
(8518, 854, 254559.79616782, '1988-09-01', '1980-05-11', '2017-07-28', 1023058.61, 101148606.17, 1, 102171664.78, 'Dec-610346a9ccc34', NULL, NULL),
(8519, 854, 1405843.49401, '1971-06-15', '1984-10-27', '1971-03-30', 114249, 32325.6958, 1, 146574.6958, 'Dec-610346a9ccc6a', NULL, NULL),
(8520, 854, 30992958.24, '1973-07-17', '2004-12-31', '2007-10-15', 37.3384261, 5751930.470413, 1, 5751967.8088391, 'Dec-610346a9ccca0', NULL, NULL),
(8521, 854, 183461599.1031, '1973-06-02', '1976-10-25', '1995-12-23', 163856.93404314, 5045789.2339895, 1, 5209646.1680326, 'Dec-610346a9cccd6', NULL, NULL),
(8522, 854, 223.8044491, '1992-05-11', '2012-03-18', '2002-03-21', 229976787.899, 497090.64902, 1, 230473878.54802, 'Dec-610346a9ccd0c', NULL, NULL),
(8523, 854, NULL, NULL, '2014-05-24', '2017-06-16', NULL, NULL, 0, NULL, 'Dec-610346a9ccd31', NULL, NULL),
(8524, 854, 3286481.3, '1976-01-08', '2020-11-25', '1975-09-20', 64135, 62.99992, 1, 64197.99992, 'Dec-610346a9ccd67', NULL, NULL),
(8525, 854, NULL, NULL, '2007-08-12', '1997-04-30', NULL, NULL, 0, NULL, 'Dec-610346a9ccd8c', NULL, NULL),
(8526, 854, 11650, '2017-03-04', '1986-06-22', '2014-02-21', 76489.9, 2.44, 1, 76492.34, 'Dec-610346a9ccdc2', NULL, NULL),
(8527, 854, 0.18, '1970-11-04', '1971-10-11', '2018-03-27', 46.4476, 472, 1, 518.4476, 'Dec-610346a9ccdf8', NULL, NULL),
(8528, 855, NULL, NULL, '2021-08-12', '2021-07-29', NULL, NULL, 0, NULL, 'Dec-610346aa114dd', NULL, NULL),
(8529, 855, 1892, '2003-01-28', '1990-10-07', '1971-08-22', 6.38378816, 2.0318, 1, 8.41558816, 'Dec-610346aa11522', NULL, NULL),
(8530, 855, NULL, NULL, '2004-10-14', '2000-08-27', NULL, NULL, 0, NULL, 'Dec-610346aa11549', NULL, NULL),
(8531, 855, 853108.6086, '1981-09-04', '1984-08-28', '2002-01-12', 290.94896, 0.91659844, 1, 291.86555844, 'Dec-610346aa11580', NULL, NULL),
(8532, 855, 18.0237, '1994-03-03', '2007-07-17', '2012-12-23', 13463, 4997, 1, 18460, 'Dec-610346aa115b7', NULL, NULL),
(8533, 855, 2584.7, '2003-11-04', '2017-04-13', '1997-06-18', 31716.96052294, 404361.92068947, 1, 436078.88121241, 'Dec-610346aa115ee', NULL, NULL),
(8534, 855, 30.824489894, '2000-08-09', '1987-04-22', '1972-06-27', 17532.828220906, 323048, 1, 340580.82822091, 'Dec-610346aa11625', NULL, NULL),
(8535, 855, NULL, NULL, '1978-11-26', '1987-03-30', NULL, NULL, 0, NULL, 'Dec-610346aa11649', NULL, NULL),
(8536, 855, NULL, NULL, '2012-04-10', '1979-12-04', NULL, NULL, 0, NULL, 'Dec-610346aa1166e', NULL, NULL),
(8537, 855, 3.373384, '1993-12-02', '1971-08-20', '1995-11-29', 0.469, 62758260.845585, 1, 62758261.314585, 'Dec-610346aa116a4', NULL, NULL),
(8538, 855, NULL, NULL, '1987-05-10', '1976-02-10', NULL, NULL, 0, NULL, 'Dec-610346aa116c8', NULL, NULL),
(8539, 855, 132.248, '1983-08-19', '2001-01-19', '2016-02-07', 8970422, 24.784, 1, 8970446.784, 'Dec-610346aa116fe', NULL, NULL),
(8540, 855, NULL, NULL, '2008-07-18', '2014-10-12', NULL, NULL, 0, NULL, 'Dec-610346aa11723', NULL, NULL),
(8541, 855, NULL, NULL, '2019-09-10', '1985-07-07', NULL, NULL, 0, NULL, 'Dec-610346aa11747', NULL, NULL),
(8542, 855, 0.118528541, '1972-02-20', '2009-08-17', '2007-07-21', 1.5565, 487080, 1, 487081.5565, 'Dec-610346aa1177d', NULL, NULL),
(8543, 855, NULL, NULL, '1992-09-24', '1977-11-29', NULL, NULL, 0, NULL, 'Dec-610346aa117c7', NULL, NULL),
(8544, 855, 9, '2019-04-02', '1980-06-28', '1986-08-29', 84702239.079586, 35408.04276, 1, 84737647.122346, 'Dec-610346aa11845', NULL, NULL),
(8545, 855, NULL, NULL, '2012-09-17', '2016-03-01', NULL, NULL, 0, NULL, 'Dec-610346aa11885', NULL, NULL),
(8546, 855, NULL, NULL, '2016-01-03', '1977-08-15', NULL, NULL, 0, NULL, 'Dec-610346aa118a9', NULL, NULL),
(8547, 855, 28479.7818, '2010-12-08', '1993-12-31', '2000-10-03', 285.65583007, 9.173, 1, 294.82883007, 'Dec-610346aa118df', NULL, NULL),
(8548, 855, NULL, NULL, '1990-06-27', '1981-04-19', NULL, NULL, 0, NULL, 'Dec-610346aa11903', NULL, NULL),
(8549, 855, NULL, NULL, '2010-03-29', '2015-11-18', NULL, NULL, 0, NULL, 'Dec-610346aa11927', NULL, NULL),
(8550, 856, NULL, NULL, '2021-08-12', '2021-07-29', NULL, NULL, 0, NULL, 'Dec-610346aa4a805', NULL, NULL),
(8551, 856, NULL, NULL, '2017-08-08', '2009-11-13', NULL, NULL, 0, NULL, 'Dec-610346aa4a834', NULL, NULL),
(8552, 856, 47236339.111, '2002-04-03', '1979-04-26', '1970-01-18', 37307219, 24664232.511149, 1, 61971451.511149, 'Dec-610346aa4a86e', NULL, NULL),
(8553, 856, NULL, NULL, '1999-11-09', '2010-02-16', NULL, NULL, 0, NULL, 'Dec-610346aa4a894', NULL, NULL),
(8554, 856, NULL, NULL, '2019-03-01', '1998-10-17', NULL, NULL, 0, NULL, 'Dec-610346aa4a8b9', NULL, NULL),
(8555, 856, 283135484.827, '2009-07-12', '1992-04-06', '1985-07-21', 31642337.856858, 23761.772, 1, 31666099.628858, 'Dec-610346aa4a8f0', NULL, NULL),
(8556, 856, 13398.2502, '2010-11-03', '2020-10-10', '2020-01-29', 575688.375, 339256317.38, 1, 339832005.755, 'Dec-610346aa4a927', NULL, NULL),
(8557, 856, NULL, NULL, '1998-12-13', '2018-11-12', NULL, NULL, 0, NULL, 'Dec-610346aa4a94b', NULL, NULL),
(8558, 856, 35477.1, '1973-08-04', '1971-12-26', '1987-02-10', 37477.6194226, 10.22, 1, 37487.8394226, 'Dec-610346aa4a981', NULL, NULL),
(8559, 856, NULL, NULL, '2018-04-07', '2012-12-06', NULL, NULL, 0, NULL, 'Dec-610346aa4a9a7', NULL, NULL),
(8560, 856, 58321568.44306, '1978-10-30', '2015-12-30', '1973-08-23', 57893734.8, 157939488.4137, 1, 215833223.2137, 'Dec-610346aa4a9dd', NULL, NULL),
(8561, 856, NULL, NULL, '1991-08-08', '1999-03-24', NULL, NULL, 0, NULL, 'Dec-610346aa4aa01', NULL, NULL),
(8562, 856, 5293019.6, '2005-07-23', '1996-08-09', '2020-12-27', 44.4, 2114145.0909, 1, 2114189.4909, 'Dec-610346aa4aa37', NULL, NULL),
(8563, 856, 1258836.066, '1976-10-30', '1975-04-30', '2010-10-10', 74.61225, 1, 1, 75.61225, 'Dec-610346aa4aa6d', NULL, NULL),
(8564, 856, 610250972.00457, '1995-11-05', '2015-09-25', '1971-04-12', 32669.42, 4.09089082, 1, 32673.51089082, 'Dec-610346aa4aaa3', NULL, NULL),
(8565, 856, 151352013.394, '2015-10-20', '2018-03-01', '2001-05-14', 13.618670053, 18.395398349, 1, 32.014068402, 'Dec-610346aa4aad9', NULL, NULL),
(8566, 856, 1246488.5018719, '1973-04-30', '2003-11-26', '1979-11-24', 4867.2086, 29.3444, 1, 4896.553, 'Dec-610346aa4ab0f', NULL, NULL),
(8567, 856, 12.731443, '2009-08-03', '1987-12-23', '1999-08-13', 122.07, 14685.39793903, 1, 14807.46793903, 'Dec-610346aa4ab59', NULL, NULL),
(8568, 856, NULL, NULL, '1981-07-11', '1991-10-20', NULL, NULL, 0, NULL, 'Dec-610346aa4ab8d', NULL, NULL),
(8569, 856, NULL, NULL, '1981-05-15', '1977-03-06', NULL, NULL, 0, NULL, 'Dec-610346aa4abb2', NULL, NULL),
(8570, 856, NULL, NULL, '1982-12-26', '2013-08-06', NULL, NULL, 0, NULL, 'Dec-610346aa4abd5', NULL, NULL),
(8571, 856, 15593975.826308, '1988-06-18', '2000-10-28', '2003-04-20', 4.911506685, 590187, 1, 590191.91150668, 'Dec-610346aa4ac0c', NULL, NULL),
(8572, 857, NULL, NULL, '2021-08-12', '2021-07-29', NULL, NULL, 0, NULL, 'Dec-610346aa839f8', NULL, NULL),
(8573, 857, NULL, NULL, '2003-04-24', '1992-09-25', NULL, NULL, 0, NULL, 'Dec-610346aa83a29', NULL, NULL),
(8574, 857, NULL, NULL, '2015-01-29', '1980-10-28', NULL, NULL, 0, NULL, 'Dec-610346aa83a4f', NULL, NULL),
(8575, 857, 2276.85, '1987-08-04', '2000-11-21', '1995-08-17', 3236634.84, 6699.88, 1, 3243334.72, 'Dec-610346aa83a88', NULL, NULL),
(8576, 857, 39650578.03261, '2017-02-14', '1990-06-06', '1997-12-28', 2302.0813119, 2922.680321907, 1, 5224.761633807, 'Dec-610346aa83ad3', NULL, NULL),
(8577, 857, NULL, NULL, '1982-03-20', '2003-06-30', NULL, NULL, 0, NULL, 'Dec-610346aa83b08', NULL, NULL),
(8578, 857, 1.0477799, '1978-01-10', '1981-12-18', '1981-10-21', 18046.138747, 4.2356, 1, 18050.374347, 'Dec-610346aa83b3f', NULL, NULL),
(8579, 857, 64804379, '1983-12-04', '1981-03-29', '1989-03-01', 0.37022, 10489.85, 1, 10490.22022, 'Dec-610346aa83b75', NULL, NULL),
(8580, 857, NULL, NULL, '1971-08-24', '2020-09-13', NULL, NULL, 0, NULL, 'Dec-610346aa83b9a', NULL, NULL),
(8581, 857, 3560.75, '2014-12-22', '1982-09-13', '1992-06-29', 2.6711, 329, 1, 331.6711, 'Dec-610346aa83bd0', NULL, NULL),
(8582, 857, 264.6, '2021-07-03', '1994-01-02', '1992-07-23', 545443.58, 1066480, 1, 1611923.58, 'Dec-610346aa83c06', NULL, NULL),
(8583, 857, 607.4, '1988-12-25', '1979-02-26', '1976-06-10', 55.56334391, 5892, 1, 5947.56334391, 'Dec-610346aa83c3c', NULL, NULL),
(8584, 857, 537264.107304, '2001-08-05', '1981-03-26', '1985-03-25', 834843820.01599, 17650188.824, 1, 852494008.83999, 'Dec-610346aa83c72', NULL, NULL),
(8585, 857, 55243279.43, '2019-02-15', '2016-11-12', '2002-09-17', 0, 6793.66027, 1, 6793.66027, 'Dec-610346aa83ca9', NULL, NULL),
(8586, 857, 4.93, '1987-06-20', '1974-05-06', '1977-05-09', 359.785, 50.3, 1, 410.085, 'Dec-610346aa83cdf', NULL, NULL),
(8587, 857, 34857688.11525, '2001-06-30', '1976-11-15', '2014-10-27', 60209.663, 275146619.54026, 1, 275206829.20326, 'Dec-610346aa83d15', NULL, NULL),
(8588, 857, 6373.01193, '2007-09-24', '2005-10-24', '1974-03-02', 21.481599428, 1050129.3493864, 1, 1050150.8309858, 'Dec-610346aa83d4e', NULL, NULL),
(8589, 857, NULL, NULL, '2010-06-20', '1987-03-04', NULL, NULL, 0, NULL, 'Dec-610346aa83d73', NULL, NULL),
(8590, 857, 8023.762336, '2006-05-16', '2008-09-03', '2018-04-01', 1297.82, 86.92481, 1, 1384.74481, 'Dec-610346aa83da9', NULL, NULL),
(8591, 857, 56435652.119768, '2011-05-09', '1984-05-10', '2016-05-16', 310.654673, 3710, 1, 4020.654673, 'Dec-610346aa83ddf', NULL, NULL),
(8592, 857, 1616.2359007, '1995-02-15', '1998-01-12', '2004-02-18', 399692.307463, 1453179.07, 1, 1852871.377463, 'Dec-610346aa83e16', NULL, NULL),
(8593, 857, 28593.05756, '1996-09-08', '1995-03-29', '1978-01-19', 13764, 29162145.613183, 1, 29175909.613183, 'Dec-610346aa83e4c', NULL, NULL),
(8594, 858, NULL, NULL, '2021-08-12', '2021-07-29', NULL, NULL, 0, NULL, 'Dec-610346aabcc65', NULL, NULL),
(8595, 858, NULL, NULL, '2011-06-02', '1989-04-12', NULL, NULL, 0, NULL, 'Dec-610346aabcc96', NULL, NULL),
(8596, 858, 36269691.043706, '1984-01-04', '1975-08-08', '2013-04-09', 8155437.615521, 304.9028028, 1, 8155742.5183238, 'Dec-610346aabccd1', NULL, NULL),
(8597, 858, NULL, NULL, '1974-11-26', '2012-10-16', NULL, NULL, 0, NULL, 'Dec-610346aabccf6', NULL, NULL),
(8598, 858, NULL, NULL, '2016-11-07', '2008-08-14', NULL, NULL, 0, NULL, 'Dec-610346aabcd1b', NULL, NULL),
(8599, 858, NULL, NULL, '2001-09-04', '2017-04-13', NULL, NULL, 0, NULL, 'Dec-610346aabcd3f', NULL, NULL),
(8600, 858, 318420230.8514, '1988-04-12', '2015-07-28', '2019-04-10', 246133008.26207, 10422.927353, 1, 246143431.18943, 'Dec-610346aabcd76', NULL, NULL),
(8601, 858, NULL, NULL, '1988-01-23', '1987-08-15', NULL, NULL, 0, NULL, 'Dec-610346aabcd9a', NULL, NULL),
(8602, 858, 605.9796492, '2014-03-08', '2007-12-30', '1971-04-20', 24671.0905593, 10862.2, 1, 35533.2905593, 'Dec-610346aabcdd1', NULL, NULL),
(8603, 858, 16, '1992-10-31', '1993-01-12', '2019-02-09', 4.01869605, 1, 1, 5.01869605, 'Dec-610346aabce07', NULL, NULL),
(8604, 858, NULL, NULL, '2015-12-05', '1981-12-27', NULL, NULL, 0, NULL, 'Dec-610346aabce2c', NULL, NULL),
(8605, 858, 25805423.94, '1997-03-20', '2011-12-11', '1981-07-12', 145.21892299, 858.33988755, 1, 1003.55881054, 'Dec-610346aabce76', NULL, NULL),
(8606, 858, 4294.2588255, '1990-03-27', '1973-06-11', '1974-07-30', 3194976.829, 186348, 1, 3381324.829, 'Dec-610346aabceba', NULL, NULL),
(8607, 858, NULL, NULL, '1994-09-15', '1971-03-11', NULL, NULL, 0, NULL, 'Dec-610346aabcede', NULL, NULL),
(8608, 858, NULL, NULL, '2017-02-17', '1978-06-19', NULL, NULL, 0, NULL, 'Dec-610346aabcf02', NULL, NULL),
(8609, 858, NULL, NULL, '1991-10-23', '1984-09-28', NULL, NULL, 0, NULL, 'Dec-610346aabcf26', NULL, NULL),
(8610, 858, NULL, NULL, '1982-03-12', '1971-04-03', NULL, NULL, 0, NULL, 'Dec-610346aabcf4a', NULL, NULL),
(8611, 858, NULL, NULL, '1973-05-11', '2012-09-07', NULL, NULL, 0, NULL, 'Dec-610346aabcf6e', NULL, NULL),
(8612, 858, 1328958.517809, '1970-12-26', '2003-03-14', '1997-03-02', 1022.7659306, 0.550947, 1, 1023.3168776, 'Dec-610346aabcfa4', NULL, NULL),
(8613, 858, 4, '2014-09-27', '2015-07-09', '2002-09-19', 8.283832, 597054.92037215, 1, 597063.20420415, 'Dec-610346aabcfda', NULL, NULL),
(8614, 858, NULL, NULL, '2021-01-24', '2009-06-30', NULL, NULL, 0, NULL, 'Dec-610346aabcffe', NULL, NULL),
(8615, 858, NULL, NULL, '1997-03-30', '1979-08-01', NULL, NULL, 0, NULL, 'Dec-610346aabd022', NULL, NULL),
(8616, 859, NULL, NULL, '2021-08-12', '2021-07-29', NULL, NULL, 0, NULL, 'Dec-610346ab00d9d', NULL, NULL),
(8617, 859, NULL, NULL, '1993-01-17', '1973-10-07', NULL, NULL, 0, NULL, 'Dec-610346ab00dce', NULL, NULL),
(8618, 859, 4075.83446309, '1995-08-18', '2019-11-13', '1990-08-16', 439486542.84607, 3.4216, 1, 439486546.26767, 'Dec-610346ab00e09', NULL, NULL),
(8619, 859, 511.3933, '1991-09-10', '1985-08-19', '1999-02-06', 23304.3, 2442056.6282643, 1, 2465360.9282643, 'Dec-610346ab00e40', NULL, NULL),
(8620, 859, 1172.23627, '1983-08-04', '2021-02-21', '1981-02-16', 68838811.475, 933.09, 1, 68839744.565, 'Dec-610346ab00e79', NULL, NULL),
(8621, 859, 60822430.514264, '2008-03-21', '1994-02-06', '2018-09-02', 80261.8975919, 40757217.013073, 1, 40837478.910665, 'Dec-610346ab00eb0', NULL, NULL),
(8622, 859, NULL, NULL, '2004-02-02', '1977-11-10', NULL, NULL, 0, NULL, 'Dec-610346ab00ed5', NULL, NULL),
(8623, 859, NULL, NULL, '1989-06-16', '2013-11-19', NULL, NULL, 0, NULL, 'Dec-610346ab00ef9', NULL, NULL),
(8624, 859, 15.4051, '2011-09-23', '1999-09-12', '1970-12-10', 51.38086367, 16299007, 1, 16299058.380864, 'Dec-610346ab00f30', NULL, NULL),
(8625, 859, 3812.7893, '1989-10-10', '1993-08-27', '1998-04-20', 555808.8463, 150375.1195, 1, 706183.9658, 'Dec-610346ab00f66', NULL, NULL),
(8626, 859, 290535.4393754, '1984-09-04', '1998-07-21', '1992-10-29', 23559085.570603, 77.743955, 1, 23559163.314558, 'Dec-610346ab00f9c', NULL, NULL),
(8627, 859, NULL, NULL, '2011-04-09', '1977-06-09', NULL, NULL, 0, NULL, 'Dec-610346ab00fc1', NULL, NULL),
(8628, 859, 9.9, '2003-04-19', '1980-11-25', '2008-06-26', 13772.7902, 814.9800084, 1, 14587.7702084, 'Dec-610346ab0100b', NULL, NULL),
(8629, 859, 203383.05199555, '1988-05-30', '1981-02-01', '2019-11-01', 0.929, 25424.8, 1, 25425.729, 'Dec-610346ab0104f', NULL, NULL),
(8630, 859, 46675761.534163, '2021-05-20', '2006-03-09', '2008-03-29', 1927.75660706, 23465746.01, 1, 23467673.766607, 'Dec-610346ab01086', NULL, NULL),
(8631, 859, NULL, NULL, '2012-09-17', '2013-02-18', NULL, NULL, 0, NULL, 'Dec-610346ab010ab', NULL, NULL),
(8632, 859, NULL, NULL, '1996-12-20', '2019-12-31', NULL, NULL, 0, NULL, 'Dec-610346ab010cf', NULL, NULL),
(8633, 859, NULL, NULL, '2015-11-30', '1977-03-14', NULL, NULL, 0, NULL, 'Dec-610346ab010f3', NULL, NULL),
(8634, 859, 103336714, '1970-07-23', '2015-06-18', '2005-04-20', 97.3988769, 9758460.1307, 1, 9758557.5295769, 'Dec-610346ab01129', NULL, NULL),
(8635, 859, NULL, NULL, '2021-03-23', '1983-12-16', NULL, NULL, 0, NULL, 'Dec-610346ab0114e', NULL, NULL),
(8636, 859, 167937968.84005, '2007-05-01', '1997-11-27', '2020-09-24', 313426, 4423240.228, 1, 4736666.228, 'Dec-610346ab01184', NULL, NULL),
(8637, 859, 18.86, '1992-02-06', '2017-09-20', '1997-03-11', 43.4402, 833363.93261, 1, 833407.37281, 'Dec-610346ab011ba', NULL, NULL),
(8638, 860, NULL, NULL, '2021-08-12', '2021-07-29', NULL, NULL, 0, NULL, 'Dec-610346ab3a02c', NULL, NULL),
(8639, 860, 14.89898759, '1989-07-12', '1982-10-30', '1998-02-14', 219.24519, 5063.02591, 1, 5282.2711, 'Dec-610346ab3a071', NULL, NULL),
(8640, 860, 2212646.6173013, '1984-07-21', '1971-02-18', '1986-10-29', 5612852.4588003, 38739.0279, 1, 5651591.4867003, 'Dec-610346ab3a0a9', NULL, NULL),
(8641, 860, 757538, '1974-10-15', '1998-06-05', '1978-07-03', 24654.727, 32097011.58532, 1, 32121666.31232, 'Dec-610346ab3a0e0', NULL, NULL),
(8642, 860, 430087270.5, '2019-06-09', '1985-08-28', '1990-05-06', 43.6, 57.121082, 1, 100.721082, 'Dec-610346ab3a117', NULL, NULL),
(8643, 860, 466185103.34, '1976-06-06', '1982-11-01', '1975-04-27', 21.325, 0.78421473, 1, 22.10921473, 'Dec-610346ab3a14d', NULL, NULL),
(8644, 860, NULL, NULL, '2011-07-17', '1989-03-28', NULL, NULL, 0, NULL, 'Dec-610346ab3a172', NULL, NULL),
(8645, 860, NULL, NULL, '1984-05-29', '2003-11-22', NULL, NULL, 0, NULL, 'Dec-610346ab3a197', NULL, NULL),
(8646, 860, NULL, NULL, '2005-06-01', '1976-12-17', NULL, NULL, 0, NULL, 'Dec-610346ab3a1bc', NULL, NULL),
(8647, 860, NULL, NULL, '2005-08-13', '1988-01-01', NULL, NULL, 0, NULL, 'Dec-610346ab3a1e0', NULL, NULL),
(8648, 860, 93, '2003-10-18', '1988-03-25', '2003-04-02', 6.44258, 2.8, 1, 9.24258, 'Dec-610346ab3a216', NULL, NULL),
(8649, 860, NULL, NULL, '1986-03-17', '1995-04-13', NULL, NULL, 0, NULL, 'Dec-610346ab3a23b', NULL, NULL),
(8650, 860, NULL, NULL, '1992-11-22', '1994-07-09', NULL, NULL, 0, NULL, 'Dec-610346ab3a25f', NULL, NULL),
(8651, 860, 25035.3483, '2017-01-16', '1978-07-09', '2016-07-01', 10432.654310629, 1604.05, 1, 12036.704310629, 'Dec-610346ab3a296', NULL, NULL),
(8652, 860, 508309306, '2017-09-25', '2011-06-04', '2007-02-07', 487.8731, 0, 1, 487.8731, 'Dec-610346ab3a2cd', NULL, NULL),
(8653, 860, 17053268.441271, '2002-01-22', '1975-04-29', '1983-10-15', 9.402503, 472.03, 1, 481.432503, 'Dec-610346ab3a303', NULL, NULL),
(8654, 860, 2545.3768, '1986-02-09', '1985-07-11', '1976-01-20', 272, 1331700.338, 1, 1331972.338, 'Dec-610346ab3a33b', NULL, NULL),
(8655, 860, 1269776.3094, '1983-09-13', '1987-02-10', '2014-09-01', 16984510.4653, 83.09752, 1, 16984593.56282, 'Dec-610346ab3a372', NULL, NULL),
(8656, 860, NULL, NULL, '1980-07-27', '1982-09-14', NULL, NULL, 0, NULL, 'Dec-610346ab3a3ba', NULL, NULL),
(8657, 860, 15.75128, '1996-02-26', '2017-09-10', '2005-11-30', 142263.45021, 587352.19470194, 1, 729615.64491194, 'Dec-610346ab3a3f0', NULL, NULL),
(8658, 860, 341.8, '1992-08-09', '2016-03-24', '1995-12-08', 52.02, 5497.4626, 1, 5549.4826, 'Dec-610346ab3a427', NULL, NULL),
(8659, 860, NULL, NULL, '1974-05-07', '2002-08-10', NULL, NULL, 0, NULL, 'Dec-610346ab3a44c', NULL, NULL),
(8660, 861, NULL, NULL, '2021-08-12', '2021-07-29', NULL, NULL, 0, NULL, 'Dec-610346ab72cc5', NULL, NULL),
(8661, 861, 0.68, '2015-09-25', '2007-01-14', '1995-10-26', 17.208, 348.860887, 1, 366.068887, 'Dec-610346ab72d0a', NULL, NULL),
(8662, 861, NULL, NULL, '1995-01-12', '1998-01-21', NULL, NULL, 0, NULL, 'Dec-610346ab72d30', NULL, NULL),
(8663, 861, NULL, NULL, '1979-06-04', '1976-08-10', NULL, NULL, 0, NULL, 'Dec-610346ab72d55', NULL, NULL),
(8664, 861, 1.51997, '1985-07-23', '2018-08-30', '1988-05-06', 970.6034296, 9855, 1, 10825.6034296, 'Dec-610346ab72d8c', NULL, NULL),
(8665, 861, NULL, NULL, '2008-06-08', '1971-11-18', NULL, NULL, 0, NULL, 'Dec-610346ab72db0', NULL, NULL),
(8666, 861, NULL, NULL, '2012-11-19', '2008-10-18', NULL, NULL, 0, NULL, 'Dec-610346ab72dd5', NULL, NULL),
(8667, 861, 1516742.0638457, '2006-04-03', '2020-08-17', '1995-08-22', 21613.5175, 21866135.417374, 1, 21887748.934874, 'Dec-610346ab72e0c', NULL, NULL),
(8668, 861, 45014370.952, '1992-09-03', '1987-03-09', '1989-01-08', 6801.5723, 27.6664, 1, 6829.2387, 'Dec-610346ab72e43', NULL, NULL),
(8669, 861, NULL, NULL, '2010-02-04', '1999-02-16', NULL, NULL, 0, NULL, 'Dec-610346ab72e69', NULL, NULL),
(8670, 861, 640425.49611785, '2012-03-24', '2011-02-15', '2010-08-12', 12.45, 249080219.02539, 1, 249080231.47539, 'Dec-610346ab72ea0', NULL, NULL),
(8671, 861, 12922, '1975-01-21', '1984-04-29', '1985-08-11', 2.942413723, 21769.43416, 1, 21772.376573723, 'Dec-610346ab72ed6', NULL, NULL),
(8672, 861, NULL, NULL, '2003-01-16', '1971-03-24', NULL, NULL, 0, NULL, 'Dec-610346ab72efb', NULL, NULL),
(8673, 861, 13806.5036, '2014-07-19', '1970-11-06', '2011-01-04', 198.171, 19.63, 1, 217.801, 'Dec-610346ab72f43', NULL, NULL),
(8674, 861, NULL, NULL, '1977-11-12', '1975-11-22', NULL, NULL, 0, NULL, 'Dec-610346ab72f86', NULL, NULL),
(8675, 861, NULL, NULL, '1971-02-23', '1990-11-28', NULL, NULL, 0, NULL, 'Dec-610346ab72faa', NULL, NULL),
(8676, 861, 69642.42, '2009-01-22', '2009-06-20', '1971-07-31', 690.4045272, 39.27649598, 1, 729.68102318, 'Dec-610346ab72fe1', NULL, NULL),
(8677, 861, NULL, NULL, '2001-09-22', '2006-07-27', NULL, NULL, 0, NULL, 'Dec-610346ab73005', NULL, NULL),
(8678, 861, NULL, NULL, '1985-06-22', '1996-01-24', NULL, NULL, 0, NULL, 'Dec-610346ab7302a', NULL, NULL),
(8679, 861, 24.179670779, '2013-12-18', '1981-06-15', '1990-06-13', 21741.4, 603033.03836173, 1, 624774.43836173, 'Dec-610346ab73060', NULL, NULL),
(8680, 861, NULL, NULL, '2008-12-03', '2010-11-29', NULL, NULL, 0, NULL, 'Dec-610346ab73085', NULL, NULL),
(8681, 861, NULL, NULL, '1985-01-27', '1986-01-09', NULL, NULL, 0, NULL, 'Dec-610346ab730a9', NULL, NULL),
(8682, 862, NULL, NULL, '2021-08-12', '2021-07-29', NULL, NULL, 0, NULL, 'Dec-610346abac013', NULL, NULL),
(8683, 862, NULL, NULL, '2020-10-19', '1986-01-21', NULL, NULL, 0, NULL, 'Dec-610346abac042', NULL, NULL),
(8684, 862, 88.4, '1990-02-20', '2001-03-03', '1994-11-27', 89.5618, 2.85616, 1, 92.41796, 'Dec-610346abac07d', NULL, NULL),
(8685, 862, 45.48800405, '1998-10-23', '1987-12-31', '1999-10-15', 302617.609, 40195961, 1, 40498578.609, 'Dec-610346abac0b5', NULL, NULL),
(8686, 862, NULL, NULL, '2012-02-20', '1996-09-28', NULL, NULL, 0, NULL, 'Dec-610346abac0db', NULL, NULL),
(8687, 862, NULL, NULL, '1988-06-19', '2011-05-06', NULL, NULL, 0, NULL, 'Dec-610346abac0ff', NULL, NULL),
(8688, 862, NULL, NULL, '2021-04-25', '1993-09-09', NULL, NULL, 0, NULL, 'Dec-610346abac123', NULL, NULL),
(8689, 862, 258110554.10064, '1974-07-08', '2012-02-14', '1987-08-28', 4509116.26, 53880267.48437, 1, 58389383.74437, 'Dec-610346abac15c', NULL, NULL),
(8690, 862, 3468.030541, '2003-10-07', '1979-11-26', '1971-05-12', 43.7855066, 18446.549793319, 1, 18490.335299919, 'Dec-610346abac193', NULL, NULL),
(8691, 862, 87.5, '2020-05-16', '2002-02-26', '2009-08-21', 282947998.9, 470239372.717, 1, 753187371.617, 'Dec-610346abac1c9', NULL, NULL),
(8692, 862, NULL, NULL, '2002-07-20', '1975-11-17', NULL, NULL, 0, NULL, 'Dec-610346abac1ee', NULL, NULL),
(8693, 862, 37.87048934, '2018-12-26', '1981-11-23', '2012-12-11', 2873.34, 7930.676489545, 1, 10804.016489545, 'Dec-610346abac224', NULL, NULL),
(8694, 862, NULL, NULL, '1985-02-27', '1971-03-31', NULL, NULL, 0, NULL, 'Dec-610346abac249', NULL, NULL),
(8695, 862, NULL, NULL, '1994-08-06', '1980-03-13', NULL, NULL, 0, NULL, 'Dec-610346abac26d', NULL, NULL),
(8696, 862, NULL, NULL, '1980-07-11', '2008-07-31', NULL, NULL, 0, NULL, 'Dec-610346abac291', NULL, NULL),
(8697, 862, NULL, NULL, '1991-06-10', '1986-11-25', NULL, NULL, 0, NULL, 'Dec-610346abac2c7', NULL, NULL),
(8698, 862, NULL, NULL, '1984-10-13', '1982-04-28', NULL, NULL, 0, NULL, 'Dec-610346abac30e', NULL, NULL),
(8699, 862, 13539.88414, '2013-12-18', '2016-06-11', '1974-11-20', 5110.41372, 0.748, 1, 5111.16172, 'Dec-610346abac354', NULL, NULL),
(8700, 862, 6.258286318, '2005-05-26', '2018-01-18', '2015-12-04', 45389870.9097, 790488.9, 1, 46180359.8097, 'Dec-610346abac38a', NULL, NULL),
(8701, 862, NULL, NULL, '2007-07-05', '2019-09-12', NULL, NULL, 0, NULL, 'Dec-610346abac3af', NULL, NULL),
(8702, 862, 12622.820854729, '1975-09-08', '2000-05-06', '1984-07-13', 5040.415501, 63795162.653825, 1, 63800203.069326, 'Dec-610346abac3e5', NULL, NULL),
(8703, 862, 2.0215799, '2011-07-05', '1987-12-29', '2004-10-12', 299.072, 81.57482089, 1, 380.64682089, 'Dec-610346abac41c', NULL, NULL),
(8704, 863, NULL, NULL, '2021-08-12', '2021-07-29', NULL, NULL, 0, NULL, 'Dec-610346abe3fda', NULL, NULL),
(8705, 863, 6471, '2020-06-10', '2015-05-11', '2020-12-20', 4417.373877464, 373526444.16554, 1, 373530861.53941, 'Dec-610346abe401f', NULL, NULL),
(8706, 863, 835.7026541, '2005-11-19', '1981-02-02', '2020-06-12', 108768.01, 50918, 1, 159686.01, 'Dec-610346abe4058', NULL, NULL),
(8707, 863, NULL, NULL, '1978-02-06', '1995-12-13', NULL, NULL, 0, NULL, 'Dec-610346abe407d', NULL, NULL),
(8708, 863, NULL, NULL, '1992-01-10', '1977-11-06', NULL, NULL, 0, NULL, 'Dec-610346abe40a1', NULL, NULL),
(8709, 863, 7, '1972-06-27', '2011-10-19', '2013-02-19', 2011916.75406, 5951.31487, 1, 2017868.06893, 'Dec-610346abe40d9', NULL, NULL),
(8710, 863, NULL, NULL, '1986-02-15', '1982-12-31', NULL, NULL, 0, NULL, 'Dec-610346abe40fe', NULL, NULL),
(8711, 863, 0.5029708, '1988-10-07', '1990-02-08', '1980-11-06', 1376.9620986, 68.2436, 1, 1445.2056986, 'Dec-610346abe4134', NULL, NULL),
(8712, 863, 4, '1976-08-30', '2007-01-06', '1983-04-24', 11558.4768519, 23.349, 1, 11581.8258519, 'Dec-610346abe416a', NULL, NULL),
(8713, 863, 2194.1178, '2011-04-17', '1991-11-02', '1987-08-10', 1.96063, 463667.11122955, 1, 463669.07185955, 'Dec-610346abe41a0', NULL, NULL),
(8714, 863, 144.583883872, '1993-05-30', '2002-04-28', '1987-09-09', 5114.99711948, 117.76, 1, 5232.75711948, 'Dec-610346abe41d6', NULL, NULL),
(8715, 863, NULL, NULL, '1990-02-20', '1972-04-24', NULL, NULL, 0, NULL, 'Dec-610346abe41fb', NULL, NULL),
(8716, 863, 3.5842, '2006-10-17', '2010-07-15', '1986-04-20', 14, 306723240.07164, 1, 306723254.07164, 'Dec-610346abe4231', NULL, NULL),
(8717, 863, NULL, NULL, '1998-04-17', '2006-06-29', NULL, NULL, 0, NULL, 'Dec-610346abe4256', NULL, NULL),
(8718, 863, 5778911.22, '1985-07-25', '2021-07-10', '1990-10-27', 28463565.967761, 0, 1, 28463565.967761, 'Dec-610346abe428c', NULL, NULL),
(8719, 863, 26.427888529, '1983-01-21', '1983-01-30', '1974-12-30', 478.495172731, 35040692.700132, 1, 35041171.195304, 'Dec-610346abe42d4', NULL, NULL),
(8720, 863, NULL, NULL, '1971-09-26', '2001-07-28', NULL, NULL, 0, NULL, 'Dec-610346abe432c', NULL, NULL),
(8721, 863, 2.55453818, '2012-02-22', '1983-02-14', '1972-01-07', 86.006, 3597990, 1, 3598076.006, 'Dec-610346abe4362', NULL, NULL),
(8722, 863, 327399.71, '1975-03-09', '1978-06-14', '1975-12-18', 0.554935599, 0.51, 1, 1.064935599, 'Dec-610346abe4398', NULL, NULL),
(8723, 863, 3071.6336, '1994-02-14', '2015-01-26', '2020-08-06', 460.5, 64752208.15436, 1, 64752668.65436, 'Dec-610346abe43d0', NULL, NULL),
(8724, 863, 3.68157, '2008-08-31', '1981-05-04', '1983-08-13', 22441.5994601, 1.994493426, 1, 22443.593953526, 'Dec-610346abe4406', NULL, NULL),
(8725, 863, 2305.266, '1991-08-05', '1980-07-19', '1984-07-03', 29.51153, 61520.8145, 1, 61550.32603, 'Dec-610346abe443d', NULL, NULL);

-- --------------------------------------------------------

--
-- Structure de la table `doctrine_migration_versions`
--

CREATE TABLE `doctrine_migration_versions` (
  `version` varchar(191) COLLATE utf8_unicode_ci NOT NULL,
  `executed_at` datetime DEFAULT NULL,
  `execution_time` int(11) DEFAULT NULL
) ENGINE=InnoDB DEFAULT CHARSET=utf8 COLLATE=utf8_unicode_ci;

--
-- Déchargement des données de la table `doctrine_migration_versions`
--

INSERT INTO `doctrine_migration_versions` (`version`, `executed_at`, `execution_time`) VALUES
('DoctrineMigrations\\Version20210307185629', '2021-03-07 19:56:37', 458),
('DoctrineMigrations\\Version20210307213926', '2021-03-07 22:39:40', 266),
('DoctrineMigrations\\Version20210308182201', '2021-03-08 19:22:18', 588),
('DoctrineMigrations\\Version20210312021527', '2021-03-12 03:16:01', 721),
('DoctrineMigrations\\Version20210314182110', '2021-03-14 19:21:39', 2177),
('DoctrineMigrations\\Version20210316214436', '2021-03-16 22:44:49', 1900),
('DoctrineMigrations\\Version20210319183406', '2021-03-19 19:34:12', 1288),
('DoctrineMigrations\\Version20210319190749', '2021-03-19 20:08:02', 172),
('DoctrineMigrations\\Version20210319212750', '2021-03-19 22:27:59', 478),
('DoctrineMigrations\\Version20210321013133', '2021-03-21 02:31:46', 696),
('DoctrineMigrations\\Version20210321222920', '2021-03-21 23:29:39', 1469),
('DoctrineMigrations\\Version20210322004743', '2021-03-22 01:47:54', 421),
('DoctrineMigrations\\Version20210322010708', '2021-03-22 02:07:14', 1469),
('DoctrineMigrations\\Version20210322021024', '2021-03-22 03:10:32', 655),
('DoctrineMigrations\\Version20210324005546', '2021-03-24 01:56:05', 2483),
('DoctrineMigrations\\Version20210324012043', '2021-03-24 02:20:53', 118),
('DoctrineMigrations\\Version20210329130420', '2021-03-29 15:04:36', 491),
('DoctrineMigrations\\Version20210401101229', '2021-04-01 12:12:44', 2019),
('DoctrineMigrations\\Version20210401110445', '2021-04-01 13:04:53', 148),
('DoctrineMigrations\\Version20210401124012', '2021-04-01 14:40:21', 412),
('DoctrineMigrations\\Version20210401150257', '2021-04-01 17:03:04', 974),
('DoctrineMigrations\\Version20210407132627', '2021-04-07 15:26:38', 2808),
('DoctrineMigrations\\Version20210407142916', '2021-04-07 16:29:29', 126),
('DoctrineMigrations\\Version20210409160135', '2021-04-09 18:01:45', 1204),
('DoctrineMigrations\\Version20210413153709', '2021-04-13 17:37:23', 946),
('DoctrineMigrations\\Version20210413154432', '2021-04-13 17:44:46', 266),
('DoctrineMigrations\\Version20210415154001', '2021-04-15 17:40:13', 1542),
('DoctrineMigrations\\Version20210415154900', '2021-04-15 17:49:08', 180),
('DoctrineMigrations\\Version20210427232753', '2021-04-28 01:28:02', 2917),
('DoctrineMigrations\\Version20210427235354', '2021-04-28 01:54:02', 721),
('DoctrineMigrations\\Version20210427235959', '2021-04-28 02:00:06', 105),
('DoctrineMigrations\\Version20210428000650', '2021-04-28 02:07:13', 126),
('DoctrineMigrations\\Version20210429222147', '2021-04-30 00:22:09', 2102),
('DoctrineMigrations\\Version20210514113412', '2021-05-14 13:34:26', 718),
('DoctrineMigrations\\Version20210514150035', '2021-05-14 17:23:05', 10176),
('DoctrineMigrations\\Version20210517223020', '2021-05-18 00:30:36', 1384),
('DoctrineMigrations\\Version20210517223201', '2021-05-18 00:32:05', 1133),
('DoctrineMigrations\\Version20210519125841', '2021-05-19 14:58:56', 1563);

-- --------------------------------------------------------

--
-- Structure de la table `entrepreneur`
--

CREATE TABLE `entrepreneur` (
  `id` int(11) NOT NULL,
  `email` varchar(180) COLLATE utf8mb4_unicode_ci NOT NULL,
  `roles` longtext COLLATE utf8mb4_unicode_ci NOT NULL COMMENT '(DC2Type:json)',
  `password` varchar(255) COLLATE utf8mb4_unicode_ci NOT NULL,
  `nom` varchar(255) COLLATE utf8mb4_unicode_ci NOT NULL,
  `prenom` varchar(255) COLLATE utf8mb4_unicode_ci NOT NULL,
  `cin` int(11) NOT NULL,
  `genre` varchar(255) COLLATE utf8mb4_unicode_ci NOT NULL,
  `datenais` date NOT NULL,
  `villenais` varchar(255) COLLATE utf8mb4_unicode_ci NOT NULL,
  `paynais` varchar(255) COLLATE utf8mb4_unicode_ci NOT NULL,
  `dateexpcin` date NOT NULL,
  `tel` int(11) NOT NULL,
  `etat` tinyint(1) NOT NULL,
  `slug` varchar(255) COLLATE utf8mb4_unicode_ci NOT NULL,
  `carte` int(11) DEFAULT NULL
) ENGINE=InnoDB DEFAULT CHARSET=utf8mb4 COLLATE=utf8mb4_unicode_ci;

--
-- Déchargement des données de la table `entrepreneur`
--

INSERT INTO `entrepreneur` (`id`, `email`, `roles`, `password`, `nom`, `prenom`, `cin`, `genre`, `datenais`, `villenais`, `paynais`, `dateexpcin`, `tel`, `etat`, `slug`, `carte`) VALUES
(853, 'quincy.oreilly@hotmail.com', '[]', '$argon2i$v=19$m=65536,t=4,p=1$cldIeW1GVFQwa2JFTTBDUg$bURpg1Ok+U2SvSofIXJm77lyGtSb2bpiqFsI26omhf4', 'Noel Vandervort', 'McClure', 99595202, 'femme', '2021-07-30', 'Médenine', 'Tunisie', '2021-07-30', 83155700, 0, 'mcclurenoel-vandervort302409', NULL),
(854, 'bryce.abbott@yahoo.com', '[]', '$argon2i$v=19$m=65536,t=4,p=1$SmJtUjBkbzFNSFNoSG5Nag$MdY7vyRlS7Bf9PPsHrt3cbFPznXiYX53b5N4kOqy0p0', 'Bernice Johns DVM', 'Schroeder', 81697324, 'homme', '2021-07-30', 'Béja', 'Tunisie', '2021-07-30', 16102624, 0, 'schroederbernice-johns-dvm302409', NULL),
(855, 'ashlynn85@moore.com', '[]', '$argon2i$v=19$m=65536,t=4,p=1$eENUWmlITWxmSzZnNWhTaw$Tm2L4Ch39qhN1Fr3w7YGqzevClvGjPB9MXLaPfE54NM', 'Warren Lesch', 'Kassulke', 70876234, 'femme', '2021-07-30', 'Siliana', 'Tunisie', '2021-07-30', 98561353, 0, 'kassulkewarren-lesch302410', NULL),
(856, 'paige.farrell@hotmail.com', '[]', '$argon2i$v=19$m=65536,t=4,p=1$Y2NZelRJNTBReU1CUWpvOA$x1wvKWVUFZ1POGarY3aIzf7OqpFgugzW+HipU3FiaAM', 'Adonis Ruecker', 'Reinger', 96544303, 'femme', '2021-07-30', 'Béja', 'Tunisie', '2021-07-30', 99314016, 0, 'reingeradonis-ruecker302410', NULL),
(857, 'wiza.corene@yahoo.com', '[]', '$argon2i$v=19$m=65536,t=4,p=1$aENKRzNuTzJUcU91UFVzSQ$CylmvWOxu8QRXJmnIOKs4PndnXRtErviJk/Def3m7pg', 'Rowland Abbott', 'Jacobi', 77372416, 'homme', '2021-07-30', 'Manouba', 'Tunisie', '2021-07-30', 31368902, 0, 'jacobirowland-abbott302410', NULL),
(858, 'erwin50@hotmail.com', '[]', '$argon2i$v=19$m=65536,t=4,p=1$MU9jdU9HY1ZHZW5iMlMwNA$EShD+Dt4cJCFweLGsdNbmvNEVWj2SVB4l3RxROMYqAk', 'Marianna Hahn', 'Strosin', 68110919, 'homme', '2021-07-30', 'Siliana', 'Tunisie', '2021-07-30', 86929497, 0, 'strosinmarianna-hahn302410', NULL),
(859, 'weston.swaniawski@yahoo.com', '[]', '$argon2i$v=19$m=65536,t=4,p=1$Y09CbUZDZkQ5SjBZN2NybQ$A9ttzjNRplnmCr0uc1cQfRRHv3gURnbyVNH6bBxLCm4', 'Mrs. Pauline Dibbert V', 'Waters', 87126537, 'homme', '2021-07-30', 'Kef', 'Tunisie', '2021-07-30', 97045735, 0, 'watersmrs-pauline-dibbert-v302410', NULL),
(860, 'anya33@conn.net', '[]', '$argon2i$v=19$m=65536,t=4,p=1$b1dpMURUT3lOaVhiemZObA$Bx5cjfUina/ZeuzIRgxV6tnOPonhMCQxWsu9WEIgZCk', 'Dewitt Runte', 'Wyman', 96581228, 'femme', '2021-07-30', 'Tunis', 'Tunisie', '2021-07-30', 89352581, 0, 'wymandewitt-runte302411', NULL),
(861, 'ansel.grant@windler.com', '[]', '$argon2i$v=19$m=65536,t=4,p=1$UWdWTHB3c0l3S05mTUExSQ$J/HSJ5u+MycEPpZYPfNp1Q8jfWXHapvUk16O/XwZmRU', 'Daren Pouros', 'Hermiston', 74358560, 'femme', '2021-07-30', 'Tataouine', 'Tunisie', '2021-07-30', 41520806, 0, 'hermistondaren-pouros302411', NULL),
(862, 'susie13@weimann.com', '[]', '$argon2i$v=19$m=65536,t=4,p=1$aVBXVXlZUHlmc1F0V2lsWQ$skuxrFaEOuksdO9VGIIw2vGtysgDtAUvv9ib3aKUE/U', 'Astrid Dietrich Sr.', 'Hickle', 12961502, 'homme', '2021-07-30', 'Médenine', 'Tunisie', '2021-07-30', 87798123, 0, 'hickleastrid-dietrich-sr-302411', NULL),
(863, 'gay83@bogan.net', '[]', '$argon2i$v=19$m=65536,t=4,p=1$SC8ySVRoUG1BSC9RV0FULw$pbsMXQvFoDU5Ww4k2SbsYtfx+Av9peOXw00e5g5cVuw', 'Francesca Dare', 'Conroy', 44171794, 'femme', '2021-07-30', 'Manouba', 'Tunisie', '2021-07-30', 67369828, 0, 'conroyfrancesca-dare302411', NULL);

-- --------------------------------------------------------

--
-- Structure de la table `facture`
--

CREATE TABLE `facture` (
  `id` int(11) NOT NULL,
  `entrepreneur_id` int(11) DEFAULT NULL,
  `client` varchar(255) COLLATE utf8mb4_unicode_ci NOT NULL,
  `date_fact` date NOT NULL,
  `mf` varchar(255) COLLATE utf8mb4_unicode_ci DEFAULT NULL,
  `prix_ttc` double NOT NULL,
  `prix_ht` double NOT NULL,
  `tva` double NOT NULL,
  `ref` varchar(255) COLLATE utf8mb4_unicode_ci NOT NULL,
  `type` varchar(255) COLLATE utf8mb4_unicode_ci NOT NULL
) ENGINE=InnoDB DEFAULT CHARSET=utf8mb4 COLLATE=utf8mb4_unicode_ci;

--
-- Déchargement des données de la table `facture`
--

INSERT INTO `facture` (`id`, `entrepreneur_id`, `client`, `date_fact`, `mf`, `prix_ttc`, `prix_ht`, `tva`, `ref`, `type`) VALUES
(10363, 853, 'Christian Vandervort Abernathy', '2021-07-30', '4898787355804', 4367746890.879, 4082006440.0738, 7, 'Dev-610346a978e20', 'devis'),
(10364, 853, 'Abner Watsica Lehner', '2021-07-30', '4145583932402', 4456413886.436, 4164872791.0617, 7, 'Dev-610346a978f35', 'devis'),
(10365, 853, 'Brycen Larson Lemke', '2021-07-30', '4927773633494', 9687394361.804, 9053639590.471, 7, 'Dev-610346a979073', 'devis'),
(10366, 853, 'Sophie Halvorson DDS Murphy', '2021-07-30', '5640123048432', 9854696521.403, 9209996748.9748, 7, 'Fac-610346a979187', 'facture'),
(10367, 853, 'Delbert Larson Waters', '2021-07-30', '4513653920473', 17343062662.853, 16208469778.367, 7, 'Dev-610346a979284', 'devis'),
(10368, 853, 'Natasha Dach Cassin', '2021-07-30', '7616245382349', 27942820963.065, 26114785946.79, 7, 'Dev-610346a97935d', 'devis'),
(10369, 853, 'Elva Hermann Lesch', '2021-07-30', '6347528697683', 28683735759.921, 26807229682.169, 7, 'Dev-610346a97943f', 'devis'),
(10370, 853, 'Miss Effie Corwin Jr. Glover', '2021-07-30', '3217254825885', 29886834213.909, 27931620760.663, 7, 'Fac-610346a979570', 'facture'),
(10371, 853, 'Adrain Schaden Flatley', '2021-07-30', '5072076100217', 34629379427.793, 32363906007.283, 7, 'Dev-610346a9796a8', 'devis'),
(10372, 853, 'Lesly Kilback Bailey', '2021-07-30', '4016121691610', 38326588367.455, 35819241464.911, 7, 'Dev-610346a9797d5', 'devis'),
(10373, 853, 'Miss Zella Hayes Gutmann', '2021-07-30', '1769691089785', 41550367073.378, 38832118760.166, 7, 'Dev-610346a979918', 'devis'),
(10374, 853, 'Lulu Ratke Schulist', '2021-07-30', '8358516136198', 41599102294.188, 38877665695.503, 7, 'Dev-610346a979a23', 'devis'),
(10375, 853, 'Ottis Huel Mitchell', '2021-07-30', '2829789765102', 45124127002.294, 42172081310.555, 7, 'Fac-610346a979af8', 'facture'),
(10376, 853, 'Cesar Hyatt Ziemann', '2021-07-30', '2937549840287', 52417489114.882, 48988307584.002, 7, 'Fac-610346a979c11', 'facture'),
(10377, 853, 'Nya Haag V Bruen', '2021-07-30', '9372836544005', 52490680696.395, 49056710931.21, 7, 'Dev-610346a979d13', 'devis'),
(10378, 853, 'Keanu Bahringer Maggio', '2021-07-30', '8762664283008', 52829821825.421, 49373665257.403, 7, 'Fac-610346a979dda', 'facture'),
(10379, 853, 'Guillermo Rowe Harber', '2021-07-30', '9546383235376', 53728654999.2, 50213696260.935, 7, 'Fac-610346a979ec8', 'facture'),
(10380, 853, 'Skyla Goodwin Christiansen', '2021-07-30', '5327015246069', 54312167404.923, 50759034957.872, 7, 'Fac-610346a979f9c', 'facture'),
(10381, 853, 'Diana Kessler Doyle', '2021-07-30', '6068490860188', 59869175772.768, 55952500722.213, 7, 'Dev-610346a97a095', 'devis'),
(10382, 853, 'Lue Dickens Lang', '2021-07-30', '2244462599018', 61835054411.815, 57789770478.332, 7, 'Fac-610346a97a1c5', 'facture'),
(10383, 853, 'Prof. Citlalli Hyatt IV Zulauf', '2021-07-30', '5695983071809', 70741253500.594, 66113321028.593, 7, 'Fac-610346a97a2a8', 'facture'),
(10384, 854, 'Maribel Shields Christiansen', '2021-07-30', '7786755107135', 4383839360.854, 4097046131.6393, 7, 'Fac-610346a9cb7a1', 'facture'),
(10385, 854, 'Ms. Joannie Stroman Homenick', '2021-07-30', '7270848307156', 7244297877.245, 6770371847.8925, 7, 'Dev-610346a9cb8a4', 'devis'),
(10386, 854, 'Mr. Devyn Jaskolski DDS Cole', '2021-07-30', '4014689249038', 7372765965.422, 6890435481.7028, 7, 'Dev-610346a9cb95c', 'devis'),
(10387, 854, 'Brook Hayes Reichel', '2021-07-30', '6918052859849', 8493904480.158, 7938228486.129, 7, 'Fac-610346a9cba57', 'facture'),
(10388, 854, 'Tatum Kiehn Rogahn', '2021-07-30', '1430812555730', 16945034870.101, 15836481187.01, 7, 'Fac-610346a9cbb57', 'facture'),
(10389, 854, 'Prof. Karen Jones IV Koch', '2021-07-30', '8452859404706', 17298018003.158, 16166371965.568, 7, 'Fac-610346a9cbc2e', 'facture'),
(10390, 854, 'Gillian Jacobi Herman', '2021-07-30', '7974693058101', 26981864716.54, 25216695996.766, 7, 'Dev-610346a9cbd38', 'devis'),
(10391, 854, 'Dr. Katlyn Schuppe Stanton', '2021-07-30', '1953207560022', 33761291384.955, 31552608770.986, 7, 'Dev-610346a9cbe0d', 'devis'),
(10392, 854, 'Dr. Thad Donnelly Watsica', '2021-07-30', '7169002801718', 35427555793.994, 33109865228.032, 7, 'Fac-610346a9cbf32', 'facture'),
(10393, 854, 'Prof. Nicholaus VonRueden Jr. Daugherty', '2021-07-30', '2608713844669', 37010894586.727, 34589621109.091, 7, 'Fac-610346a9cbffa', 'facture'),
(10394, 854, 'Wilfred Schoen Bechtelar', '2021-07-30', '1264024246939', 38111080092.595, 35617831862.238, 7, 'Fac-610346a9cc0cc', 'facture'),
(10395, 854, 'Hyman Kohler V Morar', '2021-07-30', '9878264530783', 38829394238.361, 36289153493.795, 7, 'Dev-610346a9cc1be', 'devis'),
(10396, 854, 'Elian Torp Thompson', '2021-07-30', '2404170787910', 38992947606.899, 36442007109.251, 7, 'Fac-610346a9cc268', 'facture'),
(10397, 854, 'Josh Kling II Gaylord', '2021-07-30', '0596739012891', 48526689220.711, 45352046000.664, 7, 'Fac-610346a9cc381', 'facture'),
(10398, 854, 'Ms. Madalyn Kertzmann Lemke', '2021-07-30', '6423188098456', 53207416655.052, 49726557621.544, 7, 'Fac-610346a9cc448', 'facture'),
(10399, 854, 'Lily Prohaska Rowe', '2021-07-30', '9261240839886', 60675791156.504, 56706346875.237, 7, 'Fac-610346a9cc4fa', 'facture'),
(10400, 854, 'Eli Leannon MD Leuschke', '2021-07-30', '8588187973451', 65745995537.82, 61444855642.822, 7, 'Dev-610346a9cc5fd', 'devis'),
(10401, 854, 'Prof. Barrett Bode Schaden', '2021-07-30', '1384980293454', 72454359594.937, 67714354761.623, 7, 'Dev-610346a9cc707', 'devis'),
(10402, 854, 'Alexis Mueller PhD Runte', '2021-07-30', '8672453133592', 78944126336.765, 73779557324.079, 7, 'Dev-610346a9cc7f6', 'devis'),
(10403, 854, 'Herta Marvin Harvey', '2021-07-30', '3200459101168', 80482377540.976, 75217175271.94, 7, 'Fac-610346a9cc8d6', 'facture'),
(10404, 854, 'Michele Mitchell Jr. Bogan', '2021-07-30', '3054442587633', 80913034160.656, 75619658094.071, 7, 'Fac-610346a9cc9f2', 'facture'),
(10405, 855, 'Eriberto Ziemann Howe', '2021-07-30', '3347278287281', 2387453650.561, 2231265093.9822, 7, 'Fac-610346aa1023e', 'facture'),
(10406, 855, 'Prof. Donnie Koepp PhD Greenholt', '2021-07-30', '2887993218456', 8957633100.517, 8371619720.1093, 7, 'Fac-610346aa10315', 'facture'),
(10407, 855, 'Heath Tromp Graham', '2021-07-30', '8188865120292', 9235736104.561, 8631529069.6832, 7, 'Fac-610346aa103e6', 'facture'),
(10408, 855, 'Madeline Feil Gutkowski', '2021-07-30', '4308051517703', 9697170888.095, 9062776530.9299, 7, 'Fac-610346aa104d8', 'facture'),
(10409, 855, 'Dr. Christopher Harris Hilpert', '2021-07-30', '3885078235472', 11888499650.964, 11110747337.35, 7, 'Fac-610346aa105b6', 'facture'),
(10410, 855, 'Alessandra Pollich Conn', '2021-07-30', '6706907027402', 13158244755.29, 12297425004.944, 7, 'Fac-610346aa106b9', 'facture'),
(10411, 855, 'Dr. Coty Runolfsdottir Sr. D\'Amore', '2021-07-30', '5318704264907', 13774382432.218, 12873254609.55, 7, 'Dev-610346aa107a4', 'devis'),
(10412, 855, 'Gisselle Murray Mante', '2021-07-30', '0743608898203', 17504757773.077, 16359586703.81, 7, 'Fac-610346aa10882', 'facture'),
(10413, 855, 'Kyleigh Terry Hills', '2021-07-30', '8375550514911', 23778338179.951, 22222745962.571, 7, 'Dev-610346aa10967', 'devis'),
(10414, 855, 'Dr. Russell Heaney II Oberbrunner', '2021-07-30', '0838562082949', 26388573426.699, 24662218155.793, 7, 'Dev-610346aa10a1c', 'devis'),
(10415, 855, 'Deion Simonis Connelly', '2021-07-30', '8240730824015', 33278108063.77, 31101035573.617, 7, 'Fac-610346aa10ae6', 'facture'),
(10416, 855, 'Ms. Christa Shanahan Weissnat', '2021-07-30', '6834281996196', 34416613603.483, 32165059442.507, 7, 'Dev-610346aa10bca', 'devis'),
(10417, 855, 'Monty Abshire Johnson', '2021-07-30', '2556344459809', 52808621236.823, 49353851623.199, 7, 'Dev-610346aa10cba', 'devis'),
(10418, 855, 'Lolita Williamson Ernser', '2021-07-30', '3570499991532', 54953308598.862, 51358232335.385, 7, 'Fac-610346aa10dc4', 'facture'),
(10419, 855, 'Mr. Estevan Conn Kassulke', '2021-07-30', '1508151148828', 58857526154.121, 55007033788.898, 7, 'Dev-610346aa10ebc', 'devis'),
(10420, 855, 'Alberto Zemlak Walsh', '2021-07-30', '6253064000194', 67132049818.171, 62740233474.926, 7, 'Fac-610346aa10feb', 'facture'),
(10421, 855, 'Patience Stroman Koelpin', '2021-07-30', '9352008980176', 73274983146.196, 68481292659.996, 7, 'Dev-610346aa1110c', 'devis'),
(10422, 855, 'Birdie Huels V McLaughlin', '2021-07-30', '7192576064210', 77523094791.522, 72451490459.366, 7, 'Fac-610346aa111fa', 'facture'),
(10423, 855, 'Prof. Veronica Borer MD Weber', '2021-07-30', '5822755492139', 84255755797.143, 78743697006.676, 7, 'Dev-610346aa112f9', 'devis'),
(10424, 855, 'Dr. Ramon Berge MD Sauer', '2021-07-30', '9443022920603', 87572482612.031, 81843441693.487, 7, 'Fac-610346aa113f8', 'facture'),
(10425, 855, 'Prof. Kitty Johnston Fadel', '2021-07-30', '0876996043174', 94120342577.29, 87962936988.121, 7, 'Dev-610346aa114cc', 'devis'),
(10426, 856, 'Ashly Leuschke Murazik', '2021-07-30', '5886500881609', 1308721532.775, 1223104236.2383, 7, 'Fac-610346aa49488', 'facture'),
(10427, 856, 'Jordy Erdman Pouros', '2021-07-30', '8385092117808', 5771143348.114, 5393591914.1252, 7, 'Fac-610346aa49580', 'facture'),
(10428, 856, 'Juanita Schowalter Schumm', '2021-07-30', '1294557432431', 7258137786.181, 6783306342.2252, 7, 'Dev-610346aa49691', 'devis'),
(10429, 856, 'Prof. Imani Hessel Boyer', '2021-07-30', '5528930065098', 7577270014.061, 7081560760.8047, 7, 'Fac-610346aa4976c', 'facture'),
(10430, 856, 'Jensen Padberg V Schmitt', '2021-07-30', '3725847214652', 7682403336.086, 7179816201.9495, 7, 'Fac-610346aa49879', 'facture'),
(10431, 856, 'Dolly Davis Metz', '2021-07-30', '7036661319239', 8124473051.095, 7592965468.3131, 7, 'Fac-610346aa4994d', 'facture'),
(10432, 856, 'Brain Bahringer O\'Kon', '2021-07-30', '9245564436723', 14167842935.51, 13240974706.084, 7, 'Fac-610346aa49a2b', 'facture'),
(10433, 856, 'Trent Shanahan Kihn', '2021-07-30', '6693996837442', 16123293481.332, 15068498580.684, 7, 'Dev-610346aa49b09', 'devis'),
(10434, 856, 'Bridget Murazik Schuster', '2021-07-30', '9811852905020', 16263381146.057, 15199421631.829, 7, 'Dev-610346aa49c23', 'devis'),
(10435, 856, 'Carley Ullrich Konopelski', '2021-07-30', '9437054255734', 19312711169.063, 18049262774.825, 7, 'Fac-610346aa49d12', 'facture'),
(10436, 856, 'Calista Jacobson Walker', '2021-07-30', '8413806008828', 27770586026.828, 25953818716.662, 7, 'Fac-610346aa49e12', 'facture'),
(10437, 856, 'David O\'Keefe Hartmann', '2021-07-30', '1713393797868', 32968631735.565, 30811805360.341, 7, 'Dev-610346aa49f16', 'devis'),
(10438, 856, 'Jesus Spencer Harvey', '2021-07-30', '2319974325612', 36920765326.171, 34505388155.3, 7, 'Fac-610346aa4a016', 'facture'),
(10439, 856, 'Kennedi Roberts Moore', '2021-07-30', '1589462203161', 40543829638.009, 37891429568.233, 7, 'Fac-610346aa4a110', 'facture'),
(10440, 856, 'Dr. Orlo Toy DVM Reichert', '2021-07-30', '8633053746568', 40685074704.711, 38023434303.468, 7, 'Fac-610346aa4a1ff', 'facture'),
(10441, 856, 'Mrs. Henriette Harber PhD Goyette', '2021-07-30', '8603826108275', 46594428830.116, 43546195168.333, 7, 'Dev-610346aa4a314', 'devis'),
(10442, 856, 'Nora Purdy Wisozk', '2021-07-30', '2987820212401', 51077260096.132, 47735757099.189, 7, 'Fac-610346aa4a43e', 'facture'),
(10443, 856, 'Brenden Hills Kuhic', '2021-07-30', '6422248934178', 52452808470.058, 49021316327.157, 7, 'Fac-610346aa4a52c', 'facture'),
(10444, 856, 'Melisa Dickinson Mueller', '2021-07-30', '1198504927349', 53031114444.458, 49561789200.428, 7, 'Fac-610346aa4a5fd', 'facture'),
(10445, 856, 'Rudy Witting Larkin', '2021-07-30', '8328885563277', 53474750997.738, 49976402801.624, 7, 'Dev-610346aa4a6dc', 'devis'),
(10446, 856, 'Dallin Klein Feeney', '2021-07-30', '0725083105878', 55578951003.135, 51942944862.743, 7, 'Fac-610346aa4a7f5', 'facture'),
(10447, 857, 'Dr. Brendan Rutherford III Goodwin', '2021-07-30', '5733963706225', 157177297.758, 146894670.80187, 7, 'Fac-610346aa8261b', 'facture'),
(10448, 857, 'Dr. Melvin Fahey II Towne', '2021-07-30', '1017747684850', 2626762498.102, 2454918222.5252, 7, 'Dev-610346aa8273a', 'devis'),
(10449, 857, 'Dr. Yasmine Wiza III Leannon', '2021-07-30', '9394252759351', 3631417972.014, 3393848571.9757, 7, 'Dev-610346aa82852', 'devis'),
(10450, 857, 'Keara Oberbrunner Dickinson', '2021-07-30', '6822250737970', 4638733224.845, 4335264696.1168, 7, 'Dev-610346aa82962', 'devis'),
(10451, 857, 'Lily Schneider Kessler', '2021-07-30', '2973270333438', 11782677205.864, 11011847855.948, 7, 'Dev-610346aa82a6c', 'devis'),
(10452, 857, 'Miss Verna Gorczany Tremblay', '2021-07-30', '8369888765312', 23497431131.796, 21960216011.024, 7, 'Fac-610346aa82b7b', 'facture'),
(10453, 857, 'Rita Lang Kshlerin', '2021-07-30', '6320609543123', 27664185165.09, 25854378658.963, 7, 'Dev-610346aa82c50', 'devis'),
(10454, 857, 'Prof. Damion Toy Wehner', '2021-07-30', '3971449873562', 33492204882.937, 31301126058.82, 7, 'Fac-610346aa82d31', 'facture'),
(10455, 857, 'Hans Hills Trantow', '2021-07-30', '3448283451664', 33631815517.285, 31431603287.182, 7, 'Fac-610346aa82e20', 'facture'),
(10456, 857, 'Rosamond Bartoletti Monahan', '2021-07-30', '3070291877763', 35616866582.64, 33286791198.729, 7, 'Fac-610346aa82efe', 'facture'),
(10457, 857, 'Duncan Olson Kovacek', '2021-07-30', '4632308836652', 37629293728.558, 35167564232.297, 7, 'Dev-610346aa8303e', 'devis'),
(10458, 857, 'America Powlowski Hill', '2021-07-30', '7551146421882', 38169595079.211, 35672518765.618, 7, 'Fac-610346aa83137', 'facture'),
(10459, 857, 'Devonte Waelchi Spencer', '2021-07-30', '9114847415291', 43661123332.856, 40804788161.548, 7, 'Fac-610346aa8321e', 'facture'),
(10460, 857, 'Rogelio Labadie Wolf', '2021-07-30', '7958103057441', 48051715443.076, 44908145273.903, 7, 'Fac-610346aa83358', 'facture'),
(10461, 857, 'Moises Haag Cormier', '2021-07-30', '4572440039873', 53240608379.206, 49757577924.492, 7, 'Fac-610346aa83406', 'facture'),
(10462, 857, 'Shirley Littel Towne', '2021-07-30', '5212420491008', 55097664489.045, 51493144382.285, 7, 'Fac-610346aa8350b', 'facture'),
(10463, 857, 'Gilberto Kessler Kertzmann', '2021-07-30', '6321905298809', 55555990026.903, 51921486006.451, 7, 'Fac-610346aa83615', 'facture'),
(10464, 857, 'Mr. Eduardo Streich Wintheiser', '2021-07-30', '5810191144804', 55999647152.767, 52336118834.362, 7, 'Fac-610346aa836f3', 'facture'),
(10465, 857, 'Elton Hintz Hahn', '2021-07-30', '9028504142768', 58746096663.158, 54902894077.718, 7, 'Fac-610346aa83817', 'facture'),
(10466, 857, 'Ellsworth Senger Schmitt', '2021-07-30', '8774981780382', 59752099233.617, 55843083395.904, 7, 'Fac-610346aa838f9', 'facture'),
(10467, 857, 'Ms. Arvilla Hansen Kuhic', '2021-07-30', '8607156426276', 65860041121.623, 61551440300.582, 7, 'Fac-610346aa839e7', 'facture'),
(10468, 858, 'Kirsten Frami Beatty', '2021-07-30', '6124100491590', 1706410989.565, 1594776625.7617, 7, 'Dev-610346aabb9a2', 'devis'),
(10469, 858, 'Prof. Hortense Beer Zboncak', '2021-07-30', '2612446641037', 2116589213.21, 1978120760.0093, 7, 'Fac-610346aabbabb', 'facture'),
(10470, 858, 'Mr. Carmel Jacobs II Moen', '2021-07-30', '8861591855217', 6422530446.906, 6002364903.6505, 7, 'Fac-610346aabbbb7', 'facture'),
(10471, 858, 'Vernie Mraz Harris', '2021-07-30', '5411736826621', 6457882684.265, 6035404377.8178, 7, 'Fac-610346aabbc9a', 'facture'),
(10472, 858, 'Carmel Wolf Wisozk', '2021-07-30', '7881622993061', 10448635914.603, 9765080294.0215, 7, 'Fac-610346aabbd63', 'facture'),
(10473, 858, 'Catherine Schumm PhD Hand', '2021-07-30', '7416449159323', 10590187370.707, 9897371374.4925, 7, 'Fac-610346aabbe39', 'facture'),
(10474, 858, 'Jonatan Ankunding PhD Nicolas', '2021-07-30', '7685120123841', 12188252002.304, 11390889721.779, 7, 'Dev-610346aabbf2f', 'devis'),
(10475, 858, 'Jermey Swaniawski Jerde', '2021-07-30', '9940416100790', 13188723593.251, 12325909900.235, 7, 'Fac-610346aabc008', 'facture'),
(10476, 858, 'Dorothy Walker Wunsch', '2021-07-30', '0339512078161', 16069285319.971, 15018023663.524, 7, 'Dev-610346aabc107', 'devis'),
(10477, 858, 'Phoebe Batz Marvin', '2021-07-30', '0589993819818', 16358043015.792, 15287890668.964, 7, 'Fac-610346aabc1cf', 'facture'),
(10478, 858, 'Kenton White Willms', '2021-07-30', '5255238557184', 23835669943.535, 22276327050.033, 7, 'Fac-610346aabc2eb', 'facture'),
(10479, 858, 'Prof. Kara Bradtke Dickinson', '2021-07-30', '0861253033142', 30497474688.683, 28502312793.162, 7, 'Fac-610346aabc3c1', 'facture'),
(10480, 858, 'Newton Nicolas MD Steuber', '2021-07-30', '2584564479796', 36477265764.814, 34090902583.938, 7, 'Fac-610346aabc4d8', 'facture'),
(10481, 858, 'Prof. Nora Hettinger Pfeffer', '2021-07-30', '0849028934269', 38546529666.836, 36024794081.155, 7, 'Dev-610346aabc5b0', 'devis'),
(10482, 858, 'Prof. Kira Sauer Jenkins', '2021-07-30', '0404618729405', 40802032129.957, 38132740308.371, 7, 'Dev-610346aabc6ab', 'devis'),
(10483, 858, 'Prof. Benedict Wisozk I Durgan', '2021-07-30', '4795389821112', 44021794558.963, 41141864073.797, 7, 'Fac-610346aabc7f5', 'facture'),
(10484, 858, 'Dakota Ruecker Sr. Auer', '2021-07-30', '3713980496981', 45289194581.812, 42326350076.46, 7, 'Fac-610346aabc8ca', 'facture'),
(10485, 858, 'Prof. April DuBuque Schamberger', '2021-07-30', '1663608344557', 54203097827.986, 50657100773.819, 7, 'Fac-610346aabc990', 'facture'),
(10486, 858, 'Elsie Huel O\'Keefe', '2021-07-30', '5225031249616', 60059247655.668, 56130137995.951, 7, 'Dev-610346aabcab9', 'devis'),
(10487, 858, 'Miss Jazlyn Hahn Nienow', '2021-07-30', '6233624206792', 68766320744.809, 64267589481.13, 7, 'Dev-610346aabcb8e', 'devis'),
(10488, 858, 'Eloisa Monahan Jr. Veum', '2021-07-30', '9882716510933', 71995852222.036, 67285843198.164, 7, 'Dev-610346aabcc54', 'devis'),
(10489, 859, 'Ms. Lizzie Rath Block', '2021-07-30', '1126051047869', 1462544607.704, 1366864119.3495, 7, 'Dev-610346aaf3c61', 'devis'),
(10490, 859, 'Monique O\'Hara Bartoletti', '2021-07-30', '3353565864134', 1870017460, 1747679869.1589, 7, 'Fac-610346aaf3d28', 'facture'),
(10491, 859, 'Ryann Upton Kerluke', '2021-07-30', '8440130916017', 3207770190.808, 2997916066.1757, 7, 'Dev-610346aaf3e27', 'devis'),
(10492, 859, 'Brook Wolff IV Reichert', '2021-07-30', '8579669830003', 9659677050.266, 9027735560.9963, 7, 'Fac-610346aaf3f2e', 'facture'),
(10493, 859, 'Evie Hagenes III Vandervort', '2021-07-30', '5681350005317', 12051211478.903, 11262814466.264, 7, 'Fac-610346aaf402c', 'facture'),
(10494, 859, 'Gennaro Cremin IV Hauck', '2021-07-30', '9641212783476', 17090598123.249, 15972521610.513, 7, 'Fac-610346aaf4145', 'facture'),
(10495, 859, 'Kraig Okuneva Nader', '2021-07-30', '8107610495249', 21473256624.117, 20068464134.689, 7, 'Fac-610346aaf4228', 'facture'),
(10496, 859, 'Dr. Magnus Bode DVM Lueilwitz', '2021-07-30', '9713694073724', 23048677446.747, 21540820043.689, 7, 'Fac-610346ab00133', 'facture'),
(10497, 859, 'Dorothy Heller Corkery', '2021-07-30', '2378787566827', 25547283096.788, 23875965511.017, 7, 'Dev-610346ab0022d', 'devis'),
(10498, 859, 'Michaela Dickinson Bogisich', '2021-07-30', '2920606695210', 28270542393.662, 26421067657.628, 7, 'Dev-610346ab00319', 'devis'),
(10499, 859, 'Georgiana Hermann Von', '2021-07-30', '1668394032923', 29047587941.711, 27147278450.197, 7, 'Fac-610346ab003ed', 'facture'),
(10500, 859, 'Joannie Oberbrunner Sr. Heathcote', '2021-07-30', '2752061005286', 37190039122.993, 34757045909.339, 7, 'Dev-610346ab0055c', 'devis'),
(10501, 859, 'Douglas O\'Connell Prohaska', '2021-07-30', '3277965829152', 37202085480.931, 34768304187.786, 7, 'Dev-610346ab00639', 'devis'),
(10502, 859, 'Rahul Murray Bednar', '2021-07-30', '1264836077394', 38204994203.482, 35705602059.329, 7, 'Fac-610346ab006fd', 'facture'),
(10503, 859, 'Elinore Boehm Stoltenberg', '2021-07-30', '6388411819645', 38618537697.792, 36092091306.348, 7, 'Fac-610346ab007b6', 'facture'),
(10504, 859, 'Dr. Keshaun Monahan I Treutel', '2021-07-30', '6439865496545', 39069280819.509, 36513346560.289, 7, 'Fac-610346ab008b7', 'facture'),
(10505, 859, 'Dr. Jarod Walsh MD Hackett', '2021-07-30', '0609536302819', 40361179747.045, 37720728735.556, 7, 'Dev-610346ab00997', 'devis'),
(10506, 859, 'Clark Wiegand Cruickshank', '2021-07-30', '0834371097334', 40884370490.338, 38209692047.045, 7, 'Dev-610346ab00a82', 'devis'),
(10507, 859, 'Dr. Jayde Bauch DVM Gutmann', '2021-07-30', '7491429704007', 44415181810.023, 41509515710.302, 7, 'Dev-610346ab00bab', 'devis'),
(10508, 859, 'Matteo Hamill Hoppe', '2021-07-30', '2586158434013', 53120960175.433, 49645757173.302, 7, 'Fac-610346ab00cc4', 'facture'),
(10509, 859, 'Berta Doyle Ernser', '2021-07-30', '2987097389417', 53682700295.345, 50170747939.575, 7, 'Dev-610346ab00d8b', 'devis'),
(10510, 860, 'Prof. Kian Rogahn DVM Windler', '2021-07-30', '7242974299629', 8025272295.498, 7500254481.7738, 7, 'Fac-610346ab38ca1', 'facture'),
(10511, 860, 'Hettie Grimes Halvorson', '2021-07-30', '8282582184527', 8981500214.146, 8393925433.7813, 7, 'Dev-610346ab38d73', 'devis'),
(10512, 860, 'Dr. Aniyah Bernier Jr. White', '2021-07-30', '4488747350873', 12110853465.852, 11318554640.983, 7, 'Fac-610346ab38e5d', 'facture'),
(10513, 860, 'Dr. Mercedes Ledner I Lehner', '2021-07-30', '9866124120038', 20535814851.063, 19192350328.096, 7, 'Dev-610346ab38f42', 'devis'),
(10514, 860, 'Miss Aniya Hahn PhD Dickens', '2021-07-30', '7123553929277', 22283233560.418, 20825451925.624, 7, 'Fac-610346ab3909e', 'facture'),
(10515, 860, 'Althea Bode I Mohr', '2021-07-30', '2461953701181', 24718476954.435, 23101380331.248, 7, 'Fac-610346ab39191', 'facture'),
(10516, 860, 'Shanna Herzog Murphy', '2021-07-30', '3384125047407', 25375779928.761, 23715682176.412, 7, 'Dev-610346ab39259', 'devis'),
(10517, 860, 'Orion Mraz IV Hintz', '2021-07-30', '7367219976490', 26180453036.362, 24467713118.095, 7, 'Fac-610346ab39348', 'facture'),
(10518, 860, 'Prof. Arnold Murray III Walter', '2021-07-30', '6069329069260', 26999578253.136, 25233250703.865, 7, 'Fac-610346ab39461', 'facture'),
(10519, 860, 'Karolann Kshlerin PhD Windler', '2021-07-30', '8728937972802', 31546295951.544, 29482519580.882, 7, 'Fac-610346ab39535', 'facture'),
(10520, 860, 'Mr. Madisen Bechtelar Koss', '2021-07-30', '3785167419571', 34353187177.098, 32105782408.503, 7, 'Fac-610346ab39627', 'facture'),
(10521, 860, 'Lupe Wisozk Breitenberg', '2021-07-30', '8351340924436', 36920212438.803, 34504871438.134, 7, 'Fac-610346ab39737', 'facture'),
(10522, 860, 'Jonathan Lemke Raynor', '2021-07-30', '5270858246089', 39181172600.371, 36617918318.104, 7, 'Fac-610346ab39831', 'facture'),
(10523, 860, 'Krystal Towne III Abbott', '2021-07-30', '4068104086951', 47031689443.108, 43954849946.83, 7, 'Fac-610346ab39922', 'facture'),
(10524, 860, 'Jameson Orn Goldner', '2021-07-30', '4692584501552', 53276419172.587, 49791045955.689, 7, 'Fac-610346ab39a2c', 'facture'),
(10525, 860, 'Griffin Jones Zemlak', '2021-07-30', '8586044714087', 56465561745.507, 52771553033.184, 7, 'Fac-610346ab39b4c', 'facture'),
(10526, 860, 'Adelle Stamm Crooks', '2021-07-30', '8517149031885', 57529307314.614, 53765707770.667, 7, 'Dev-610346ab39c62', 'devis'),
(10527, 860, 'Dr. Isaias Lemke Wisozk', '2021-07-30', '4985694275650', 58142551866.264, 54338833519.873, 7, 'Fac-610346ab39d49', 'facture'),
(10528, 860, 'Bridie Block Sawayn', '2021-07-30', '9646364530633', 59011939382.069, 55151345216.887, 7, 'Fac-610346ab39e1c', 'facture'),
(10529, 860, 'Dr. Ansley Skiles Tillman', '2021-07-30', '0793444771765', 60072860013.039, 56142859825.27, 7, 'Dev-610346ab39ee5', 'devis'),
(10530, 860, 'Kane Beahan Emard', '2021-07-30', '5020174629352', 70682303020.536, 66058227121.996, 7, 'Dev-610346ab3a01a', 'devis'),
(10531, 861, 'Elnora Moen Walker', '2021-07-30', '9082872439905', 161059302.291, 150522712.4215, 7, 'Dev-610346ab71968', 'devis'),
(10532, 861, 'Dr. Alessandra Swaniawski MD Stehr', '2021-07-30', '3806098945745', 386537724.559, 361250209.86822, 7, 'Fac-610346ab71a31', 'facture'),
(10533, 861, 'Forest Larson Ondricka', '2021-07-30', '6962881161352', 1710959590.625, 1599027654.7897, 7, 'Fac-610346ab71b14', 'facture'),
(10534, 861, 'Enrico Howell Hills', '2021-07-30', '7404796288612', 4739396416.502, 4429342445.329, 7, 'Dev-610346ab71c26', 'devis'),
(10535, 861, 'Dion Torphy Goodwin', '2021-07-30', '5842824674877', 4891447135.466, 4571445920.9963, 7, 'Fac-610346ab71ce4', 'facture'),
(10536, 861, 'Lafayette Gutmann MD West', '2021-07-30', '2274381131631', 5821075204.853, 5440257200.7972, 7, 'Dev-610346ab71dda', 'devis'),
(10537, 861, 'Casandra Greenholt MD Tillman', '2021-07-30', '7875706397852', 6129833500.043, 5728816355.1804, 7, 'Fac-610346ab71e8d', 'facture'),
(10538, 861, 'Hope Zboncak III Prohaska', '2021-07-30', '5254129549499', 8943206843.481, 8358137236.8981, 7, 'Fac-610346ab71f6d', 'facture'),
(10539, 861, 'Kyleigh Rutherford Metz', '2021-07-30', '2870722560674', 9202691247.824, 8600646026.0037, 7, 'Dev-610346ab72070', 'devis'),
(10540, 861, 'Mr. Darrion Kunze V Gaylord', '2021-07-30', '8661237020708', 18606829859.326, 17389560616.193, 7, 'Dev-610346ab72154', 'devis'),
(10541, 861, 'Loma Rippin Jr. Ritchie', '2021-07-30', '9824570196052', 20156074544.967, 18837452845.764, 7, 'Dev-610346ab7222a', 'devis'),
(10542, 861, 'Alexzander Frami Hammes', '2021-07-30', '5797634878499', 21950189293.615, 20514195601.509, 7, 'Fac-610346ab722fd', 'facture'),
(10543, 861, 'Dr. Marcos Gleason Jakubowski', '2021-07-30', '9439798978627', 22267985819.548, 20811201700.512, 7, 'Fac-610346ab7241c', 'facture'),
(10544, 861, 'Libby Marquardt MD Bahringer', '2021-07-30', '9154060828072', 34805070070.566, 32528102869.688, 7, 'Fac-610346ab72509', 'facture'),
(10545, 861, 'Maia Braun Marks', '2021-07-30', '7467205792117', 40142439533.623, 37516298629.554, 7, 'Fac-610346ab725ff', 'facture'),
(10546, 861, 'Howard O\'Hara Adams', '2021-07-30', '7755557509645', 44655719370.07, 41734317168.29, 7, 'Fac-610346ab726dd', 'facture'),
(10547, 861, 'Mr. Kim Bauch Jr. Steuber', '2021-07-30', '1918299216646', 48635334975.875, 45453584089.603, 7, 'Dev-610346ab727f1', 'devis'),
(10548, 861, 'Vivianne Eichmann I Little', '2021-07-30', '4067838001445', 52427893844.56, 48998031630.43, 7, 'Dev-610346ab7292b', 'devis'),
(10549, 861, 'Cleve Ullrich Stroman', '2021-07-30', '9187702896061', 66928528922.88, 62550027030.729, 7, 'Fac-610346ab72a3b', 'facture'),
(10550, 861, 'Dr. Abel Hettinger Raynor', '2021-07-30', '9724253541363', 72083922027.362, 67368151427.441, 7, 'Dev-610346ab72b9b', 'devis'),
(10551, 861, 'Andy Leffler Schuppe', '2021-07-30', '8390922241554', 72678413992.105, 67923751394.491, 7, 'Dev-610346ab72cb4', 'devis'),
(10552, 862, 'Domenica McCullough Bayer', '2021-07-30', '8944200389669', 8040276887.019, 7514277464.5037, 7, 'Fac-610346abaacf9', 'facture'),
(10553, 862, 'Hollis Skiles Barton', '2021-07-30', '1531362159192', 10501792285.885, 9814759145.6869, 7, 'Fac-610346abaae0e', 'facture'),
(10554, 862, 'Rodrigo Hintz Koelpin', '2021-07-30', '4714951663936', 15479565772.279, 14466883899.326, 7, 'Dev-610346abaaf1b', 'devis'),
(10555, 862, 'Mr. Leo Stehr Kunde', '2021-07-30', '0241261470366', 15751201430.505, 14720749000.472, 7, 'Dev-610346abab032', 'devis'),
(10556, 862, 'Prof. Allene Konopelski Veum', '2021-07-30', '0056571935760', 22232380832.058, 20777926011.269, 7, 'Dev-610346abab125', 'devis'),
(10557, 862, 'Ms. Nona Yundt McLaughlin', '2021-07-30', '1865137833940', 22577822669.113, 21100768849.638, 7, 'Dev-610346abab1f0', 'devis'),
(10558, 862, 'Stacey Okuneva Welch', '2021-07-30', '8224057731294', 22919278852.603, 21419886778.134, 7, 'Fac-610346abab2d7', 'facture'),
(10559, 862, 'Watson Upton Oberbrunner', '2021-07-30', '7577906876945', 26505237245.814, 24771249762.443, 7, 'Dev-610346abab412', 'devis'),
(10560, 862, 'Alexie Hagenes Schinner', '2021-07-30', '6654422090534', 31681655354.66, 29609023695.944, 7, 'Dev-610346abab4db', 'devis'),
(10561, 862, 'Dr. Josephine Wehner Daugherty', '2021-07-30', '4389589504588', 32129691288.274, 30027748867.546, 7, 'Dev-610346abab5a1', 'devis'),
(10562, 862, 'Mr. Guillermo Ryan IV Kerluke', '2021-07-30', '4895953173088', 32834143885.96, 30686115781.271, 7, 'Fac-610346abab6ab', 'facture'),
(10563, 862, 'Myah Klocko Haag', '2021-07-30', '0014142612540', 35789367583.259, 33448007087.158, 7, 'Fac-610346abab7f4', 'facture'),
(10564, 862, 'Fatima Reinger McDermott', '2021-07-30', '2802136263506', 39491551388.427, 36907991951.801, 7, 'Fac-610346abab8c9', 'facture'),
(10565, 862, 'Dr. Mason Veum Jr. Wilderman', '2021-07-30', '3526775319286', 40114325654.64, 37490023976.299, 7, 'Fac-610346abab9cc', 'facture'),
(10566, 862, 'Elody Stanton Crooks', '2021-07-30', '2878506719461', 45179210167.145, 42223560903.874, 7, 'Fac-610346ababa9d', 'facture'),
(10567, 862, 'Haylee Mraz Bruen', '2021-07-30', '5499494862204', 46051478766.91, 43038765202.72, 7, 'Fac-610346ababb7b', 'facture'),
(10568, 862, 'Mabel McKenzie Rutherford', '2021-07-30', '5086378149577', 48936233581.611, 45734797739.823, 7, 'Fac-610346ababc43', 'facture'),
(10569, 862, 'Davonte Schneider Hyatt', '2021-07-30', '2966368418353', 55576518937.403, 51940671904.115, 7, 'Dev-610346ababd3a', 'devis'),
(10570, 862, 'Mrs. Madie Schoen Marks', '2021-07-30', '0904584215891', 58532280570.227, 54703065953.483, 7, 'Dev-610346ababe27', 'devis'),
(10571, 862, 'Tess Pouros Schinner', '2021-07-30', '1708750361646', 60551918610.124, 56590578140.303, 7, 'Dev-610346ababf47', 'devis'),
(10572, 862, 'Helen Johns IV McKenzie', '2021-07-30', '0782502095882', 60557482387.85, 56595777932.57, 7, 'Fac-610346abac002', 'facture'),
(10573, 863, 'Miss Alayna Hayes I Stracke', '2021-07-30', '3246589036765', 2801946865.173, 2618641930.0682, 7, 'Dev-610346abe2d0c', 'devis'),
(10574, 863, 'Miss Cindy Parker III Leannon', '2021-07-30', '7836426657275', 2828115843.212, 2643098918.8897, 7, 'Dev-610346abe2dec', 'devis'),
(10575, 863, 'Alejandrin Schultz Jr. Farrell', '2021-07-30', '0315862318331', 7660422600.024, 7159273457.9664, 7, 'Dev-610346abe2ec7', 'devis'),
(10576, 863, 'Kaitlyn Brekke Turcotte', '2021-07-30', '0408966186347', 7836617674.927, 7323941752.2682, 7, 'Dev-610346abe2ff4', 'devis'),
(10577, 863, 'Greta Wisoky Gleason', '2021-07-30', '6603132040261', 10238587141.669, 9568773029.5972, 7, 'Dev-610346abe30ea', 'devis'),
(10578, 863, 'Felipa Bashirian Larkin', '2021-07-30', '4773285727226', 13592899542.338, 12703644432.092, 7, 'Dev-610346abe3199', 'devis'),
(10579, 863, 'Alysson Padberg Ebert', '2021-07-30', '6978585146090', 21271770281.382, 19880159141.479, 7, 'Fac-610346abe3262', 'facture'),
(10580, 863, 'Sasha Feil Robel', '2021-07-30', '0956776880172', 27251236299.086, 25468445139.333, 7, 'Dev-610346abe339a', 'devis'),
(10581, 863, 'Elmira Emard Strosin', '2021-07-30', '8583054364097', 28477529338.551, 26614513400.515, 7, 'Fac-610346abe349d', 'facture'),
(10582, 863, 'Kyleigh Ebert DVM Dooley', '2021-07-30', '2431412193628', 28481154204.337, 26617901125.549, 7, 'Dev-610346abe355b', 'devis'),
(10583, 863, 'Bianka Rohan Heaney', '2021-07-30', '2522406402250', 29248868185.8, 27335390827.85, 7, 'Fac-610346abe362d', 'facture'),
(10584, 863, 'Dr. Nelda Carroll MD Konopelski', '2021-07-30', '0597834422271', 34640256405.5, 32374071407.009, 7, 'Fac-610346abe3722', 'facture'),
(10585, 863, 'Efrain Herman Spencer', '2021-07-30', '7207871851905', 36396906805.143, 34015800752.47, 7, 'Fac-610346abe37f8', 'facture'),
(10586, 863, 'Prof. Lance Davis Beier', '2021-07-30', '7761938234082', 36624192976.157, 34228217734.726, 7, 'Dev-610346abe38c1', 'devis'),
(10587, 863, 'Prof. Kip Greenfelder Mosciski', '2021-07-30', '5361328067775', 40401973077.218, 37758853343.194, 7, 'Fac-610346abe39ba', 'facture'),
(10588, 863, 'Kelton Botsford Lesch', '2021-07-30', '3325285826914', 40916799019.997, 38239999084.109, 7, 'Dev-610346abe3aaf', 'devis'),
(10589, 863, 'Ayla Kihn PhD Lueilwitz', '2021-07-30', '2146442506002', 43518453496.855, 40671451866.22, 7, 'Fac-610346abe3bbe', 'facture'),
(10590, 863, 'Rex Crona II Bednar', '2021-07-30', '9250197373697', 44112005427.974, 41226173297.172, 7, 'Dev-610346abe3cb1', 'devis'),
(10591, 863, 'Retha Kihn III Lind', '2021-07-30', '1769786005621', 45595336076.818, 42612463623.194, 7, 'Dev-610346abe3dad', 'devis'),
(10592, 863, 'Wilma Wehner Runolfsdottir', '2021-07-30', '1460529372214', 47552855034.451, 44441920592.945, 7, 'Dev-610346abe3eb2', 'devis'),
(10593, 863, 'Eusebio Von Jr. Roob', '2021-07-30', '5617384368517', 53744296740.026, 50228314710.305, 7, 'Fac-610346abe3fca', 'facture');

-- --------------------------------------------------------

--
-- Structure de la table `paiement`
--

CREATE TABLE `paiement` (
  `id` int(11) NOT NULL,
  `declaration_id` int(11) DEFAULT NULL,
  `date_pai` date NOT NULL,
  `type` varchar(255) COLLATE utf8mb4_unicode_ci NOT NULL,
  `image` varchar(255) COLLATE utf8mb4_unicode_ci NOT NULL,
  `etat_ent` tinyint(1) NOT NULL,
  `etat` tinyint(1) NOT NULL,
  `updated_at` datetime NOT NULL,
  `ref` varchar(255) COLLATE utf8mb4_unicode_ci NOT NULL
) ENGINE=InnoDB DEFAULT CHARSET=utf8mb4 COLLATE=utf8mb4_unicode_ci;

-- --------------------------------------------------------

--
-- Structure de la table `produit`
--

CREATE TABLE `produit` (
  `id` int(11) NOT NULL,
  `facture_id` int(11) DEFAULT NULL,
  `nom` varchar(255) COLLATE utf8mb4_unicode_ci NOT NULL,
  `nb` int(11) NOT NULL,
  `prix_unitaire` double NOT NULL,
  `prix_total` double NOT NULL
) ENGINE=InnoDB DEFAULT CHARSET=utf8mb4 COLLATE=utf8mb4_unicode_ci;

--
-- Déchargement des données de la table `produit`
--

INSERT INTO `produit` (`id`, `facture_id`, `nom`, `nb`, `prix_unitaire`, `prix_total`) VALUES
(145193, 10363, 'corporis', 6, 9430, 56580),
(145194, 10363, 'sit', 9, 13099.369, 117894.321),
(145195, 10363, 'provident', 4, 2919562.676, 11678250.704),
(145196, 10363, 'illo', 9, 1882378.486, 16941406.374),
(145197, 10363, 'occaecati', 8, 1.838, 14.704),
(145198, 10363, 'beatae', 9, 360134105.7, 3241206951.3),
(145199, 10363, 'molestiae', 1, 19.364, 19.364),
(145200, 10363, 'recusandae', 10, 148.85, 1488.5),
(145201, 10363, 'accusantium', 10, 46815.091, 468150.91),
(145202, 10363, 'porro', 3, 365756109.348, 1097268328.044),
(145203, 10363, 'maxime', 5, 3.482, 17.41),
(145204, 10363, 'aperiam', 8, 382.688, 3061.504),
(145205, 10363, 'aut', 6, 14.772, 88.632),
(145206, 10363, 'dolor', 5, 879.739, 4398.695),
(145207, 10363, 'repellendus', 9, 10.429, 93.861),
(145208, 10363, 'ea', 9, 16.284, 146.556),
(145209, 10364, 'quas', 9, 1, 9),
(145210, 10364, 'cum', 3, 38.601, 115.803),
(145211, 10364, 'ut', 8, 7611, 60888),
(145212, 10364, 'ipsa', 6, 16, 96),
(145213, 10364, 'autem', 7, 104, 728),
(145214, 10364, 'quasi', 1, 36.486, 36.486),
(145215, 10364, 'vel', 6, 582.916, 3497.496),
(145216, 10364, 'ut', 4, 244, 976),
(145217, 10364, 'magni', 4, 5.97, 23.88),
(145218, 10364, 'cumque', 2, 146.2, 292.4),
(145219, 10364, 'cumque', 6, 565463.482, 3392780.892),
(145220, 10364, 'ea', 6, 9088649.28, 54531895.68),
(145221, 10364, 'voluptatem', 7, 4382236.56, 30675655.92),
(145222, 10365, 'earum', 1, 10198595.402, 10198595.402),
(145223, 10365, 'ipsam', 10, 23837842.617, 238378426.17),
(145224, 10365, 'nihil', 8, 0.248, 1.984),
(145225, 10365, 'natus', 9, 351980889.73, 3167828007.57),
(145226, 10365, 'dignissimos', 6, 561.966, 3371.796),
(145227, 10365, 'fuga', 10, 26862826.76, 268628267.6),
(145228, 10365, 'velit', 4, 11192.511, 44770.044),
(145229, 10365, 'facere', 9, 76, 684),
(145230, 10365, 'laudantium', 3, 295528276.31, 886584828.93),
(145231, 10365, 'non', 5, 69151.456, 345757.28),
(145232, 10365, 'voluptates', 10, 8769.86, 87698.6),
(145233, 10365, 'illo', 5, 339287.02, 1696435.1),
(145234, 10365, 'maxime', 4, 58738378.299, 234953513.196),
(145235, 10365, 'non', 8, 2.886, 23.088),
(145236, 10365, 'quia', 8, 13325.044, 106600.352),
(145237, 10365, 'libero', 4, 1074011.284, 4296045.136),
(145238, 10365, 'possimus', 8, 52220085.36, 417760682.88),
(145239, 10365, 'non', 10, 6676.624, 66766.24),
(145240, 10366, 'laudantium', 8, 84123.596, 672988.768),
(145241, 10366, 'sed', 1, 6123.129, 6123.129),
(145242, 10366, 'voluptas', 10, 3685, 36850),
(145243, 10366, 'sapiente', 7, 0.1, 0.7),
(145244, 10366, 'dolore', 10, 75648.45, 756484.5),
(145245, 10366, 'qui', 1, 2573.53, 2573.53),
(145246, 10366, 'exercitationem', 10, 2340688.538, 23406885.38),
(145247, 10366, 'corrupti', 7, 4.186, 29.302),
(145248, 10366, 'est', 3, 4.904, 14.712),
(145249, 10366, 'alias', 5, 8603.6, 43018),
(145250, 10366, 'sed', 2, 42.4, 84.8),
(145251, 10366, 'voluptatibus', 8, 3599394.48, 28795155.84),
(145252, 10366, 'eaque', 9, 12613604.15, 113522437.35),
(145253, 10366, 'labore', 4, 14878.397, 59513.588),
(145254, 10367, 'eum', 7, 8887112.771, 62209789.397),
(145255, 10367, 'dolores', 10, 1529172, 15291720),
(145256, 10367, 'nobis', 10, 2159.349, 21593.49),
(145257, 10367, 'reiciendis', 9, 743330297.115, 6689972674.035),
(145258, 10367, 'illum', 6, 283.986, 1703.916),
(145259, 10367, 'quod', 4, 149462391.479, 597849565.916),
(145260, 10367, 'veritatis', 10, 6743.6, 67436),
(145261, 10367, 'corporis', 10, 1022970.36, 10229703.6),
(145262, 10367, 'minima', 4, 464539, 1858156),
(145263, 10367, 'quae', 9, 437.42, 3936.78),
(145264, 10367, 'assumenda', 4, 15899.812, 63599.248),
(145265, 10367, 'enim', 4, 5.04, 20.16),
(145266, 10367, 'sunt', 9, 603, 5427),
(145267, 10367, 'veritatis', 4, 2073458.497, 8293833.988),
(145268, 10367, 'excepturi', 10, 0.76, 7.6),
(145269, 10367, 'quas', 10, 10249697.432, 102496974.32),
(145270, 10368, 'quaerat', 9, 432745.622, 3894710.598),
(145271, 10368, 'aspernatur', 10, 840570665.809, 8405706658.09),
(145272, 10368, 'molestiae', 8, 3.99, 31.92),
(145273, 10368, 'deserunt', 10, 96017.056, 960170.56),
(145274, 10368, 'velit', 5, 1591.377, 7956.885),
(145275, 10368, 'repudiandae', 4, 545146219.146, 2180584876.584),
(145276, 10368, 'aliquam', 5, 848.091, 4240.455),
(145277, 10368, 'aliquam', 6, 109511.636, 657069.816),
(145278, 10368, 'fugit', 9, 9.3, 83.7),
(145279, 10368, 'tenetur', 9, 85, 765),
(145280, 10368, 'ipsum', 9, 7808, 70272),
(145281, 10368, 'maiores', 5, 1425746.998, 7128734.99),
(145282, 10368, 'consectetur', 6, 11417.365, 68504.19),
(145283, 10368, 'est', 2, 337112.712, 674225.424),
(145284, 10369, 'dolor', 9, 0.443, 3.987),
(145285, 10369, 'incidunt', 5, 0.875, 4.375),
(145286, 10369, 'ipsum', 3, 261.363, 784.089),
(145287, 10369, 'aut', 9, 22087.2, 198784.8),
(145288, 10369, 'est', 9, 38959.403, 350634.627),
(145289, 10369, 'iusto', 9, 68188581.14, 613697230.26),
(145290, 10369, 'qui', 6, 2089.004, 12534.024),
(145291, 10369, 'fugiat', 10, 55.814, 558.14),
(145292, 10369, 'molestiae', 10, 817866.55, 8178665.5),
(145293, 10369, 'ea', 5, 18936578, 94682890),
(145294, 10369, 'sunt', 8, 18.112, 144.896),
(145295, 10369, 'perferendis', 7, 3261657.167, 22831600.169),
(145296, 10369, 'rerum', 10, 96033.545, 960335.45),
(145297, 10369, 'porro', 3, 58.081, 174.243),
(145298, 10369, 'magni', 8, 56.537, 452.296),
(145299, 10370, 'voluptatem', 8, 446676, 3573408),
(145300, 10370, 'enim', 8, 16.252, 130.016),
(145301, 10370, 'voluptas', 4, 132.9, 531.6),
(145302, 10370, 'explicabo', 2, 1, 2),
(145303, 10370, 'magnam', 10, 13574495.8, 135744958),
(145304, 10370, 'eligendi', 8, 24942.544, 199540.352),
(145305, 10370, 'consequuntur', 5, 120154.8, 600774),
(145306, 10370, 'nesciunt', 10, 105435651.375, 1054356513.75),
(145307, 10370, 'sit', 8, 339968.023, 2719744.184),
(145308, 10370, 'aut', 9, 0, 0),
(145309, 10370, 'odit', 3, 8438.086, 25314.258),
(145310, 10370, 'nisi', 9, 953.482, 8581.338),
(145311, 10370, 'aliquam', 6, 1.472, 8.832),
(145312, 10370, 'quas', 9, 577742, 5199678),
(145313, 10370, 'omnis', 7, 2587.686, 18113.802),
(145314, 10370, 'quo', 6, 108525.976, 651155.856),
(145315, 10371, 'vero', 7, 4476465.869, 31335261.083),
(145316, 10371, 'dolorum', 8, 59.971, 479.768),
(145317, 10371, 'porro', 5, 150965477.612, 754827388.06),
(145318, 10371, 'iusto', 6, 32717093.9, 196302563.4),
(145319, 10371, 'doloribus', 8, 4427091, 35416728),
(145320, 10371, 'excepturi', 10, 358397.127, 3583971.27),
(145321, 10371, 'eos', 5, 286.745, 1433.725),
(145322, 10371, 'aliquid', 9, 2173.135, 19558.215),
(145323, 10371, 'consequuntur', 2, 18251.407, 36502.814),
(145324, 10371, 'beatae', 8, 146020.906, 1168167.248),
(145325, 10371, 'rerum', 4, 772757300.424, 3091029201.696),
(145326, 10371, 'accusamus', 4, 70.815, 283.26),
(145327, 10371, 'sunt', 7, 1089940, 7629580),
(145328, 10371, 'ut', 2, 3.296, 6.592),
(145329, 10371, 'excepturi', 9, 14.929, 134.361),
(145330, 10371, 'et', 7, 214.336, 1500.352),
(145331, 10371, 'dolore', 8, 3749960.255, 29999682.04),
(145332, 10371, 'aut', 10, 59119277.2, 591192772),
(145333, 10372, 'unde', 6, 0, 0),
(145334, 10372, 'laboriosam', 2, 446.82, 893.64),
(145335, 10372, 'non', 4, 413.75, 1655),
(145336, 10372, 'consequatur', 3, 1656774.532, 4970323.596),
(145337, 10372, 'impedit', 8, 330.062, 2640.496),
(145338, 10372, 'odio', 9, 5.2, 46.8),
(145339, 10372, 'aliquid', 8, 77608.492, 620867.936),
(145340, 10372, 'aut', 10, 347.629, 3476.29),
(145341, 10372, 'et', 10, 280005970.698, 2800059706.98),
(145342, 10372, 'numquam', 8, 22.776, 182.208),
(145343, 10372, 'sunt', 3, 264686251.926, 794058755.778),
(145344, 10372, 'consequatur', 10, 31.857, 318.57),
(145345, 10372, 'blanditiis', 6, 12.006, 72.036),
(145346, 10372, 'quod', 2, 39054796.5, 78109593),
(145347, 10372, 'quas', 2, 9660275.546, 19320551.092),
(145348, 10372, 'quaerat', 6, 9976.04, 59856.24),
(145349, 10373, 'perspiciatis', 10, 6336227.2, 63362272),
(145350, 10373, 'cupiditate', 10, 4.66, 46.6),
(145351, 10373, 'in', 8, 6978759.902, 55830079.216),
(145352, 10373, 'autem', 6, 2465041.2, 14790247.2),
(145353, 10373, 'et', 5, 6595713, 32978565),
(145354, 10373, 'repellat', 3, 314454150.246, 943362450.738),
(145355, 10373, 'et', 8, 28748987.431, 229991899.448),
(145356, 10373, 'ipsa', 10, 188.675, 1886.75),
(145357, 10373, 'voluptas', 8, 659.844, 5278.752),
(145358, 10373, 'qui', 5, 0, 0),
(145359, 10373, 'et', 9, 231202.302, 2080820.718),
(145360, 10373, 'cum', 7, 266145969.161, 1863021784.127),
(145361, 10373, 'at', 8, 121, 968),
(145362, 10373, 'ut', 4, 3338076, 13352304),
(145363, 10373, 'suscipit', 7, 710078.66, 4970550.62),
(145364, 10373, 'laborum', 7, 4221.822, 29552.754),
(145365, 10374, 'hic', 8, 2435, 19480),
(145366, 10374, 'quam', 3, 12941488.786, 38824466.358),
(145367, 10374, 'neque', 6, 281472.293, 1688833.758),
(145368, 10374, 'tempore', 5, 87, 435),
(145369, 10374, 'et', 6, 49807, 298842),
(145370, 10374, 'odit', 8, 131309.519, 1050476.152),
(145371, 10374, 'accusantium', 6, 0.2, 1.2),
(145372, 10374, 'est', 10, 16063.82, 160638.2),
(145373, 10374, 'magni', 1, 1429.558, 1429.558),
(145374, 10374, 'quia', 7, 717450.556, 5022153.892),
(145375, 10374, 'asperiores', 7, 25410.19, 177871.33),
(145376, 10374, 'voluptas', 5, 12.383, 61.915),
(145377, 10374, 'voluptatibus', 7, 0.371, 2.597),
(145378, 10374, 'esse', 2, 745234, 1490468),
(145379, 10374, 'error', 10, 3.984, 39.84),
(145380, 10374, 'voluptatem', 8, 1.6, 12.8),
(145381, 10374, 'et', 2, 4.105, 8.21),
(145382, 10375, 'aspernatur', 8, 299972.687, 2399781.496),
(145383, 10375, 'facere', 8, 15.57, 124.56),
(145384, 10375, 'id', 5, 2.421, 12.105),
(145385, 10375, 'ut', 2, 48.609, 97.218),
(145386, 10375, 'dolore', 8, 296083199.178, 2368665593.424),
(145387, 10375, 'saepe', 6, 203163.874, 1218983.244),
(145388, 10375, 'aliquid', 10, 14849507.375, 148495073.75),
(145389, 10375, 'deserunt', 2, 688.051, 1376.102),
(145390, 10375, 'asperiores', 8, 119999032.328, 959992258.624),
(145391, 10375, 'dolore', 9, 1373577.575, 12362198.175),
(145392, 10375, 'exercitationem', 8, 3563721.621, 28509772.968),
(145393, 10375, 'aspernatur', 10, 274046.14, 2740461.4),
(145394, 10375, 'rerum', 7, 90189.1, 631323.7),
(145395, 10375, 'nemo', 10, 765.134, 7651.34),
(145396, 10376, 'iusto', 5, 817.968, 4089.84),
(145397, 10376, 'sunt', 8, 281793982.2, 2254351857.6),
(145398, 10376, 'ut', 8, 58446321.559, 467570572.472),
(145399, 10376, 'ducimus', 1, 534.088, 534.088),
(145400, 10376, 'voluptate', 7, 84919563.865, 594436947.055),
(145401, 10376, 'doloribus', 2, 553.9, 1107.8),
(145402, 10376, 'quae', 10, 299799.913, 2997999.13),
(145403, 10376, 'architecto', 7, 25657.3, 179601.1),
(145404, 10376, 'ad', 4, 5304520.6, 21218082.4),
(145405, 10376, 'et', 2, 5.1, 10.2),
(145406, 10376, 'perspiciatis', 8, 1981.762, 15854.096),
(145407, 10376, 'unde', 10, 7.7, 77),
(145408, 10376, 'accusantium', 5, 54698.938, 273494.69),
(145409, 10376, 'sunt', 8, 465160738.295, 3721285906.36),
(145410, 10376, 'inventore', 7, 12611845.565, 88282918.955),
(145411, 10376, 'non', 1, 122.744, 122.744),
(145412, 10376, 'atque', 3, 4514791.161, 13544373.483),
(145413, 10376, 'nesciunt', 6, 1808.5, 10851),
(145414, 10376, 'aspernatur', 5, 25837542.515, 129187712.575),
(145415, 10377, 'quia', 3, 0.774, 2.322),
(145416, 10377, 'ipsa', 4, 1, 4),
(145417, 10377, 'maiores', 8, 46.954, 375.632),
(145418, 10377, 'aut', 8, 8.232, 65.856),
(145419, 10377, 'quia', 6, 60, 360),
(145420, 10377, 'aperiam', 9, 6775105.141, 60975946.269),
(145421, 10377, 'omnis', 9, 0.848, 7.632),
(145422, 10377, 'voluptatem', 6, 47.281, 283.686),
(145423, 10377, 'magnam', 9, 15970.511, 143734.599),
(145424, 10377, 'exercitationem', 7, 66.788, 467.516),
(145425, 10377, 'ullam', 10, 0.154, 1.54),
(145426, 10377, 'aspernatur', 3, 322283.611, 966850.833),
(145427, 10377, 'quod', 5, 2220324.618, 11101623.09),
(145428, 10377, 'molestias', 2, 239.331, 478.662),
(145429, 10377, 'voluptatem', 4, 344.969, 1379.876),
(145430, 10378, 'et', 5, 738386.09, 3691930.45),
(145431, 10378, 'minima', 2, 1184.759, 2369.518),
(145432, 10378, 'et', 8, 437.076, 3496.608),
(145433, 10378, 'nostrum', 3, 86272731.726, 258818195.178),
(145434, 10378, 'exercitationem', 9, 221.031, 1989.279),
(145435, 10378, 'rem', 8, 1491186.91, 11929495.28),
(145436, 10378, 'qui', 9, 0, 0),
(145437, 10378, 'unde', 5, 104.583, 522.915),
(145438, 10378, 'voluptates', 10, 6172509.358, 61725093.58),
(145439, 10378, 'magnam', 3, 16.967, 50.901),
(145440, 10378, 'voluptatum', 4, 741986.893, 2967947.572),
(145441, 10378, 'ullam', 7, 3.83, 26.81),
(145442, 10378, 'occaecati', 3, 3.645, 10.935),
(145443, 10379, 'dolorem', 9, 312, 2808),
(145444, 10379, 'enim', 9, 27697291.354, 249275622.186),
(145445, 10379, 'non', 8, 43.67, 349.36),
(145446, 10379, 'quo', 10, 0.152, 1.52),
(145447, 10379, 'omnis', 4, 69, 276),
(145448, 10379, 'deserunt', 3, 67750.108, 203250.324),
(145449, 10379, 'enim', 4, 13663818.311, 54655273.244),
(145450, 10379, 'nihil', 2, 9973.3, 19946.6),
(145451, 10379, 'et', 5, 112186.043, 560930.215),
(145452, 10379, 'libero', 4, 12311737.784, 49246951.136),
(145453, 10379, 'qui', 9, 1392540.39, 12532863.51),
(145454, 10379, 'rerum', 6, 1043852.324, 6263113.944),
(145455, 10379, 'commodi', 10, 31025826.8, 310258268),
(145456, 10379, 'debitis', 2, 34553.27, 69106.54),
(145457, 10379, 'nobis', 2, 23113034.6, 46226069.2),
(145458, 10379, 'doloremque', 2, 84759172, 169518344),
(145459, 10380, 'dolore', 5, 827.537, 4137.685),
(145460, 10380, 'reiciendis', 8, 39.593, 316.744),
(145461, 10380, 'earum', 3, 35804182.228, 107412546.684),
(145462, 10380, 'nam', 3, 9252.711, 27758.133),
(145463, 10380, 'hic', 9, 43252158.11, 389269422.99),
(145464, 10380, 'modi', 2, 6463.47, 12926.94),
(145465, 10380, 'adipisci', 9, 9409945.363, 84689508.267),
(145466, 10380, 'sed', 7, 0.555, 3.885),
(145467, 10380, 'accusamus', 8, 266.1, 2128.8),
(145468, 10380, 'hic', 5, 12142.075, 60710.375),
(145469, 10380, 'distinctio', 2, 98486.87, 196973.74),
(145470, 10380, 'esse', 10, 81, 810),
(145471, 10380, 'magni', 10, 220, 2200),
(145472, 10380, 'vero', 7, 261851.64, 1832961.48),
(145473, 10381, 'nesciunt', 7, 492979812.611, 3450858688.277),
(145474, 10381, 'ut', 5, 30549.584, 152747.92),
(145475, 10381, 'dicta', 6, 702, 4212),
(145476, 10381, 'sit', 7, 760.533, 5323.731),
(145477, 10381, 'nam', 4, 201.085, 804.34),
(145478, 10381, 'voluptatem', 10, 416948.028, 4169480.28),
(145479, 10381, 'distinctio', 8, 2568062.21, 20544497.68),
(145480, 10381, 'ut', 7, 229101.374, 1603709.618),
(145481, 10381, 'libero', 7, 26834.539, 187841.773),
(145482, 10381, 'qui', 6, 313634811.36, 1881808868.16),
(145483, 10381, 'eius', 6, 67, 402),
(145484, 10381, 'aspernatur', 8, 4.01, 32.08),
(145485, 10381, 'non', 4, 48844951.443, 195379805.772),
(145486, 10381, 'soluta', 10, 8289.96, 82899.6),
(145487, 10381, 'quisquam', 4, 1.448, 5.792),
(145488, 10381, 'assumenda', 5, 18361.676, 91808.38),
(145489, 10381, 'numquam', 9, 235248.938, 2117240.442),
(145490, 10382, 'sed', 2, 529606.557, 1059213.114),
(145491, 10382, 'qui', 10, 366003.156, 3660031.56),
(145492, 10382, 'itaque', 6, 3247.34, 19484.04),
(145493, 10382, 'est', 7, 5666.654, 39666.578),
(145494, 10382, 'natus', 6, 2.45, 14.7),
(145495, 10382, 'voluptatem', 8, 3122847.653, 24982781.224),
(145496, 10382, 'molestias', 10, 0.622, 6.22),
(145497, 10382, 'accusantium', 5, 40587360.409, 202936802.045),
(145498, 10382, 'adipisci', 9, 241098.575, 2169887.175),
(145499, 10382, 'impedit', 5, 94550713.628, 472753568.14),
(145500, 10382, 'ipsa', 9, 136500549.293, 1228504943.637),
(145501, 10382, 'quam', 10, 0, 0),
(145502, 10382, 'repellendus', 7, 4249638.621, 29747470.347),
(145503, 10382, 'eos', 3, 2.442, 7.326),
(145504, 10382, 'optio', 9, 25.771, 231.939),
(145505, 10382, 'voluptatibus', 6, 755.167, 4531.002),
(145506, 10383, 'nam', 8, 25.039, 200.312),
(145507, 10383, 'sunt', 4, 43979.679, 175918.716),
(145508, 10383, 'nam', 4, 1019.6, 4078.4),
(145509, 10383, 'commodi', 2, 7387939.366, 14775878.732),
(145510, 10383, 'atque', 10, 781238544.202, 7812385442.02),
(145511, 10383, 'eius', 10, 597.95, 5979.5),
(145512, 10383, 'iure', 9, 0, 0),
(145513, 10383, 'corrupti', 8, 38884078, 311072624),
(145514, 10383, 'eos', 4, 2979686.796, 11918747.184),
(145515, 10383, 'consequatur', 1, 3668.55, 3668.55),
(145516, 10383, 'qui', 6, 2988.883, 17933.298),
(145517, 10383, 'ut', 7, 25508.215, 178557.505),
(145518, 10383, 'iure', 7, 189.176, 1324.232),
(145519, 10383, 'sed', 8, 93249899.597, 745999196.776),
(145520, 10383, 'quod', 3, 3219846.518, 9659539.554),
(145521, 10384, 'expedita', 10, 669.62, 6696.2),
(145522, 10384, 'quis', 3, 764522277.879, 2293566833.637),
(145523, 10384, 'dolorem', 4, 5746536, 22986144),
(145524, 10384, 'cum', 9, 0, 0),
(145525, 10384, 'nesciunt', 5, 5114204.493, 25571022.465),
(145526, 10384, 'aut', 4, 162233.649, 648934.596),
(145527, 10384, 'nam', 6, 1859370.389, 11156222.334),
(145528, 10384, 'architecto', 8, 1822884.101, 14583072.808),
(145529, 10384, 'placeat', 8, 5.286, 42.288),
(145530, 10384, 'dolorem', 5, 43.516, 217.58),
(145531, 10384, 'qui', 2, 0.46, 0.92),
(145532, 10384, 'voluptatem', 9, 23.34, 210.06),
(145533, 10384, 'provident', 4, 448.941, 1795.764),
(145534, 10384, 'beatae', 5, 1299531.047, 6497655.235),
(145535, 10384, 'dolores', 9, 292985.573, 2636870.157),
(145536, 10384, 'quidem', 10, 68.44, 684.4),
(145537, 10384, 'ipsum', 10, 200363909.74, 2003639097.4),
(145538, 10384, 'molestiae', 9, 253258.292, 2279324.628),
(145539, 10384, 'est', 6, 44089.397, 264536.382),
(145540, 10385, 'vero', 10, 1201.45, 12014.5),
(145541, 10385, 'officia', 6, 53757110.2, 322542661.2),
(145542, 10385, 'quia', 5, 127259972.87, 636299864.35),
(145543, 10385, 'est', 6, 16771.721, 100630.326),
(145544, 10385, 'sed', 7, 290925.526, 2036478.682),
(145545, 10385, 'exercitationem', 9, 38448.935, 346040.415),
(145546, 10385, 'quas', 7, 54748.548, 383239.836),
(145547, 10385, 'enim', 10, 163.5, 1635),
(145548, 10385, 'non', 7, 6727.85, 47094.95),
(145549, 10385, 'consequatur', 10, 89353507.844, 893535078.44),
(145550, 10385, 'et', 9, 9083.761, 81753.849),
(145551, 10385, 'beatae', 5, 131805072.1, 659025360.5),
(145552, 10385, 'dolore', 8, 285.353, 2282.824),
(145553, 10385, 'ut', 3, 108122706.878, 324368120.634),
(145554, 10385, 'excepturi', 8, 23.617, 188.936),
(145555, 10385, 'quo', 9, 1821186.891, 16390682.019),
(145556, 10385, 'sed', 10, 528538.993, 5285389.93),
(145557, 10386, 'ut', 4, 14031.887, 56127.548),
(145558, 10386, 'aut', 9, 90.839, 817.551),
(145559, 10386, 'aliquam', 7, 27.584, 193.088),
(145560, 10386, 'non', 8, 361472, 2891776),
(145561, 10386, 'et', 6, 7828860.142, 46973160.852),
(145562, 10386, 'rerum', 8, 1469526.065, 11756208.52),
(145563, 10386, 'fugiat', 3, 4468.24, 13404.72),
(145564, 10386, 'eos', 2, 33129503, 66259006),
(145565, 10386, 'dolor', 5, 86198.8, 430994),
(145566, 10386, 'nihil', 2, 2.496, 4.992),
(145567, 10386, 'iure', 9, 9599.434, 86394.906),
(145568, 10387, 'sed', 5, 3633767.513, 18168837.565),
(145569, 10387, 'ad', 10, 13408.04, 134080.4),
(145570, 10387, 'dolor', 8, 52, 416),
(145571, 10387, 'et', 9, 676.905, 6092.145),
(145572, 10387, 'adipisci', 10, 0.26, 2.6),
(145573, 10387, 'aperiam', 3, 132629.19, 397887.57),
(145574, 10387, 'voluptate', 7, 48.246, 337.722),
(145575, 10387, 'et', 7, 5, 35),
(145576, 10387, 'aut', 8, 1297.462, 10379.696),
(145577, 10387, 'voluptatem', 7, 3013943.457, 21097604.199),
(145578, 10387, 'a', 8, 527.05, 4216.4),
(145579, 10387, 'vel', 5, 9455477.423, 47277387.115),
(145580, 10387, 'distinctio', 4, 20, 80),
(145581, 10387, 'aliquam', 8, 129255128.764, 1034041030.112),
(145582, 10387, 'nihil', 8, 10.644, 85.152),
(145583, 10387, 'ratione', 2, 6.755, 13.51),
(145584, 10387, 'dolorem', 5, 5.91, 29.55),
(145585, 10388, 'alias', 4, 3.4, 13.6),
(145586, 10388, 'laborum', 9, 263077356.013, 2367696204.117),
(145587, 10388, 'est', 8, 2243.998, 17951.984),
(145588, 10388, 'commodi', 6, 4549025, 27294150),
(145589, 10388, 'odio', 9, 8.8, 79.2),
(145590, 10388, 'rerum', 7, 57863747.014, 405046229.098),
(145591, 10388, 'rerum', 10, 258011.599, 2580115.99),
(145592, 10388, 'dolores', 8, 307593458.492, 2460747667.936),
(145593, 10388, 'sunt', 6, 0, 0),
(145594, 10388, 'unde', 9, 174240.901, 1568168.109),
(145595, 10388, 'velit', 8, 311949820, 2495598560),
(145596, 10388, 'sit', 3, 32505902.352, 97517707.056),
(145597, 10388, 'sed', 2, 296265831.952, 592531663.904),
(145598, 10388, 'est', 7, 75982.707, 531878.949),
(145599, 10389, 'voluptates', 3, 482.497, 1447.491),
(145600, 10389, 'ut', 2, 482.29, 964.58),
(145601, 10389, 'et', 6, 804.419, 4826.514),
(145602, 10389, 'recusandae', 5, 735119.56, 3675597.8),
(145603, 10389, 'est', 10, 1.17, 11.7),
(145604, 10389, 'officiis', 1, 20013.4, 20013.4),
(145605, 10389, 'impedit', 8, 8373082, 66984656),
(145606, 10389, 'praesentium', 9, 25175147.4, 226576326.6),
(145607, 10389, 'dolores', 8, 16, 128),
(145608, 10389, 'quaerat', 9, 5779699.57, 52017296.13),
(145609, 10389, 'laboriosam', 6, 4626.13, 27756.78),
(145610, 10389, 'velit', 8, 9826.724, 78613.792),
(145611, 10389, 'pariatur', 9, 399495.19, 3595456.71),
(145612, 10389, 'accusamus', 10, 3.756, 37.56),
(145613, 10390, 'sequi', 7, 219477317.112, 1536341219.784),
(145614, 10390, 'nihil', 8, 66003, 528024),
(145615, 10390, 'deleniti', 6, 22260.454, 133562.724),
(145616, 10390, 'laboriosam', 8, 0.7, 5.6),
(145617, 10390, 'quo', 8, 120023.867, 960190.936),
(145618, 10390, 'officiis', 7, 11562.43, 80937.01),
(145619, 10390, 'quis', 8, 21855, 174840),
(145620, 10390, 'ut', 9, 226126.245, 2035136.205),
(145621, 10390, 'ut', 9, 0, 0),
(145622, 10390, 'consequatur', 6, 143.51, 861.06),
(145623, 10390, 'error', 6, 4345154.989, 26070929.934),
(145624, 10390, 'cumque', 8, 85312, 682496),
(145625, 10390, 'qui', 10, 14073793.278, 140737932.78),
(145626, 10390, 'hic', 10, 631287634.8, 6312876348),
(145627, 10390, 'ullam', 3, 1574.963, 4724.889),
(145628, 10390, 'et', 10, 967622.348, 9676223.48),
(145629, 10390, 'qui', 4, 0, 0),
(145630, 10390, 'eum', 9, 183727031.22, 1653543280.98),
(145631, 10391, 'molestias', 9, 508.1, 4572.9),
(145632, 10391, 'sunt', 8, 422239.948, 3377919.584),
(145633, 10391, 'labore', 4, 4.403, 17.612),
(145634, 10391, 'reiciendis', 10, 12017.47, 120174.7),
(145635, 10391, 'doloribus', 10, 2348.315, 23483.15),
(145636, 10391, 'vitae', 3, 32771, 98313),
(145637, 10391, 'qui', 4, 0, 0),
(145638, 10391, 'qui', 8, 226688792.9, 1813510343.2),
(145639, 10391, 'voluptatum', 5, 197.411, 987.055),
(145640, 10391, 'nulla', 9, 25.99, 233.91),
(145641, 10391, 'autem', 9, 6688.616, 60197.544),
(145642, 10391, 'nisi', 10, 4513983.444, 45139834.44),
(145643, 10391, 'enim', 8, 614636323.69, 4917090589.52),
(145644, 10391, 'repudiandae', 9, 0.2, 1.8),
(145645, 10392, 'cum', 7, 235.716, 1650.012),
(145646, 10392, 'atque', 5, 1432158.6, 7160793),
(145647, 10392, 'cumque', 6, 3679.8, 22078.8),
(145648, 10392, 'quo', 6, 4763.14, 28578.84),
(145649, 10392, 'suscipit', 2, 796.119, 1592.238),
(145650, 10392, 'vitae', 4, 7.8, 31.2),
(145651, 10392, 'quam', 6, 2441740.38, 14650442.28),
(145652, 10392, 'est', 2, 65, 130),
(145653, 10392, 'sunt', 6, 1.685, 10.11),
(145654, 10392, 'sint', 7, 68471.905, 479303.335),
(145655, 10392, 'qui', 9, 4.48, 40.32),
(145656, 10392, 'sunt', 4, 423.078, 1692.312),
(145657, 10392, 'adipisci', 3, 494020917.4, 1482062752.2),
(145658, 10392, 'saepe', 9, 112.09, 1008.81),
(145659, 10392, 'culpa', 6, 26975717.597, 161854305.582),
(145660, 10393, 'non', 2, 5.698, 11.396),
(145661, 10393, 'perspiciatis', 3, 10165.35, 30496.05),
(145662, 10393, 'iste', 5, 14631.972, 73159.86),
(145663, 10393, 'qui', 3, 0.997, 2.991),
(145664, 10393, 'et', 2, 35395324.4, 70790648.8),
(145665, 10393, 'saepe', 7, 11553178.2, 80872247.4),
(145666, 10393, 'impedit', 8, 4.7, 37.6),
(145667, 10393, 'est', 6, 234769279.167, 1408615675.002),
(145668, 10393, 'doloremque', 10, 1571.843, 15718.43),
(145669, 10393, 'in', 3, 3.4, 10.2),
(145670, 10393, 'vitae', 4, 5657354.181, 22629416.724),
(145671, 10393, 'dolor', 10, 1343.323, 13433.23),
(145672, 10393, 'ut', 7, 42562.15, 297935.05),
(145673, 10394, 'quasi', 7, 757469.67, 5302287.69),
(145674, 10394, 'fugiat', 5, 89085489, 445427445),
(145675, 10394, 'iste', 10, 5242.34, 52423.4),
(145676, 10394, 'harum', 2, 8.069, 16.138),
(145677, 10394, 'animi', 9, 500, 4500),
(145678, 10394, 'consequatur', 2, 28.365, 56.73),
(145679, 10394, 'exercitationem', 6, 0.001, 0.006),
(145680, 10394, 'quas', 10, 49782887.571, 497828875.71),
(145681, 10394, 'architecto', 4, 413215.5, 1652862),
(145682, 10394, 'dicta', 1, 5.749, 5.749),
(145683, 10394, 'numquam', 9, 30374, 273366),
(145684, 10394, 'consequatur', 7, 3817441.745, 26722092.215),
(145685, 10394, 'vitae', 6, 253073, 1518438),
(145686, 10394, 'ipsam', 9, 13489237.47, 121403137.23),
(145687, 10395, 'tempore', 9, 444038.509, 3996346.581),
(145688, 10395, 'alias', 4, 2545367.25, 10181469),
(145689, 10395, 'voluptate', 2, 4292.202, 8584.404),
(145690, 10395, 'voluptates', 9, 39476.913, 355292.217),
(145691, 10395, 'pariatur', 4, 4.36, 17.44),
(145692, 10395, 'labore', 9, 50874574.642, 457871171.778),
(145693, 10395, 'quae', 10, 19324.99, 193249.9),
(145694, 10395, 'odio', 2, 11223561.64, 22447123.28),
(145695, 10395, 'sit', 9, 12.77, 114.93),
(145696, 10395, 'veritatis', 3, 335.4, 1006.2),
(145697, 10395, 'sunt', 10, 1.678, 16.78),
(145698, 10395, 'et', 9, 18.67, 168.03),
(145699, 10395, 'et', 3, 69657534.26, 208972602.78),
(145700, 10395, 'maxime', 3, 28.098, 84.294),
(145701, 10395, 'ea', 6, 79, 474),
(145702, 10395, 'quam', 3, 4762141.384, 14286424.152),
(145703, 10396, 'quis', 9, 383.085, 3447.765),
(145704, 10396, 'numquam', 5, 1.562, 7.81),
(145705, 10396, 'incidunt', 7, 114208.875, 799462.125),
(145706, 10396, 'error', 3, 246896.09, 740688.27),
(145707, 10396, 'aut', 3, 33.684, 101.052),
(145708, 10396, 'rerum', 5, 34259.435, 171297.175),
(145709, 10396, 'totam', 8, 57.669, 461.352),
(145710, 10396, 'assumenda', 8, 90321.51, 722572.08),
(145711, 10396, 'mollitia', 3, 53542361.099, 160627083.297),
(145712, 10396, 'non', 7, 69703.65, 487925.55),
(145713, 10396, 'nihil', 6, 53.677, 322.062),
(145714, 10397, 'enim', 9, 30588683.944, 275298155.496),
(145715, 10397, 'voluptatem', 10, 11.987, 119.87),
(145716, 10397, 'aut', 8, 822572668.863, 6580581350.904),
(145717, 10397, 'veniam', 10, 260303352.67, 2603033526.7),
(145718, 10397, 'harum', 4, 458.613, 1834.452),
(145719, 10397, 'perferendis', 4, 9316433.6, 37265734.4),
(145720, 10397, 'numquam', 10, 1309149.82, 13091498.2),
(145721, 10397, 'excepturi', 10, 73304.664, 733046.64),
(145722, 10397, 'laborum', 2, 6.868, 13.736),
(145723, 10397, 'voluptatum', 4, 5349335.6, 21397342.4),
(145724, 10397, 'ullam', 6, 15871.215, 95227.29),
(145725, 10397, 'numquam', 9, 428.245, 3854.205),
(145726, 10397, 'quia', 7, 2630.8, 18415.6),
(145727, 10397, 'quo', 9, 78531.109, 706779.981),
(145728, 10397, 'neque', 5, 3.79, 18.95),
(145729, 10397, 'et', 10, 151468.894, 1514688.94),
(145730, 10397, 'fugiat', 4, 1.512, 6.048),
(145731, 10398, 'autem', 9, 5.16, 46.44),
(145732, 10398, 'quidem', 6, 3645612.207, 21873673.242),
(145733, 10398, 'repellendus', 7, 147592942.902, 1033150600.314),
(145734, 10398, 'deleniti', 8, 33422096.929, 267376775.432),
(145735, 10398, 'rerum', 7, 8916.058, 62412.406),
(145736, 10398, 'est', 4, 1, 4),
(145737, 10398, 'odit', 6, 1.714, 10.284),
(145738, 10398, 'nisi', 1, 280.5, 280.5),
(145739, 10398, 'est', 6, 553731178.9, 3322387073.4),
(145740, 10398, 'voluptatum', 9, 3444519.72, 31000677.48),
(145741, 10398, 'quo', 3, 708.865, 2126.595),
(145742, 10398, 'non', 10, 487369.9, 4873699),
(145743, 10398, 'optio', 8, 6.906, 55.248),
(145744, 10399, 'architecto', 7, 228779.71, 1601457.97),
(145745, 10399, 'tempora', 7, 617960603.581, 4325724225.067),
(145746, 10399, 'non', 2, 52079.65, 104159.3),
(145747, 10399, 'enim', 7, 82.999, 580.993),
(145748, 10399, 'voluptatem', 5, 42839.54, 214197.7),
(145749, 10399, 'quis', 2, 143, 286),
(145750, 10399, 'quis', 1, 32143879.882, 32143879.882),
(145751, 10399, 'dolor', 2, 178136.748, 356273.496),
(145752, 10399, 'non', 8, 21.333, 170.664),
(145753, 10399, 'et', 8, 388528653, 3108229224),
(145754, 10399, 'aperiam', 4, 11.595, 46.38),
(145755, 10400, 'aut', 9, 36448193, 328033737),
(145756, 10400, 'ad', 6, 24785379.551, 148712277.306),
(145757, 10400, 'consequuntur', 3, 6127886.791, 18383660.373),
(145758, 10400, 'voluptate', 6, 549.585, 3297.51),
(145759, 10400, 'officia', 10, 1.5, 15),
(145760, 10400, 'in', 3, 17.47, 52.41),
(145761, 10400, 'labore', 9, 96064, 864576),
(145762, 10400, 'dolorum', 8, 66.225, 529.8),
(145763, 10400, 'sed', 5, 186613952.868, 933069764.34),
(145764, 10400, 'ipsa', 4, 1.29, 5.16),
(145765, 10400, 'consectetur', 8, 66683516, 533468128),
(145766, 10400, 'et', 10, 592.99, 5929.9),
(145767, 10400, 'consectetur', 7, 13.4, 93.8),
(145768, 10400, 'ea', 2, 15.972, 31.944),
(145769, 10400, 'fugit', 4, 41.09, 164.36),
(145770, 10400, 'aliquid', 10, 32683194.718, 326831947.18),
(145771, 10400, 'sit', 9, 291.871, 2626.839),
(145772, 10400, 'hic', 9, 308980838.266, 2780827544.394),
(145773, 10401, 'consequuntur', 8, 22.941, 183.528),
(145774, 10401, 'et', 3, 981715, 2945145),
(145775, 10401, 'cumque', 4, 4105.27, 16421.08),
(145776, 10401, 'et', 7, 29779, 208453),
(145777, 10401, 'quia', 7, 1.12, 7.84),
(145778, 10401, 'facere', 9, 232.434, 2091.906),
(145779, 10401, 'sed', 4, 22249.789, 88999.156),
(145780, 10401, 'ipsa', 4, 133.261, 533.044),
(145781, 10401, 'facere', 10, 234629943.724, 2346299437.24),
(145782, 10401, 'nam', 6, 0.806, 4.836),
(145783, 10401, 'qui', 10, 132340476.075, 1323404760.75),
(145784, 10401, 'ullam', 7, 53403792.279, 373826545.953),
(145785, 10401, 'quis', 8, 44291.467, 354331.736),
(145786, 10401, 'laborum', 7, 40252779.162, 281769454.134),
(145787, 10401, 'sapiente', 9, 0.796, 7.164),
(145788, 10401, 'nihil', 10, 237944768.075, 2379447680.75),
(145789, 10402, 'quia', 10, 36.409, 364.09),
(145790, 10402, 'similique', 7, 698508910.812, 4889562375.684),
(145791, 10402, 'at', 7, 84.7, 592.9),
(145792, 10402, 'consequatur', 6, 187833719.538, 1127002317.228),
(145793, 10402, 'et', 2, 2638832.77, 5277665.54),
(145794, 10402, 'esse', 2, 29599.801, 59199.602),
(145795, 10402, 'ducimus', 8, 57, 456),
(145796, 10402, 'maxime', 4, 902328.15, 3609312.6),
(145797, 10402, 'eos', 9, 748319, 6734871),
(145798, 10402, 'nostrum', 9, 1617.1, 14553.9),
(145799, 10402, 'voluptas', 6, 137.8, 826.8),
(145800, 10402, 'fugiat', 9, 275.141, 2476.269),
(145801, 10402, 'dicta', 7, 65300566.253, 457103963.771),
(145802, 10402, 'enim', 4, 1.152, 4.608),
(145803, 10402, 'dolores', 10, 5114.066, 51140.66),
(145804, 10402, 'nam', 6, 57770.196, 346621.176),
(145805, 10403, 'corrupti', 6, 149565959, 897395754),
(145806, 10403, 'dolores', 8, 0.536, 4.288),
(145807, 10403, 'assumenda', 6, 28.45, 170.7),
(145808, 10403, 'illo', 7, 3.605, 25.235),
(145809, 10403, 'illum', 7, 21373.916, 149617.412),
(145810, 10403, 'incidunt', 3, 0.578, 1.734),
(145811, 10403, 'sint', 5, 39202673.13, 196013365.65),
(145812, 10403, 'deserunt', 10, 333.9, 3339),
(145813, 10403, 'consequuntur', 3, 299930.435, 899791.305),
(145814, 10403, 'ut', 6, 2379.413, 14276.478),
(145815, 10403, 'aut', 8, 55451943.917, 443615551.336),
(145816, 10403, 'sed', 9, 0.001, 0.009),
(145817, 10403, 'nobis', 6, 465.87, 2795.22),
(145818, 10403, 'beatae', 4, 408.69, 1634.76),
(145819, 10403, 'ea', 4, 38719.271, 154877.084),
(145820, 10404, 'aut', 9, 45502867.918, 409525811.262),
(145821, 10404, 'officia', 9, 4.651, 41.859),
(145822, 10404, 'magni', 6, 2168002.999, 13008017.994),
(145823, 10404, 'incidunt', 6, 52.272, 313.632),
(145824, 10404, 'assumenda', 6, 13.77, 82.62),
(145825, 10404, 'et', 7, 2.92, 20.44),
(145826, 10404, 'voluptatum', 6, 71251.233, 427507.398),
(145827, 10404, 'sed', 4, 3.585, 14.34),
(145828, 10404, 'accusamus', 7, 0.142, 0.994),
(145829, 10404, 'qui', 10, 506902.35, 5069023.5),
(145830, 10404, 'voluptas', 6, 8765, 52590),
(145831, 10404, 'praesentium', 9, 38.94, 350.46),
(145832, 10404, 'qui', 3, 45.6, 136.8),
(145833, 10404, 'excepturi', 7, 0.229, 1.603),
(145834, 10404, 'rerum', 7, 358105.79, 2506740.53),
(145835, 10404, 'sapiente', 7, 9305.806, 65140.642),
(145836, 10404, 'et', 9, 91.734, 825.606),
(145837, 10405, 'quas', 6, 28590.323, 171541.938),
(145838, 10405, 'praesentium', 10, 336.528, 3365.28),
(145839, 10405, 'ut', 8, 5831914.233, 46655313.864),
(145840, 10405, 'et', 7, 98996.601, 692976.207),
(145841, 10405, 'aut', 6, 6026.8, 36160.8),
(145842, 10405, 'delectus', 10, 4842810.898, 48428108.98),
(145843, 10405, 'voluptas', 4, 218.701, 874.804),
(145844, 10405, 'molestias', 4, 2662512, 10650048),
(145845, 10405, 'saepe', 9, 21452530.346, 193072773.114),
(145846, 10405, 'reiciendis', 8, 775.222, 6201.776),
(145847, 10405, 'nesciunt', 5, 249133349.059, 1245666745.295),
(145848, 10405, 'et', 10, 56243632, 562436320),
(145849, 10405, 'magnam', 9, 0.693, 6.237),
(145850, 10405, 'occaecati', 10, 436.9, 4369),
(145851, 10405, 'cupiditate', 10, 43380.22, 433802.2),
(145852, 10405, 'officiis', 7, 739.79, 5178.53),
(145853, 10405, 'aperiam', 7, 39883245.663, 279182719.641),
(145854, 10405, 'aut', 8, 583, 4664),
(145855, 10405, 'rerum', 9, 275.655, 2480.895),
(145856, 10406, 'voluptatem', 7, 587738.1, 4114166.7),
(145857, 10406, 'est', 6, 1120051.17, 6720307.02),
(145858, 10406, 'facilis', 9, 530987193.555, 4778884741.995),
(145859, 10406, 'qui', 5, 1, 5),
(145860, 10406, 'et', 7, 5842, 40894),
(145861, 10406, 'soluta', 9, 1887155.144, 16984396.296),
(145862, 10406, 'alias', 3, 0.142, 0.426),
(145863, 10406, 'reprehenderit', 1, 4.408, 4.408),
(145864, 10406, 'recusandae', 3, 19764223, 59292669),
(145865, 10406, 'aut', 2, 1260306.045, 2520612.09),
(145866, 10406, 'quibusdam', 7, 39.457, 276.199),
(145867, 10406, 'ea', 5, 1.474, 7.37),
(145868, 10406, 'laborum', 4, 425405342.363, 1701621369.452),
(145869, 10407, 'vel', 5, 20133721.36, 100668606.8),
(145870, 10407, 'natus', 6, 3519.734, 21118.404),
(145871, 10407, 'accusantium', 3, 16341318.989, 49023956.967),
(145872, 10407, 'quo', 9, 1.654, 14.886),
(145873, 10407, 'dolorum', 8, 5151713.801, 41213710.408),
(145874, 10407, 'natus', 4, 14501.8, 58007.2),
(145875, 10407, 'non', 8, 40, 320),
(145876, 10407, 'et', 2, 2.284, 4.568),
(145877, 10407, 'veritatis', 1, 54731.042, 54731.042),
(145878, 10407, 'molestiae', 5, 20.97, 104.85),
(145879, 10407, 'expedita', 3, 29013804, 87041412),
(145880, 10407, 'porro', 7, 2994.417, 20960.919),
(145881, 10407, 'illo', 7, 8, 56),
(145882, 10408, 'blanditiis', 8, 55733262, 445866096),
(145883, 10408, 'et', 8, 198.605, 1588.84),
(145884, 10408, 'fugit', 3, 434185.111, 1302555.333),
(145885, 10408, 'voluptas', 8, 3985.989, 31887.912),
(145886, 10408, 'voluptate', 4, 667110.131, 2668440.524),
(145887, 10408, 'reiciendis', 9, 29.82, 268.38),
(145888, 10408, 'omnis', 7, 1237456.496, 8662195.472),
(145889, 10408, 'eaque', 2, 9851.266, 19702.532),
(145890, 10408, 'ut', 5, 11.058, 55.29),
(145891, 10408, 'saepe', 5, 18886.852, 94434.26),
(145892, 10408, 'et', 4, 4.877, 19.508),
(145893, 10408, 'eos', 7, 1448.459, 10139.213),
(145894, 10408, 'recusandae', 9, 308600.03, 2777400.27),
(145895, 10409, 'non', 9, 485, 4365),
(145896, 10409, 'ut', 4, 5506634, 22026536),
(145897, 10409, 'facere', 6, 4082819.258, 24496915.548),
(145898, 10409, 'accusantium', 8, 12569.75, 100558),
(145899, 10409, 'nemo', 7, 189.325, 1325.275),
(145900, 10409, 'ab', 2, 4558.81, 9117.62),
(145901, 10409, 'quam', 8, 20776328.87, 166210630.96),
(145902, 10409, 'consequatur', 8, 61281966.23, 490255729.84),
(145903, 10409, 'cumque', 9, 385.522, 3469.698),
(145904, 10409, 'non', 10, 61067648.25, 610676482.5),
(145905, 10409, 'in', 9, 0.287, 2.583),
(145906, 10409, 'magni', 8, 0.05, 0.4),
(145907, 10409, 'at', 5, 168242318.827, 841211594.135),
(145908, 10409, 'voluptatem', 10, 3633203.531, 36332035.31),
(145909, 10410, 'alias', 6, 1.48, 8.88),
(145910, 10410, 'enim', 8, 9204249.579, 73633996.632),
(145911, 10410, 'et', 10, 5454621.364, 54546213.64),
(145912, 10410, 'consectetur', 3, 5.37, 16.11),
(145913, 10410, 'ut', 5, 74859.05, 374295.25),
(145914, 10410, 'dolorem', 2, 536601726.369, 1073203452.738),
(145915, 10410, 'architecto', 5, 695574.675, 3477873.375),
(145916, 10410, 'similique', 7, 251, 1757),
(145917, 10410, 'ipsa', 7, 1509944.3, 10569610.1),
(145918, 10410, 'alias', 8, 226.6, 1812.8),
(145919, 10410, 'quos', 3, 2.701, 8.103),
(145920, 10410, 'maxime', 10, 259369.89, 2593698.9),
(145921, 10410, 'aut', 9, 294.522, 2650.698),
(145922, 10410, 'reiciendis', 7, 12, 84),
(145923, 10410, 'quod', 1, 35931694.969, 35931694.969),
(145924, 10410, 'iure', 7, 6891.593, 48241.151),
(145925, 10410, 'dicta', 4, 3839922.495, 15359689.98),
(145926, 10411, 'quae', 7, 114, 798),
(145927, 10411, 'dignissimos', 4, 2737294.55, 10949178.2),
(145928, 10411, 'voluptatem', 10, 701.731, 7017.31),
(145929, 10411, 'quam', 10, 25.85, 258.5),
(145930, 10411, 'cum', 5, 39075850.394, 195379251.97),
(145931, 10411, 'eum', 3, 101423696.213, 304271088.639),
(145932, 10411, 'ut', 7, 50490.912, 353436.384),
(145933, 10411, 'qui', 5, 20645917.271, 103229586.355),
(145934, 10411, 'repellat', 2, 68.743, 137.486),
(145935, 10411, 'enim', 10, 0.619, 6.19),
(145936, 10411, 'nihil', 8, 91.948, 735.584),
(145937, 10411, 'fugiat', 4, 1.89, 7.56),
(145938, 10411, 'vero', 3, 410, 1230),
(145939, 10411, 'maiores', 5, 388988.95, 1944944.75),
(145940, 10412, 'qui', 2, 2768.405, 5536.81),
(145941, 10412, 'neque', 9, 31.3, 281.7),
(145942, 10412, 'culpa', 6, 1670316.565, 10021899.39),
(145943, 10412, 'quod', 5, 3333.6, 16668),
(145944, 10412, 'id', 7, 8475445.658, 59328119.606),
(145945, 10412, 'aut', 7, 1253.799, 8776.593),
(145946, 10412, 'vero', 5, 52602.126, 263010.63),
(145947, 10412, 'dolorem', 10, 154387.865, 1543878.65),
(145948, 10412, 'impedit', 10, 1.078, 10.78),
(145949, 10412, 'architecto', 5, 2.646, 13.23),
(145950, 10412, 'quisquam', 5, 2512233.044, 12561165.22),
(145951, 10412, 'distinctio', 1, 449123843.081, 449123843.081),
(145952, 10412, 'distinctio', 9, 1344.312, 12098.808),
(145953, 10412, 'necessitatibus', 9, 355276670.929, 3197490038.361),
(145954, 10413, 'qui', 9, 470748043, 4236732387),
(145955, 10413, 'at', 10, 2800651.089, 28006510.89),
(145956, 10413, 'enim', 9, 24140089.618, 217260806.562),
(145957, 10413, 'est', 8, 8496.628, 67973.024),
(145958, 10413, 'magni', 8, 59, 472),
(145959, 10413, 'voluptatem', 1, 0.003, 0.003),
(145960, 10413, 'totam', 8, 154833182, 1238665456),
(145961, 10413, 'tempore', 3, 7.7, 23.1),
(145962, 10413, 'repellendus', 5, 31205261, 156026305),
(145963, 10413, 'odio', 10, 2600226.91, 26002269.1),
(145964, 10413, 'deserunt', 9, 424.909, 3824.181),
(145965, 10413, 'velit', 1, 3559803.591, 3559803.591),
(145966, 10413, 'aperiam', 7, 138.052, 966.364),
(145967, 10413, 'impedit', 3, 122417869.473, 367253608.419),
(145968, 10413, 'eum', 4, 0.41, 1.64),
(145969, 10414, 'nisi', 4, 47837908, 191351632),
(145970, 10414, 'animi', 2, 50, 100),
(145971, 10414, 'aut', 6, 2.653, 15.918),
(145972, 10414, 'sed', 10, 95098282.47, 950982824.7),
(145973, 10414, 'natus', 7, 112525296.035, 787677072.245),
(145974, 10414, 'cupiditate', 6, 36.166, 216.996),
(145975, 10414, 'voluptas', 2, 2.343, 4.686),
(145976, 10414, 'velit', 8, 15976694.619, 127813556.952),
(145977, 10414, 'at', 10, 378251.996, 3782519.96),
(145978, 10414, 'officiis', 10, 54862727.8, 548627278),
(145979, 10414, 'et', 7, 3.613, 25.291),
(145980, 10415, 'dolorem', 10, 61714, 617140),
(145981, 10415, 'quo', 10, 201.1, 2011),
(145982, 10415, 'est', 5, 971.595, 4857.975),
(145983, 10415, 'et', 6, 2413.222, 14479.332),
(145984, 10415, 'quo', 9, 6661.178, 59950.602),
(145985, 10415, 'sit', 8, 525404443.89, 4203235551.12),
(145986, 10415, 'nostrum', 6, 224906.804, 1349440.824),
(145987, 10415, 'id', 10, 67769264.55, 677692645.5),
(145988, 10415, 'sequi', 10, 200217968.5, 2002179685),
(145989, 10415, 'asperiores', 6, 8.465, 50.79),
(145990, 10415, 'aut', 8, 160557.822, 1284462.576),
(145991, 10415, 'non', 9, 10248.828, 92239.452),
(145992, 10415, 'eos', 7, 428874.7, 3002122.9),
(145993, 10416, 'debitis', 6, 252740.7, 1516444.2),
(145994, 10416, 'adipisci', 1, 83.532, 83.532),
(145995, 10416, 'consequatur', 8, 57, 456),
(145996, 10416, 'adipisci', 7, 6075819.728, 42530738.096),
(145997, 10416, 'eius', 8, 5559.6, 44476.8),
(145998, 10416, 'alias', 5, 4.86, 24.3),
(145999, 10416, 'ut', 7, 15.54, 108.78),
(146000, 10416, 'ut', 7, 31414614.597, 219902302.179),
(146001, 10416, 'vel', 8, 3183948.699, 25471589.592),
(146002, 10416, 'aut', 8, 59568.84, 476550.72),
(146003, 10416, 'assumenda', 9, 2.219, 19.971),
(146004, 10416, 'sint', 8, 27130.182, 217041.456),
(146005, 10416, 'recusandae', 7, 34328471.641, 240299301.487),
(146006, 10416, 'iure', 7, 86863771.8, 608046402.6),
(146007, 10417, 'placeat', 3, 0.1, 0.3),
(146008, 10417, 'quam', 10, 119376.495, 1193764.95),
(146009, 10417, 'adipisci', 9, 48238.575, 434147.175),
(146010, 10417, 'aliquid', 9, 114416255.278, 1029746297.502),
(146011, 10417, 'pariatur', 3, 3241420.004, 9724260.012),
(146012, 10417, 'veniam', 5, 605060601.742, 3025303008.71),
(146013, 10417, 'velit', 8, 12768012.187, 102144097.496),
(146014, 10417, 'soluta', 10, 14875.32, 148753.2),
(146015, 10417, 'nesciunt', 10, 961392247.465, 9613922474.65),
(146016, 10417, 'reiciendis', 10, 1620.828, 16208.28),
(146017, 10417, 'maiores', 1, 317328.3, 317328.3),
(146018, 10417, 'necessitatibus', 9, 388791505.6, 3499123550.4),
(146019, 10417, 'facere', 2, 19.64, 39.28),
(146020, 10417, 'voluptas', 7, 148811757.121, 1041682299.847),
(146021, 10417, 'ratione', 10, 6825139.069, 68251390.69),
(146022, 10417, 'vel', 2, 6.274, 12.548),
(146023, 10418, 'sunt', 6, 9636100.09, 57816600.54),
(146024, 10418, 'et', 1, 365408.027, 365408.027),
(146025, 10418, 'perferendis', 5, 631816.096, 3159080.48),
(146026, 10418, 'consectetur', 8, 250044711.444, 2000357691.552),
(146027, 10418, 'qui', 8, 8.484, 67.872),
(146028, 10418, 'nostrum', 5, 8.044, 40.22),
(146029, 10418, 'dolorem', 10, 725.752, 7257.52),
(146030, 10418, 'voluptas', 8, 1072.467, 8579.736),
(146031, 10418, 'dolorum', 10, 699545, 6995450),
(146032, 10418, 'et', 6, 0.61, 3.66),
(146033, 10418, 'molestias', 6, 260.171, 1561.026),
(146034, 10418, 'rerum', 3, 9892676.98, 29678030.94),
(146035, 10418, 'soluta', 7, 1152.983, 8070.881),
(146036, 10418, 'qui', 5, 134070.5, 670352.5),
(146037, 10418, 'accusantium', 6, 5799835.052, 34799010.312),
(146038, 10418, 'quis', 5, 1678973.177, 8394865.885),
(146039, 10418, 'excepturi', 6, 398661.635, 2391969.81),
(146040, 10418, 'tenetur', 7, 4760.154, 33321.078),
(146041, 10419, 'porro', 10, 5257.528, 52575.28),
(146042, 10419, 'laboriosam', 10, 146.2, 1462),
(146043, 10419, 'nemo', 3, 418359, 1255077),
(146044, 10419, 'distinctio', 8, 0, 0),
(146045, 10419, 'et', 7, 111835.324, 782847.268),
(146046, 10419, 'omnis', 9, 7.3, 65.7),
(146047, 10419, 'itaque', 5, 2155.897, 10779.485),
(146048, 10419, 'aliquid', 7, 138328.466, 968299.262),
(146049, 10419, 'est', 10, 169606604.266, 1696066042.66),
(146050, 10419, 'labore', 10, 4600716.631, 46007166.31),
(146051, 10419, 'quidem', 10, 233205, 2332050),
(146052, 10419, 'esse', 9, 15986417.634, 143877758.706),
(146053, 10419, 'sint', 5, 434.161, 2170.805),
(146054, 10419, 'repellat', 7, 31.551, 220.857),
(146055, 10419, 'molestias', 9, 223651224.889, 2012861024.001),
(146056, 10419, 'ut', 5, 3.185, 15.925),
(146057, 10420, 'non', 8, 224906.386, 1799251.088),
(146058, 10420, 'omnis', 3, 24.241, 72.723),
(146059, 10420, 'inventore', 10, 54508.099, 545080.99),
(146060, 10420, 'eligendi', 9, 224797.359, 2023176.231),
(146061, 10420, 'suscipit', 2, 77969346.401, 155938692.802),
(146062, 10420, 'voluptatum', 9, 44817.411, 403356.699),
(146063, 10420, 'labore', 5, 130956.174, 654780.87),
(146064, 10420, 'quisquam', 7, 1.59, 11.13),
(146065, 10420, 'unde', 3, 10.691, 32.073),
(146066, 10420, 'sed', 3, 272.413, 817.239),
(146067, 10420, 'sit', 9, 816699458.331, 7350295124.979),
(146068, 10420, 'aliquam', 3, 54922.162, 164766.486),
(146069, 10420, 'ut', 3, 58593.9, 175781.7),
(146070, 10420, 'fuga', 10, 4.674, 46.74),
(146071, 10420, 'dolorem', 8, 22305.884, 178447.072),
(146072, 10420, 'fugit', 2, 132283.089, 264566.178),
(146073, 10420, 'rerum', 2, 381039829.525, 762079659.05),
(146074, 10421, 'accusantium', 6, 35.842, 215.052),
(146075, 10421, 'explicabo', 10, 449324212, 4493242120),
(146076, 10421, 'ducimus', 5, 5380, 26900),
(146077, 10421, 'quas', 5, 37895.132, 189475.66),
(146078, 10421, 'sed', 7, 5.54, 38.78),
(146079, 10421, 'impedit', 4, 301.739, 1206.956),
(146080, 10421, 'id', 3, 660257, 1980771),
(146081, 10421, 'ex', 10, 217631.386, 2176313.86),
(146082, 10421, 'sed', 3, 26015060.552, 78045181.656),
(146083, 10421, 'sint', 4, 1373565.771, 5494263.084),
(146084, 10421, 'consequatur', 6, 3247555, 19485330),
(146085, 10421, 'dolor', 2, 78.64, 157.28),
(146086, 10421, 'tenetur', 1, 336936.313, 336936.313),
(146087, 10421, 'in', 3, 511194334.6, 1533583003.8),
(146088, 10421, 'autem', 8, 1046426.823, 8371414.584),
(146089, 10422, 'et', 5, 17689, 88445),
(146090, 10422, 'eius', 10, 154370.125, 1543701.25),
(146091, 10422, 'autem', 6, 466372796.9, 2798236781.4),
(146092, 10422, 'quibusdam', 6, 7.518, 45.108),
(146093, 10422, 'laboriosam', 9, 5, 45),
(146094, 10422, 'deleniti', 7, 1.713, 11.991),
(146095, 10422, 'recusandae', 8, 126931617.535, 1015452940.28),
(146096, 10422, 'ea', 7, 41219817, 288538719),
(146097, 10422, 'ut', 4, 230619.711, 922478.844),
(146098, 10422, 'qui', 10, 8228959.22, 82289592.2),
(146099, 10422, 'neque', 10, 4406, 44060),
(146100, 10422, 'ea', 9, 3148890.089, 28340010.801),
(146101, 10422, 'voluptatem', 4, 14138.266, 56553.064),
(146102, 10422, 'perspiciatis', 10, 3253773.07, 32537730.7),
(146103, 10422, 'laborum', 7, 0.044, 0.308),
(146104, 10422, 'dolor', 10, 6053.038, 60530.38),
(146105, 10423, 'vel', 2, 2752047.487, 5504094.974),
(146106, 10423, 'alias', 10, 1793.597, 17935.97),
(146107, 10423, 'recusandae', 4, 3005131.014, 12020524.056),
(146108, 10423, 'praesentium', 8, 508.437, 4067.496),
(146109, 10423, 'exercitationem', 10, 239.455, 2394.55),
(146110, 10423, 'id', 7, 4.98, 34.86),
(146111, 10423, 'nostrum', 9, 68972972.184, 620756749.656),
(146112, 10423, 'consequuntur', 5, 5555799.912, 27778999.56),
(146113, 10423, 'voluptate', 8, 1480.275, 11842.2),
(146114, 10423, 'veniam', 4, 1676721.287, 6706885.148),
(146115, 10423, 'nostrum', 8, 614.651, 4917.208),
(146116, 10423, 'consequatur', 10, 186146431.318, 1861464313.18),
(146117, 10423, 'unde', 10, 385911355.28, 3859113552.8),
(146118, 10423, 'molestiae', 8, 38697994.34, 309583954.72),
(146119, 10423, 'recusandae', 9, 818.561, 7367.049),
(146120, 10423, 'ipsum', 10, 2676047, 26760470),
(146121, 10423, 'assumenda', 2, 1461451.097, 2922902.194),
(146122, 10424, 'nemo', 9, 6340.98, 57068.82),
(146123, 10424, 'qui', 1, 6164.32, 6164.32),
(146124, 10424, 'error', 10, 247.308, 2473.08),
(146125, 10424, 'doloribus', 9, 276470320, 2488232880),
(146126, 10424, 'nobis', 7, 1404.219, 9829.533),
(146127, 10424, 'molestiae', 6, 187603.062, 1125618.372),
(146128, 10424, 'et', 8, 69787.2, 558297.6),
(146129, 10424, 'rem', 2, 3, 6),
(146130, 10424, 'animi', 9, 219330, 1973970),
(146131, 10424, 'ex', 6, 19878616.835, 119271701.01),
(146132, 10424, 'veniam', 6, 14.6, 87.6),
(146133, 10424, 'quisquam', 7, 950.999, 6656.993),
(146134, 10424, 'nobis', 10, 70417411.12, 704174111.2),
(146135, 10424, 'voluptas', 10, 130795.036, 1307950.36),
(146136, 10425, 'ipsum', 2, 641.582, 1283.164),
(146137, 10425, 'a', 6, 129.931, 779.586),
(146138, 10425, 'veniam', 9, 5215434.9, 46938914.1),
(146139, 10425, 'voluptatibus', 10, 28273293.006, 282732930.06),
(146140, 10425, 'voluptas', 10, 279684262.873, 2796842628.73),
(146141, 10425, 'ut', 4, 7437268.474, 29749073.896),
(146142, 10425, 'illum', 2, 14416341.036, 28832682.072),
(146143, 10425, 'numquam', 9, 9.457, 85.113),
(146144, 10425, 'inventore', 5, 9249615.601, 46248078.005),
(146145, 10425, 'veniam', 10, 6506.8, 65068),
(146146, 10425, 'voluptas', 3, 191955287.427, 575865862.281),
(146147, 10425, 'soluta', 6, 456761986.95, 2740571921.7),
(146148, 10425, 'quas', 4, 461, 1844),
(146149, 10425, 'quod', 4, 2203.638, 8814.552),
(146150, 10426, 'quia', 8, 0.403, 3.224),
(146151, 10426, 'et', 4, 13516.017, 54064.068),
(146152, 10426, 'ea', 8, 270.266, 2162.128),
(146153, 10426, 'non', 7, 1533548, 10734836),
(146154, 10426, 'voluptatum', 8, 2, 16),
(146155, 10426, 'incidunt', 10, 32148894.1, 321488941),
(146156, 10426, 'aperiam', 7, 1.788, 12.516),
(146157, 10426, 'rerum', 7, 22777.52, 159442.64),
(146158, 10426, 'ad', 3, 312730349.342, 938191048.026),
(146159, 10426, 'deserunt', 4, 1.989, 7.956),
(146160, 10426, 'aliquam', 8, 303.8, 2430.4),
(146161, 10426, 'doloribus', 4, 20.89, 83.56),
(146162, 10426, 'ducimus', 1, 8.074, 8.074),
(146163, 10426, 'est', 9, 23.666, 212.994),
(146164, 10426, 'alias', 2, 502183.991, 1004367.982),
(146165, 10426, 'eum', 9, 4.023, 36.207),
(146166, 10426, 'dolorum', 8, 4635482.5, 37083860),
(146167, 10427, 'consectetur', 9, 50.4, 453.6),
(146168, 10427, 'amet', 9, 128, 1152),
(146169, 10427, 'ducimus', 5, 67664.788, 338323.94),
(146170, 10427, 'omnis', 10, 11512.82, 115128.2),
(146171, 10427, 'praesentium', 7, 7.411, 51.877),
(146172, 10427, 'dicta', 3, 13734.325, 41202.975),
(146173, 10427, 'dolorum', 6, 600304579.4, 3601827476.4),
(146174, 10427, 'molestiae', 6, 22291776.785, 133750660.71),
(146175, 10427, 'rerum', 9, 2926, 26334),
(146176, 10427, 'rerum', 3, 41976.093, 125928.279),
(146177, 10427, 'autem', 3, 234404.011, 703212.033),
(146178, 10427, 'dolorum', 10, 2269322.757, 22693227.57),
(146179, 10427, 'cupiditate', 7, 10725647.029, 75079529.203),
(146180, 10427, 'consequatur', 4, 2345718.365, 9382873.46),
(146181, 10427, 'itaque', 7, 88331422.076, 618319954.532),
(146182, 10427, 'veniam', 5, 3261.312, 16306.56),
(146183, 10428, 'nihil', 6, 699, 4194),
(146184, 10428, 'dolores', 5, 1442.373, 7211.865),
(146185, 10428, 'dolorem', 10, 93.391, 933.91),
(146186, 10428, 'distinctio', 4, 21281313, 85125252),
(146187, 10428, 'earum', 8, 84891.618, 679132.944),
(146188, 10428, 'et', 3, 141035678.465, 423107035.395),
(146189, 10428, 'ut', 6, 1003.257, 6019.542),
(146190, 10428, 'sint', 7, 396.38, 2774.66),
(146191, 10428, 'qui', 3, 4302.667, 12908.001),
(146192, 10428, 'deserunt', 8, 0.921, 7.368),
(146193, 10428, 'officiis', 9, 3489.222, 31402.998),
(146194, 10428, 'est', 4, 30936127.406, 123744509.624),
(146195, 10428, 'beatae', 3, 25707.78, 77123.34),
(146196, 10428, 'modi', 4, 250.71, 1002.84),
(146197, 10428, 'consequuntur', 2, 1266.595, 2533.19),
(146198, 10428, 'ea', 10, 42019.319, 420193.19),
(146199, 10428, 'deleniti', 8, 48556.4, 388451.2),
(146200, 10428, 'sed', 8, 106672969, 853383752),
(146201, 10429, 'voluptas', 9, 432025.2, 3888226.8),
(146202, 10429, 'quis', 2, 38516.158, 77032.316),
(146203, 10429, 'enim', 3, 25407376.532, 76222129.596),
(146204, 10429, 'in', 8, 841370.085, 6730960.68),
(146205, 10429, 'voluptas', 10, 1929486.6, 19294866),
(146206, 10429, 'quasi', 3, 2.843, 8.529),
(146207, 10429, 'commodi', 8, 14092623.138, 112740985.104),
(146208, 10429, 'in', 6, 0, 0),
(146209, 10429, 'omnis', 4, 113.278, 453.112),
(146210, 10429, 'tempora', 8, 640532.617, 5124260.936),
(146211, 10429, 'ut', 9, 10515908.83, 94643179.47),
(146212, 10429, 'animi', 5, 12.226, 61.13),
(146213, 10429, 'ut', 7, 1.65, 11.55),
(146214, 10429, 'quia', 3, 136684.219, 410052.657),
(146215, 10430, 'accusantium', 8, 393886, 3151088),
(146216, 10430, 'sed', 9, 1268681.667, 11418135.003),
(146217, 10430, 'omnis', 6, 5.348, 32.088),
(146218, 10430, 'dolorem', 6, 1.474, 8.844),
(146219, 10430, 'voluptatum', 6, 37.83, 226.98),
(146220, 10430, 'veniam', 5, 2250707.7, 11253538.5),
(146221, 10430, 'debitis', 5, 15853643.866, 79268219.33),
(146222, 10430, 'cumque', 5, 0, 0),
(146223, 10430, 'delectus', 1, 41787.51, 41787.51),
(146224, 10430, 'asperiores', 7, 37.7, 263.9),
(146225, 10430, 'ipsum', 9, 2.43, 21.87),
(146226, 10431, 'cum', 8, 4.31, 34.48),
(146227, 10431, 'sit', 9, 7299.791, 65698.119),
(146228, 10431, 'numquam', 8, 590.259, 4722.072);
INSERT INTO `produit` (`id`, `facture_id`, `nom`, `nb`, `prix_unitaire`, `prix_total`) VALUES
(146229, 10431, 'iste', 10, 37931307.613, 379313076.13),
(146230, 10431, 'nulla', 8, 855.24, 6841.92),
(146231, 10431, 'debitis', 8, 1.007, 8.056),
(146232, 10431, 'accusantium', 9, 128267, 1154403),
(146233, 10431, 'rerum', 7, 273778.782, 1916451.474),
(146234, 10431, 'et', 10, 5.522, 55.22),
(146235, 10431, 'nemo', 3, 2.479, 7.437),
(146236, 10431, 'sed', 1, 34267319.679, 34267319.679),
(146237, 10431, 'nostrum', 10, 3, 30),
(146238, 10431, 'qui', 7, 7.806, 54.642),
(146239, 10431, 'aliquid', 6, 4223502.13, 25341012.78),
(146240, 10432, 'sit', 4, 1133.6, 4534.4),
(146241, 10432, 'et', 10, 5.778, 57.78),
(146242, 10432, 'est', 7, 1390397.718, 9732784.026),
(146243, 10432, 'qui', 8, 300286309.105, 2402290472.84),
(146244, 10432, 'eum', 8, 20062608, 160500864),
(146245, 10432, 'amet', 7, 460863041.73, 3226041292.11),
(146246, 10432, 'reiciendis', 3, 56.543, 169.629),
(146247, 10432, 'laudantium', 6, 16, 96),
(146248, 10432, 'consequatur', 8, 7980716.078, 63845728.624),
(146249, 10432, 'repellat', 6, 1587656, 9525936),
(146250, 10432, 'sunt', 8, 131869.041, 1054952.328),
(146251, 10432, 'vero', 10, 59983.998, 599839.98),
(146252, 10432, 'facilis', 9, 348924.394, 3140319.546),
(146253, 10432, 'non', 4, 35599272.663, 142397090.652),
(146254, 10432, 'voluptate', 7, 3462249.5, 24235746.5),
(146255, 10433, 'repudiandae', 8, 59961.55, 479692.4),
(146256, 10433, 'alias', 5, 88.1, 440.5),
(146257, 10433, 'sed', 6, 2.976, 17.856),
(146258, 10433, 'neque', 8, 19413408.1, 155307264.8),
(146259, 10433, 'consequatur', 6, 281.94, 1691.64),
(146260, 10433, 'autem', 4, 210, 840),
(146261, 10433, 'sit', 10, 511.009, 5110.09),
(146262, 10433, 'necessitatibus', 7, 0.423, 2.961),
(146263, 10433, 'in', 8, 1.4, 11.2),
(146264, 10433, 'eum', 5, 0, 0),
(146265, 10433, 'fugit', 8, 14.3, 114.4),
(146266, 10433, 'consequatur', 9, 25.085, 225.765),
(146267, 10433, 'iure', 7, 253129087.375, 1771903611.625),
(146268, 10433, 'sequi', 5, 5546523.677, 27732618.385),
(146269, 10433, 'et', 7, 2700.6, 18904.2),
(146270, 10434, 'voluptate', 9, 2716302.8, 24446725.2),
(146271, 10434, 'quis', 5, 0, 0),
(146272, 10434, 'id', 3, 236.643, 709.929),
(146273, 10434, 'unde', 3, 1108831.331, 3326493.993),
(146274, 10434, 'repudiandae', 7, 126.3, 884.1),
(146275, 10434, 'quae', 9, 554.354, 4989.186),
(146276, 10434, 'dolores', 6, 892.468, 5354.808),
(146277, 10434, 'aperiam', 9, 6.5, 58.5),
(146278, 10434, 'sint', 9, 223793.817, 2014144.353),
(146279, 10434, 'velit', 2, 32480403.396, 64960806.792),
(146280, 10434, 'saepe', 9, 357.3, 3215.7),
(146281, 10434, 'culpa', 6, 3, 18),
(146282, 10434, 'voluptatem', 8, 1045.985, 8367.88),
(146283, 10434, 'omnis', 6, 3206250.708, 19237504.248),
(146284, 10434, 'perspiciatis', 6, 33306.621, 199839.726),
(146285, 10434, 'voluptate', 4, 6468025.435, 25872101.74),
(146286, 10434, 'autem', 9, 716.73, 6450.57),
(146287, 10435, 'sint', 9, 188499311.68, 1696493805.12),
(146288, 10435, 'tenetur', 10, 469947.693, 4699476.93),
(146289, 10435, 'velit', 9, 0.001, 0.009),
(146290, 10435, 'et', 4, 4425089.3, 17700357.2),
(146291, 10435, 'officia', 7, 181861855.882, 1273032991.174),
(146292, 10435, 'iste', 6, 3642.67, 21856.02),
(146293, 10435, 'quidem', 10, 454, 4540),
(146294, 10435, 'maiores', 9, 1396352.23, 12567170.07),
(146295, 10435, 'earum', 8, 23447.755, 187582.04),
(146296, 10435, 'voluptatem', 10, 574.28, 5742.8),
(146297, 10435, 'maiores', 8, 220070.189, 1760561.512),
(146298, 10435, 'quia', 5, 1787.433, 8937.165),
(146299, 10435, 'earum', 6, 7073929.815, 42443578.89),
(146300, 10435, 'laboriosam', 9, 4682.176, 42139.584),
(146301, 10435, 'excepturi', 3, 28.7, 86.1),
(146302, 10435, 'omnis', 8, 45149.799, 361198.392),
(146303, 10436, 'distinctio', 5, 3.083, 15.415),
(146304, 10436, 'veritatis', 6, 178229193.217, 1069375159.302),
(146305, 10436, 'illo', 7, 0.452, 3.164),
(146306, 10436, 'in', 10, 3096989.805, 30969898.05),
(146307, 10436, 'ea', 10, 21328408, 213284080),
(146308, 10436, 'itaque', 8, 28790851.4, 230326811.2),
(146309, 10436, 'explicabo', 1, 3537782.63, 3537782.63),
(146310, 10436, 'odio', 3, 81832.2, 245496.6),
(146311, 10436, 'amet', 6, 64648418.798, 387890512.788),
(146312, 10436, 'aut', 10, 6041180.4, 60411804),
(146313, 10436, 'rerum', 9, 774511.776, 6970605.984),
(146314, 10436, 'nobis', 5, 4, 20),
(146315, 10436, 'maxime', 3, 1, 3),
(146316, 10436, 'quas', 8, 70018.301, 560146.408),
(146317, 10436, 'eligendi', 6, 74179.664, 445077.984),
(146318, 10436, 'dolorum', 10, 645385743.749, 6453857437.49),
(146319, 10436, 'commodi', 2, 1.875, 3.75),
(146320, 10437, 'consequatur', 10, 1197630.618, 11976306.18),
(146321, 10437, 'eligendi', 10, 1452.378, 14523.78),
(146322, 10437, 'sunt', 9, 1133296, 10199664),
(146323, 10437, 'beatae', 7, 201.328, 1409.296),
(146324, 10437, 'officiis', 3, 276739.348, 830218.044),
(146325, 10437, 'expedita', 3, 8345428.219, 25036284.657),
(146326, 10437, 'mollitia', 8, 25329792.04, 202638336.32),
(146327, 10437, 'optio', 9, 224.376, 2019.384),
(146328, 10437, 'in', 10, 3.709, 37.09),
(146329, 10437, 'eos', 6, 2573, 15438),
(146330, 10437, 'atque', 5, 233434649, 1167173245),
(146331, 10437, 'rerum', 5, 123940.717, 619703.585),
(146332, 10437, 'error', 4, 3.2, 12.8),
(146333, 10437, 'qui', 10, 423373.257, 4233732.57),
(146334, 10437, 'blanditiis', 9, 392290051.967, 3530610467.703),
(146335, 10437, 'deserunt', 8, 25846296.249, 206770369.992),
(146336, 10437, 'ratione', 4, 3968.324, 15873.296),
(146337, 10437, 'consequatur', 10, 3790806.704, 37908067.04),
(146338, 10438, 'iste', 4, 75.847, 303.388),
(146339, 10438, 'doloribus', 10, 3288565, 32885650),
(146340, 10438, 'amet', 7, 73100.18, 511701.26),
(146341, 10438, 'dolorem', 9, 84.786, 763.074),
(146342, 10438, 'velit', 9, 4374655.148, 39371896.332),
(146343, 10438, 'voluptatem', 8, 148798979.973, 1190391839.784),
(146344, 10438, 'vel', 5, 522101757.501, 2610508787.505),
(146345, 10438, 'aut', 5, 230.3, 1151.5),
(146346, 10438, 'non', 10, 111.949, 1119.49),
(146347, 10438, 'consectetur', 7, 3209.119, 22463.833),
(146348, 10438, 'cumque', 10, 765.385, 7653.85),
(146349, 10438, 'et', 7, 11203883.32, 78427183.24),
(146350, 10438, 'fugit', 6, 2, 12),
(146351, 10438, 'aliquam', 10, 293.063, 2930.63),
(146352, 10438, 'adipisci', 2, 67.36, 134.72),
(146353, 10439, 'optio', 8, 16835.115, 134680.92),
(146354, 10439, 'non', 10, 823591.41, 8235914.1),
(146355, 10439, 'nemo', 5, 2088190, 10440950),
(146356, 10439, 'soluta', 3, 2689.62, 8068.86),
(146357, 10439, 'optio', 6, 13697390.261, 82184341.566),
(146358, 10439, 'aut', 7, 27058456.789, 189409197.523),
(146359, 10439, 'deleniti', 5, 380847.928, 1904239.64),
(146360, 10439, 'debitis', 6, 467816643.636, 2806899861.816),
(146361, 10439, 'qui', 4, 2095, 8380),
(146362, 10439, 'voluptatem', 2, 494023.807, 988047.614),
(146363, 10439, 'enim', 9, 34589705.21, 311307346.89),
(146364, 10439, 'voluptas', 1, 4.762, 4.762),
(146365, 10439, 'voluptas', 7, 12376864.924, 86638054.468),
(146366, 10439, 'pariatur', 4, 6.101, 24.404),
(146367, 10439, 'eveniet', 9, 12453636.81, 112082731.29),
(146368, 10439, 'quo', 9, 1424718.665, 12822467.985),
(146369, 10440, 'ab', 9, 2871331.777, 25841985.993),
(146370, 10440, 'excepturi', 10, 312687.299, 3126872.99),
(146371, 10440, 'tempora', 5, 2425.248, 12126.24),
(146372, 10440, 'unde', 9, 144664.328, 1301978.952),
(146373, 10440, 'illum', 5, 8978530.963, 44892654.815),
(146374, 10440, 'quibusdam', 6, 95783.32, 574699.92),
(146375, 10440, 'doloribus', 8, 20351.536, 162812.288),
(146376, 10440, 'ut', 9, 3946591, 35519319),
(146377, 10440, 'ut', 5, 2.474, 12.37),
(146378, 10440, 'non', 8, 5121.935, 40975.48),
(146379, 10440, 'tempora', 5, 67.736, 338.68),
(146380, 10440, 'ut', 2, 696278.835, 1392557.67),
(146381, 10440, 'numquam', 1, 14461804.307, 14461804.307),
(146382, 10440, 'consequatur', 7, 6, 42),
(146383, 10440, 'ut', 10, 4.732, 47.32),
(146384, 10440, 'voluptatum', 7, 1988119.811, 13916838.677),
(146385, 10441, 'minima', 10, 151382117.92, 1513821179.2),
(146386, 10441, 'dignissimos', 10, 36720.559, 367205.59),
(146387, 10441, 'ab', 4, 170554.752, 682219.008),
(146388, 10441, 'aliquid', 9, 675.783, 6082.047),
(146389, 10441, 'vel', 6, 148344647.468, 890067884.808),
(146390, 10441, 'iste', 6, 562209623.735, 3373257742.41),
(146391, 10441, 'rerum', 3, 73725.435, 221176.305),
(146392, 10441, 'distinctio', 9, 85.876, 772.884),
(146393, 10441, 'saepe', 1, 3177535.514, 3177535.514),
(146394, 10441, 'aliquam', 9, 14772.221, 132949.989),
(146395, 10441, 'inventore', 10, 4722161, 47221610),
(146396, 10441, 'qui', 2, 2081603.448, 4163206.896),
(146397, 10441, 'ea', 4, 3861.498, 15445.992),
(146398, 10441, 'itaque', 4, 0.465, 1.86),
(146399, 10441, 'exercitationem', 4, 8405221.101, 33620884.404),
(146400, 10441, 'perspiciatis', 10, 4253149.113, 42531491.13),
(146401, 10441, 'amet', 10, 4469.98, 44699.8),
(146402, 10441, 'at', 8, 59.266, 474.128),
(146403, 10441, 'magnam', 10, 2156.344, 21563.44),
(146404, 10442, 'ut', 5, 67022074.956, 335110374.78),
(146405, 10442, 'doloribus', 9, 17057.24, 153515.16),
(146406, 10442, 'asperiores', 7, 0.3, 2.1),
(146407, 10442, 'corporis', 8, 2610.346, 20882.768),
(146408, 10442, 'culpa', 6, 181129509.146, 1086777054.876),
(146409, 10442, 'non', 4, 39740753.201, 158963012.804),
(146410, 10442, 'et', 3, 247.8, 743.4),
(146411, 10442, 'aut', 7, 357.177, 2500.239),
(146412, 10442, 'sit', 9, 73486.453, 661378.077),
(146413, 10442, 'voluptate', 10, 5384846.019, 53848460.19),
(146414, 10442, 'veniam', 9, 308482569.783, 2776343128.047),
(146415, 10442, 'explicabo', 4, 17733704, 70934816),
(146416, 10442, 'rerum', 5, 44.149, 220.745),
(146417, 10442, 'totam', 6, 1722.781, 10336.686),
(146418, 10442, 'et', 2, 0.332, 0.664),
(146419, 10442, 'quasi', 9, 71.62, 644.58),
(146420, 10442, 'dicta', 10, 5.85, 58.5),
(146421, 10442, 'voluptatum', 9, 459.6, 4136.4),
(146422, 10443, 'repudiandae', 5, 7529579.23, 37647896.15),
(146423, 10443, 'nihil', 9, 4364.523, 39280.707),
(146424, 10443, 'aut', 8, 18.1, 144.8),
(146425, 10443, 'aut', 4, 406444.513, 1625778.052),
(146426, 10443, 'id', 9, 45844.47, 412600.23),
(146427, 10443, 'ipsam', 7, 2187.185, 15310.295),
(146428, 10443, 'iste', 3, 3221, 9663),
(146429, 10443, 'ipsa', 7, 8750081.032, 61250567.224),
(146430, 10443, 'non', 7, 26191457.848, 183340204.936),
(146431, 10443, 'repellat', 10, 104155608, 1041556080),
(146432, 10443, 'tempora', 6, 8109348.881, 48656093.286),
(146433, 10443, 'est', 2, 5625.194, 11250.388),
(146434, 10443, 'quasi', 2, 25274.288, 50548.576),
(146435, 10443, 'aut', 2, 40120.521, 80241.042),
(146436, 10443, 'dolor', 9, 94231.76, 848085.84),
(146437, 10443, 'recusandae', 2, 2314.7, 4629.4),
(146438, 10444, 'unde', 9, 34111.894, 307007.046),
(146439, 10444, 'ipsa', 9, 33319618.86, 299876569.74),
(146440, 10444, 'voluptas', 1, 604285.624, 604285.624),
(146441, 10444, 'quibusdam', 10, 22277420, 222774200),
(146442, 10444, 'maiores', 3, 6617257.5, 19851772.5),
(146443, 10444, 'corrupti', 7, 11622.688, 81358.816),
(146444, 10444, 'sed', 2, 169.85, 339.7),
(146445, 10444, 'expedita', 6, 0.477, 2.862),
(146446, 10444, 'repudiandae', 3, 2.14, 6.42),
(146447, 10444, 'dolores', 7, 28428.78, 199001.46),
(146448, 10444, 'non', 7, 1360034.995, 9520244.965),
(146449, 10444, 'aliquid', 7, 2553715.174, 17876006.218),
(146450, 10444, 'nihil', 9, 799837.3, 7198535.7),
(146451, 10444, 'reprehenderit', 9, 1849.261, 16643.349),
(146452, 10445, 'incidunt', 3, 217.578, 652.734),
(146453, 10445, 'autem', 9, 37.945, 341.505),
(146454, 10445, 'iure', 5, 155.515, 777.575),
(146455, 10445, 'iusto', 4, 46111097.584, 184444390.336),
(146456, 10445, 'ducimus', 10, 7784527.554, 77845275.54),
(146457, 10445, 'saepe', 3, 116311.667, 348935.001),
(146458, 10445, 'sed', 7, 1771400.9, 12399806.3),
(146459, 10445, 'in', 2, 600.007, 1200.014),
(146460, 10445, 'eveniet', 10, 572618.9, 5726189),
(146461, 10445, 'quod', 6, 20370096.7, 122220580.2),
(146462, 10445, 'numquam', 5, 21, 105),
(146463, 10445, 'voluptatem', 5, 7648194.359, 38240971.795),
(146464, 10445, 'sit', 3, 15.43, 46.29),
(146465, 10445, 'aspernatur', 5, 400380.51, 2001902.55),
(146466, 10445, 'asperiores', 6, 67563.24, 405379.44),
(146467, 10446, 'praesentium', 9, 511.5, 4603.5),
(146468, 10446, 'rem', 5, 4282439, 21412195),
(146469, 10446, 'molestiae', 10, 3194891.82, 31948918.2),
(146470, 10446, 'cupiditate', 6, 80306746.84, 481840481.04),
(146471, 10446, 'nihil', 8, 15.248, 121.984),
(146472, 10446, 'et', 4, 415870.153, 1663480.612),
(146473, 10446, 'consectetur', 9, 130913.664, 1178222.976),
(146474, 10446, 'incidunt', 10, 1.601, 16.01),
(146475, 10446, 'totam', 10, 67.251, 672.51),
(146476, 10446, 'autem', 4, 788246.781, 3152987.124),
(146477, 10446, 'iusto', 6, 260231485.646, 1561388913.876),
(146478, 10446, 'soluta', 7, 5121.875, 35853.125),
(146479, 10446, 'soluta', 3, 5447.479, 16342.437),
(146480, 10446, 'et', 5, 6120.58, 30602.9),
(146481, 10446, 'perferendis', 6, 13784, 82704),
(146482, 10446, 'dicta', 3, 481296.701, 1443890.103),
(146483, 10447, 'molestiae', 4, 56277.9, 225111.6),
(146484, 10447, 'aperiam', 7, 1.346, 9.422),
(146485, 10447, 'et', 3, 652646, 1957938),
(146486, 10447, 'facilis', 7, 13195362, 92367534),
(146487, 10447, 'possimus', 3, 49.299, 147.897),
(146488, 10447, 'iure', 4, 270602.64, 1082410.56),
(146489, 10447, 'quasi', 9, 2124641.73, 19121775.57),
(146490, 10447, 'impedit', 9, 3119.217, 28072.953),
(146491, 10447, 'quia', 7, 3843.4, 26903.8),
(146492, 10447, 'expedita', 10, 32.362, 323.62),
(146493, 10447, 'id', 8, 3187.015, 25496.12),
(146494, 10447, 'sit', 6, 4316.724, 25900.344),
(146495, 10447, 'mollitia', 9, 4086.368, 36777.312),
(146496, 10447, 'minima', 4, 10569724.14, 42278896.56),
(146497, 10448, 'voluptate', 8, 117.334, 938.672),
(146498, 10448, 'porro', 5, 492442263.027, 2462211315.135),
(146499, 10448, 'possimus', 2, 3055.29, 6110.58),
(146500, 10448, 'minus', 8, 7611.451, 60891.608),
(146501, 10448, 'qui', 5, 0, 0),
(146502, 10448, 'illum', 5, 7.032, 35.16),
(146503, 10448, 'debitis', 9, 113.456, 1021.104),
(146504, 10448, 'deleniti', 5, 2.078, 10.39),
(146505, 10448, 'explicabo', 9, 219068.146, 1971613.314),
(146506, 10448, 'est', 10, 371.621, 3716.21),
(146507, 10448, 'quo', 9, 86748.76, 780738.84),
(146508, 10448, 'dicta', 2, 0.773, 1.546),
(146509, 10448, 'voluptas', 9, 457097.2, 4113874.8),
(146510, 10448, 'enim', 5, 1.983, 9.915),
(146511, 10448, 'vel', 10, 0.793, 7.93),
(146512, 10448, 'assumenda', 10, 432.825, 4328.25),
(146513, 10448, 'et', 6, 6019.389, 36116.334),
(146514, 10448, 'error', 8, 49239.6, 393916.8),
(146515, 10448, 'necessitatibus', 2, 276.878, 553.756),
(146516, 10449, 'et', 2, 462777000.1, 925554000.2),
(146517, 10449, 'autem', 10, 23.407, 234.07),
(146518, 10449, 'sint', 1, 208741.231, 208741.231),
(146519, 10449, 'quo', 9, 1120.482, 10084.338),
(146520, 10449, 'amet', 7, 62742.997, 439200.979),
(146521, 10449, 'exercitationem', 5, 79634, 398170),
(146522, 10449, 'veniam', 10, 6422604.92, 64226049.2),
(146523, 10449, 'nostrum', 8, 1.374, 10.992),
(146524, 10449, 'est', 9, 88541.668, 796875.012),
(146525, 10449, 'et', 3, 20, 60),
(146526, 10449, 'vel', 3, 50203.98, 150611.94),
(146527, 10449, 'eligendi', 5, 2571596.108, 12857980.54),
(146528, 10449, 'dolores', 9, 3.6, 32.4),
(146529, 10449, 'optio', 6, 189.2, 1135.2),
(146530, 10449, 'ducimus', 6, 0, 0),
(146531, 10449, 'magnam', 10, 1228.781, 12287.81),
(146532, 10450, 'aut', 8, 23500.567, 188004.536),
(146533, 10450, 'voluptatem', 7, 12154.708, 85082.956),
(146534, 10450, 'quo', 5, 2303066, 11515330),
(146535, 10450, 'dignissimos', 7, 1821902.189, 12753315.323),
(146536, 10450, 'eaque', 3, 767.017, 2301.051),
(146537, 10450, 'quo', 6, 525.561, 3153.366),
(146538, 10450, 'aliquam', 9, 332798.951, 2995190.559),
(146539, 10450, 'qui', 7, 324841.2, 2273888.4),
(146540, 10450, 'optio', 5, 1551.097, 7755.485),
(146541, 10450, 'expedita', 7, 2.106, 14.742),
(146542, 10450, 'est', 10, 435.781, 4357.81),
(146543, 10450, 'excepturi', 10, 17366.443, 173664.43),
(146544, 10450, 'eveniet', 9, 2.216, 19.944),
(146545, 10450, 'non', 7, 17.391, 121.737),
(146546, 10450, 'asperiores', 1, 77573645.49, 77573645.49),
(146547, 10450, 'magni', 2, 319162023.011, 638324046.022),
(146548, 10450, 'laboriosam', 9, 26357559, 237218031),
(146549, 10450, 'quis', 6, 4032888.33, 24197329.98),
(146550, 10451, 'fuga', 5, 81384.899, 406924.495),
(146551, 10451, 'neque', 9, 31869439.992, 286824959.928),
(146552, 10451, 'aliquid', 6, 13491, 80946),
(146553, 10451, 'adipisci', 5, 1.932, 9.66),
(146554, 10451, 'et', 4, 4.127, 16.508),
(146555, 10451, 'porro', 5, 0, 0),
(146556, 10451, 'eum', 10, 2.632, 26.32),
(146557, 10451, 'dolorem', 1, 4658336.656, 4658336.656),
(146558, 10451, 'perspiciatis', 8, 59642464.305, 477139714.44),
(146559, 10451, 'reprehenderit', 7, 481.7, 3371.9),
(146560, 10451, 'expedita', 7, 2408.6, 16860.2),
(146561, 10451, 'ut', 9, 3, 27),
(146562, 10451, 'voluptatibus', 4, 6866167.726, 27464670.904),
(146563, 10451, 'dolores', 7, 668682752.23, 4680779265.61),
(146564, 10451, 'tenetur', 6, 1572.204, 9433.224),
(146565, 10451, 'numquam', 10, 35, 350),
(146566, 10451, 'a', 2, 4.1, 8.2),
(146567, 10451, 'quia', 9, 185173228.886, 1666559059.974),
(146568, 10452, 'quam', 10, 24507.712, 245077.12),
(146569, 10452, 'rem', 4, 1344.74, 5378.96),
(146570, 10452, 'dolore', 8, 301.219, 2409.752),
(146571, 10452, 'magnam', 4, 48030.274, 192121.096),
(146572, 10452, 'blanditiis', 6, 519918798.4, 3119512790.4),
(146573, 10452, 'veritatis', 8, 1.587, 12.696),
(146574, 10452, 'autem', 5, 3989.346, 19946.73),
(146575, 10452, 'minima', 5, 152.107, 760.535),
(146576, 10452, 'dolore', 6, 122429242.015, 734575452.09),
(146577, 10452, 'velit', 5, 141.581, 707.905),
(146578, 10452, 'illum', 8, 1.749, 13.992),
(146579, 10452, 'ipsam', 10, 2338.345, 23383.45),
(146580, 10452, 'doloremque', 3, 6386957.953, 19160873.859),
(146581, 10452, 'hic', 3, 32, 96),
(146582, 10452, 'voluptatem', 9, 871215849.063, 7840942641.567),
(146583, 10452, 'culpa', 10, 7225.978, 72259.78),
(146584, 10453, 'nisi', 8, 6.15, 49.2),
(146585, 10453, 'beatae', 6, 702.897, 4217.382),
(146586, 10453, 'vel', 10, 1388.746, 13887.46),
(146587, 10453, 'et', 7, 253.89, 1777.23),
(146588, 10453, 'consequatur', 6, 9.103, 54.618),
(146589, 10453, 'hic', 7, 236110, 1652770),
(146590, 10453, 'omnis', 9, 7061.529, 63553.761),
(146591, 10453, 'quos', 6, 852194.904, 5113169.424),
(146592, 10453, 'molestiae', 7, 7341.344, 51389.408),
(146593, 10453, 'asperiores', 10, 94333.38, 943333.8),
(146594, 10453, 'alias', 10, 415881212, 4158812120),
(146595, 10453, 'eius', 10, 17.505, 175.05),
(146596, 10453, 'quo', 9, 2483.119, 22348.071),
(146597, 10453, 'doloribus', 3, 25062.63, 75187.89),
(146598, 10454, 'eum', 5, 105621.39, 528106.95),
(146599, 10454, 'id', 7, 24553690, 171875830),
(146600, 10454, 'omnis', 8, 0, 0),
(146601, 10454, 'voluptas', 4, 0.003, 0.012),
(146602, 10454, 'tempore', 1, 1491690.886, 1491690.886),
(146603, 10454, 'aspernatur', 10, 565326372.898, 5653263728.98),
(146604, 10454, 'veritatis', 5, 20362.371, 101811.855),
(146605, 10454, 'repellat', 7, 0.427, 2.989),
(146606, 10454, 'eum', 8, 87.173, 697.384),
(146607, 10454, 'repellendus', 10, 605.317, 6053.17),
(146608, 10454, 'aut', 7, 1130.003, 7910.021),
(146609, 10454, 'distinctio', 8, 47419.8, 379358.4),
(146610, 10454, 'eum', 1, 1670.4, 1670.4),
(146611, 10454, 'sed', 8, 45357.1, 362856.8),
(146612, 10455, 'iure', 7, 0.18, 1.26),
(146613, 10455, 'est', 8, 101, 808),
(146614, 10455, 'blanditiis', 9, 607.3, 5465.7),
(146615, 10455, 'et', 2, 901.466, 1802.932),
(146616, 10455, 'nulla', 8, 4114.68, 32917.44),
(146617, 10455, 'architecto', 2, 214.554, 429.108),
(146618, 10455, 'id', 9, 7024.452, 63220.068),
(146619, 10455, 'qui', 7, 58.898, 412.286),
(146620, 10455, 'suscipit', 10, 13400789, 134007890),
(146621, 10455, 'maiores', 7, 908.956, 6362.692),
(146622, 10455, 'consequatur', 4, 41043.78, 164175.12),
(146623, 10455, 'dolor', 10, 93470, 934700),
(146624, 10455, 'reprehenderit', 9, 99, 891),
(146625, 10455, 'blanditiis', 4, 0, 0),
(146626, 10455, 'tenetur', 9, 2.06, 18.54),
(146627, 10455, 'alias', 3, 1463846.734, 4391540.202),
(146628, 10456, 'quo', 9, 551.108, 4959.972),
(146629, 10456, 'maxime', 5, 127570.28, 637851.4),
(146630, 10456, 'excepturi', 10, 58.339, 583.39),
(146631, 10456, 'maiores', 4, 2492186.995, 9968747.98),
(146632, 10456, 'autem', 5, 45710, 228550),
(146633, 10456, 'fugit', 9, 12.925, 116.325),
(146634, 10456, 'recusandae', 8, 7965, 63720),
(146635, 10456, 'id', 1, 0, 0),
(146636, 10456, 'rem', 9, 567124.416, 5104119.744),
(146637, 10456, 'commodi', 2, 291541630.13, 583083260.26),
(146638, 10456, 'amet', 7, 197950350.2, 1385652451.4),
(146639, 10456, 'eaque', 2, 2.09, 4.18),
(146640, 10456, 'dignissimos', 9, 1201.388, 10812.492),
(146641, 10456, 'sit', 6, 49311.026, 295866.156),
(146642, 10456, 'et', 6, 3.676, 22.056),
(146643, 10457, 'corrupti', 2, 262.964, 525.928),
(146644, 10457, 'ullam', 2, 6368.517, 12737.034),
(146645, 10457, 'autem', 9, 27100.4, 243903.6),
(146646, 10457, 'sunt', 9, 1386.255, 12476.295),
(146647, 10457, 'commodi', 10, 1971.902, 19719.02),
(146648, 10457, 'repellat', 7, 41349313.98, 289445197.86),
(146649, 10457, 'delectus', 3, 266863973, 800591919),
(146650, 10457, 'non', 6, 46096877, 276581262),
(146651, 10457, 'est', 4, 158283745.597, 633134982.388),
(146652, 10457, 'numquam', 8, 1.35, 10.8),
(146653, 10457, 'quas', 1, 6.09, 6.09),
(146654, 10457, 'iusto', 7, 10.49, 73.43),
(146655, 10457, 'nam', 6, 3.74, 22.44),
(146656, 10457, 'sit', 10, 32085.247, 320852.47),
(146657, 10457, 'est', 10, 17013.471, 170134.71),
(146658, 10457, 'ab', 10, 5.913, 59.13),
(146659, 10457, 'omnis', 9, 1321473.747, 11893263.723),
(146660, 10458, 'soluta', 10, 220484.444, 2204844.44),
(146661, 10458, 'accusantium', 7, 6885.694, 48199.858),
(146662, 10458, 'amet', 8, 635614.1, 5084912.8),
(146663, 10458, 'cumque', 9, 34321425.961, 308892833.649),
(146664, 10458, 'quae', 9, 1271056.056, 11439504.504),
(146665, 10458, 'ex', 9, 9536.17, 85825.53),
(146666, 10458, 'voluptatem', 5, 67518.225, 337591.125),
(146667, 10458, 'velit', 9, 3957.021, 35613.189),
(146668, 10458, 'non', 8, 24622605.872, 196980846.976),
(146669, 10458, 'ut', 6, 12.633, 75.798),
(146670, 10458, 'possimus', 4, 3656826, 14627304),
(146671, 10458, 'ratione', 2, 2140.5, 4281),
(146672, 10458, 'est', 6, 4958.5, 29751),
(146673, 10458, 'non', 7, 13217.872, 92525.104),
(146674, 10458, 'odit', 5, 82003.11, 410015.55),
(146675, 10458, 'debitis', 10, 2722, 27220),
(146676, 10458, 'expedita', 10, 0.613, 6.13),
(146677, 10459, 'corporis', 8, 443.916, 3551.328),
(146678, 10459, 'in', 8, 1117, 8936),
(146679, 10459, 'ut', 8, 20711127.734, 165689021.872),
(146680, 10459, 'nisi', 7, 735060831.345, 5145425819.415),
(146681, 10459, 'voluptates', 6, 29772517.7, 178635106.2),
(146682, 10459, 'repudiandae', 9, 115.947, 1043.523),
(146683, 10459, 'cumque', 4, 12368, 49472),
(146684, 10459, 'repellendus', 7, 19539.7, 136777.9),
(146685, 10459, 'cupiditate', 7, 24.926, 174.482),
(146686, 10459, 'cumque', 10, 114.419, 1144.19),
(146687, 10459, 'vel', 4, 91.2, 364.8),
(146688, 10459, 'quis', 8, 53.614, 428.912),
(146689, 10459, 'totam', 8, 196675.351, 1573402.808),
(146690, 10459, 'nemo', 7, 411.745, 2882.215),
(146691, 10459, 'libero', 8, 16, 128),
(146692, 10460, 'quia', 2, 378544651.741, 757089303.482),
(146693, 10460, 'rerum', 2, 9.978, 19.956),
(146694, 10460, 'alias', 7, 0.951, 6.657),
(146695, 10460, 'ex', 10, 2075, 20750),
(146696, 10460, 'tempore', 5, 31254, 156270),
(146697, 10460, 'perferendis', 4, 13.698, 54.792),
(146698, 10460, 'tempore', 6, 592036680.916, 3552220085.496),
(146699, 10460, 'nostrum', 1, 201982.642, 201982.642),
(146700, 10460, 'rerum', 9, 16.515, 148.635),
(146701, 10460, 'consequatur', 5, 64705.117, 323525.585),
(146702, 10460, 'ipsam', 7, 1057447, 7402129),
(146703, 10460, 'provident', 7, 2098157.708, 14687103.956),
(146704, 10460, 'hic', 7, 399.14, 2793.98),
(146705, 10460, 'id', 6, 7786261.13, 46717566.78),
(146706, 10460, 'praesentium', 3, 3922590.093, 11767770.279),
(146707, 10460, 'quasi', 10, 212.498, 2124.98),
(146708, 10460, 'perferendis', 3, 158, 474),
(146709, 10461, 'eum', 1, 1848, 1848),
(146710, 10461, 'rerum', 7, 6162.264, 43135.848),
(146711, 10461, 'voluptatem', 6, 791634444.7, 4749806668.2),
(146712, 10461, 'unde', 7, 57075363.281, 399527542.967),
(146713, 10461, 'et', 8, 60819.536, 486556.288),
(146714, 10461, 'quisquam', 5, 2983.395, 14916.975),
(146715, 10461, 'aut', 6, 2810741.8, 16864450.8),
(146716, 10461, 'accusantium', 9, 4.565, 41.085),
(146717, 10461, 'iure', 8, 76.628, 613.024),
(146718, 10461, 'adipisci', 8, 119746, 957968),
(146719, 10461, 'veritatis', 7, 3027027.849, 21189194.943),
(146720, 10462, 'fugiat', 4, 105108882.716, 420435530.864),
(146721, 10462, 'et', 1, 621.24, 621.24),
(146722, 10462, 'doloribus', 3, 474443891.79, 1423331675.37),
(146723, 10462, 'expedita', 1, 0.023, 0.023),
(146724, 10462, 'et', 8, 233726.009, 1869808.072),
(146725, 10462, 'quis', 5, 37.61, 188.05),
(146726, 10462, 'accusantium', 9, 860.464, 7744.176),
(146727, 10462, 'quis', 6, 57106.21, 342637.26),
(146728, 10462, 'esse', 9, 544352.51, 4899172.59),
(146729, 10462, 'et', 4, 0, 0),
(146730, 10462, 'dolore', 7, 483.923, 3387.461),
(146731, 10462, 'ex', 4, 1.355, 5.42),
(146732, 10462, 'necessitatibus', 10, 86677.4, 866774),
(146733, 10462, 'expedita', 7, 5482.7, 38378.9),
(146734, 10462, 'mollitia', 3, 2.957, 8.871),
(146735, 10462, 'mollitia', 8, 0.584, 4.672),
(146736, 10462, 'consequatur', 2, 1219104.645, 2438209.29),
(146737, 10462, 'consectetur', 5, 564392.716, 2821963.58),
(146738, 10463, 'ut', 10, 2.527, 25.27),
(146739, 10463, 'facilis', 6, 17.734, 106.404),
(146740, 10463, 'quo', 4, 1.56, 6.24),
(146741, 10463, 'nulla', 3, 0.752, 2.256),
(146742, 10463, 'laborum', 3, 146819.747, 440459.241),
(146743, 10463, 'rerum', 8, 1, 8),
(146744, 10463, 'nemo', 7, 1.517, 10.619),
(146745, 10463, 'adipisci', 3, 64812.87, 194438.61),
(146746, 10463, 'et', 6, 1094.522, 6567.132),
(146747, 10463, 'facilis', 10, 45489726.991, 454897269.91),
(146748, 10463, 'vel', 4, 10.91, 43.64),
(146749, 10463, 'sed', 10, 34.312, 343.12),
(146750, 10463, 'distinctio', 6, 260655, 1563930),
(146751, 10463, 'eaque', 2, 317727.867, 635455.734),
(146752, 10463, 'molestiae', 6, 8259.852, 49559.112),
(146753, 10463, 'alias', 6, 59024.09, 354144.54),
(146754, 10463, 'dolorum', 6, 30528.005, 183168.03),
(146755, 10464, 'fuga', 3, 1, 3),
(146756, 10464, 'eius', 9, 2263.863, 20374.767),
(146757, 10464, 'quo', 8, 0, 0),
(146758, 10464, 'eaque', 5, 12177236.563, 60886182.815),
(146759, 10464, 'quia', 5, 43153.639, 215768.195),
(146760, 10464, 'dolor', 4, 652.2, 2608.8),
(146761, 10464, 'modi', 7, 3053700.407, 21375902.849),
(146762, 10464, 'qui', 8, 11617.424, 92939.392),
(146763, 10464, 'tempore', 3, 530.516, 1591.548),
(146764, 10464, 'fugit', 9, 19.322, 173.898),
(146765, 10464, 'quia', 8, 74773, 598184),
(146766, 10464, 'architecto', 9, 9265.7, 83391.3),
(146767, 10464, 'quae', 7, 51482857.9, 360380005.3),
(146768, 10465, 'ad', 3, 31057, 93171),
(146769, 10465, 'doloribus', 8, 271383828.718, 2171070629.744),
(146770, 10465, 'ut', 4, 2680, 10720),
(146771, 10465, 'delectus', 9, 5281764.197, 47535877.773),
(146772, 10465, 'sapiente', 9, 10.969, 98.721),
(146773, 10465, 'tenetur', 2, 767.528, 1535.056),
(146774, 10465, 'dolor', 2, 42127, 84254),
(146775, 10465, 'culpa', 5, 213.265, 1066.325),
(146776, 10465, 'necessitatibus', 10, 7492828, 74928280),
(146777, 10465, 'quidem', 10, 44714214.932, 447142149.32),
(146778, 10465, 'nihil', 5, 1114068.149, 5570340.745),
(146779, 10465, 'qui', 7, 14.099, 98.693),
(146780, 10465, 'consequatur', 5, 2191.783, 10958.915),
(146781, 10465, 'eaque', 2, 0, 0),
(146782, 10465, 'esse', 7, 45.981, 321.867),
(146783, 10465, 'provident', 7, 1.176, 8.232),
(146784, 10466, 'sed', 2, 15535782.864, 31071565.728),
(146785, 10466, 'illo', 10, 227240.841, 2272408.41),
(146786, 10466, 'similique', 4, 8472176.666, 33888706.664),
(146787, 10466, 'animi', 10, 25771000.6, 257710006),
(146788, 10466, 'quis', 10, 8850013.99, 88500139.9),
(146789, 10466, 'unde', 6, 11, 66),
(146790, 10466, 'molestiae', 4, 9206720.323, 36826881.292),
(146791, 10466, 'sed', 7, 23204.745, 162433.215),
(146792, 10466, 'quia', 7, 2990135.943, 20930951.601),
(146793, 10466, 'incidunt', 10, 2458.263, 24582.63),
(146794, 10466, 'expedita', 3, 154424104.628, 463272313.884),
(146795, 10466, 'sunt', 3, 198.3, 594.9),
(146796, 10466, 'aliquid', 6, 5.04, 30.24),
(146797, 10466, 'molestias', 1, 71341190.805, 71341190.805),
(146798, 10466, 'rerum', 10, 69.919, 699.19),
(146799, 10467, 'voluptatem', 10, 8276650, 82766500),
(146800, 10467, 'labore', 9, 16944324.545, 152498920.905),
(146801, 10467, 'ut', 9, 4255.23, 38297.07),
(146802, 10467, 'laborum', 2, 439701, 879402),
(146803, 10467, 'esse', 9, 10407780, 93670020),
(146804, 10467, 'quis', 2, 737543.1, 1475086.2),
(146805, 10467, 'maxime', 4, 14471.042, 57884.168),
(146806, 10467, 'consequatur', 7, 70550.539, 493853.773),
(146807, 10467, 'unde', 8, 56.461, 451.688),
(146808, 10467, 'dolores', 7, 152535, 1067745),
(146809, 10467, 'temporibus', 2, 1.229, 2.458),
(146810, 10467, 'enim', 4, 18.174, 72.696),
(146811, 10467, 'ab', 4, 0.641, 2.564),
(146812, 10467, 'sunt', 2, 330, 660),
(146813, 10467, 'sit', 7, 16098.54, 112689.78),
(146814, 10467, 'dolore', 8, 721860037.463, 5774880299.704),
(146815, 10468, 'quis', 8, 530037.936, 4240303.488),
(146816, 10468, 'qui', 3, 1648.8, 4946.4),
(146817, 10468, 'unde', 9, 715267, 6437403),
(146818, 10468, 'quia', 6, 542119.849, 3252719.094),
(146819, 10468, 'rerum', 2, 490395656.81, 980791313.62),
(146820, 10468, 'tenetur', 8, 0, 0),
(146821, 10468, 'ut', 6, 1032750, 6196500),
(146822, 10468, 'quia', 9, 30374519.95, 273370679.55),
(146823, 10468, 'vero', 4, 95589122.5, 382356490),
(146824, 10468, 'porro', 10, 20.565, 205.65),
(146825, 10468, 'nemo', 9, 127319.518, 1145875.662),
(146826, 10468, 'sunt', 3, 246.5, 739.5),
(146827, 10468, 'aut', 9, 4173139.247, 37558253.223),
(146828, 10468, 'officiis', 4, 300.136, 1200.544),
(146829, 10468, 'temporibus', 10, 29.86, 298.6),
(146830, 10468, 'aut', 7, 1578136.15, 11046953.05),
(146831, 10468, 'est', 8, 888.523, 7108.184),
(146832, 10469, 'velit', 8, 0.6, 4.8),
(146833, 10469, 'qui', 4, 0, 0),
(146834, 10469, 'veritatis', 8, 461176.4, 3689411.2),
(146835, 10469, 'laboriosam', 4, 76.383, 305.532),
(146836, 10469, 'consequuntur', 3, 45863, 137589),
(146837, 10469, 'ad', 5, 33798.656, 168993.28),
(146838, 10469, 'quibusdam', 7, 182589.023, 1278123.161),
(146839, 10469, 'dolores', 1, 255.395, 255.395),
(146840, 10469, 'culpa', 6, 7113.869, 42683.214),
(146841, 10469, 'quae', 8, 7800472.346, 62403778.768),
(146842, 10469, 'ut', 9, 38043891.847, 342395026.623),
(146843, 10469, 'perspiciatis', 10, 17.253, 172.53),
(146844, 10469, 'quod', 3, 65.797, 197.391),
(146845, 10469, 'provident', 7, 226.372, 1584.604),
(146846, 10469, 'non', 9, 178.011, 1602.099),
(146847, 10469, 'id', 5, 5.946, 29.73),
(146848, 10469, 'explicabo', 2, 25723.287, 51446.574),
(146849, 10469, 'et', 2, 3509.872, 7019.744),
(146850, 10470, 'reiciendis', 7, 356167058.383, 2493169408.681),
(146851, 10470, 'quia', 10, 7530.69, 75306.9),
(146852, 10470, 'suscipit', 7, 20.435, 143.045),
(146853, 10470, 'possimus', 3, 363196.6, 1089589.8),
(146854, 10470, 'sit', 4, 34938161.577, 139752646.308),
(146855, 10470, 'harum', 8, 224466.05, 1795728.4),
(146856, 10470, 'aut', 9, 4695718.829, 42261469.461),
(146857, 10470, 'temporibus', 1, 0.72, 0.72),
(146858, 10470, 'rerum', 6, 233659612.4, 1401957674.4),
(146859, 10470, 'accusantium', 7, 32257078, 225799546),
(146860, 10470, 'est', 4, 625.63, 2502.52),
(146861, 10470, 'odit', 10, 3671.846, 36718.46),
(146862, 10470, 'voluptatem', 8, 1.399, 11.192),
(146863, 10470, 'et', 9, 54.201, 487.809),
(146864, 10471, 'eius', 8, 3264.559, 26116.472),
(146865, 10471, 'distinctio', 9, 0.402, 3.618),
(146866, 10471, 'est', 3, 13.3, 39.9),
(146867, 10471, 'repellat', 6, 61016.67, 366100.02),
(146868, 10471, 'aut', 3, 63.734, 191.202),
(146869, 10471, 'ullam', 8, 337541.304, 2700330.432),
(146870, 10471, 'accusamus', 10, 213.369, 2133.69),
(146871, 10471, 'voluptatem', 6, 4810276.681, 28861660.086),
(146872, 10471, 'quaerat', 4, 30145.093, 120580.372),
(146873, 10471, 'enim', 9, 29435.48, 264919.32),
(146874, 10471, 'cum', 4, 212348.081, 849392.324),
(146875, 10471, 'distinctio', 10, 33497.023, 334970.23),
(146876, 10471, 'unde', 7, 327.224, 2290.568),
(146877, 10471, 'eveniet', 2, 1.728, 3.456),
(146878, 10471, 'voluptatem', 9, 202611.741, 1823505.669),
(146879, 10472, 'qui', 9, 204658.84, 1841929.56),
(146880, 10472, 'est', 10, 86.32, 863.2),
(146881, 10472, 'vel', 7, 502681109.43, 3518767766.01),
(146882, 10472, 'odio', 8, 3.913, 31.304),
(146883, 10472, 'id', 6, 13.016, 78.096),
(146884, 10472, 'doloremque', 9, 210532.6, 1894793.4),
(146885, 10472, 'fugit', 9, 1949.4, 17544.6),
(146886, 10472, 'sapiente', 1, 462884214.292, 462884214.292),
(146887, 10472, 'doloribus', 7, 0, 0),
(146888, 10472, 'asperiores', 2, 2669189.404, 5338378.808),
(146889, 10472, 'unde', 7, 444.734, 3113.138),
(146890, 10472, 'nemo', 10, 2.113, 21.13),
(146891, 10472, 'ad', 5, 899.36, 4496.8),
(146892, 10473, 'ullam', 4, 5654238.11, 22616952.44),
(146893, 10473, 'ratione', 7, 69963.4, 489743.8),
(146894, 10473, 'aliquam', 5, 44.131, 220.655),
(146895, 10473, 'quos', 9, 10073311.301, 90659801.709),
(146896, 10473, 'temporibus', 3, 30043.256, 90129.768),
(146897, 10473, 'quo', 4, 4543.84, 18175.36),
(146898, 10473, 'sit', 6, 4606610.84, 27639665.04),
(146899, 10473, 'rerum', 9, 2.01, 18.09),
(146900, 10473, 'repellat', 2, 17544.881, 35089.762),
(146901, 10473, 'assumenda', 4, 71.94, 287.76),
(146902, 10473, 'a', 9, 136, 1224),
(146903, 10473, 'atque', 10, 1, 10),
(146904, 10473, 'et', 2, 68.86, 137.72),
(146905, 10474, 'culpa', 10, 2899.905, 28999.05),
(146906, 10474, 'repudiandae', 5, 57.88, 289.4),
(146907, 10474, 'explicabo', 4, 8170, 32680),
(146908, 10474, 'magni', 6, 5359.351, 32156.106),
(146909, 10474, 'maiores', 9, 56648736.08, 509838624.72),
(146910, 10474, 'rerum', 3, 18235.229, 54705.687),
(146911, 10474, 'et', 10, 3429363.499, 34293634.99),
(146912, 10474, 'dolorem', 8, 42769.75, 342158),
(146913, 10474, 'exercitationem', 8, 69681724.455, 557453795.64),
(146914, 10474, 'aperiam', 7, 66722407.467, 467056852.269),
(146915, 10474, 'voluptatum', 9, 4597.784, 41380.056),
(146916, 10474, 'labore', 9, 0.631, 5.679),
(146917, 10474, 'minima', 10, 2888935, 28889350),
(146918, 10475, 'quisquam', 7, 41923362.282, 293463535.974),
(146919, 10475, 'ex', 10, 132186.818, 1321868.18),
(146920, 10475, 'dolores', 3, 96326.762, 288980.286),
(146921, 10475, 'qui', 4, 824.672, 3298.688),
(146922, 10475, 'totam', 8, 435.636, 3485.088),
(146923, 10475, 'nihil', 8, 8776616.303, 70212930.424),
(146924, 10475, 'aut', 6, 3.867, 23.202),
(146925, 10475, 'nihil', 7, 13.494, 94.458),
(146926, 10475, 'consequatur', 8, 48867748.4, 390941987.2),
(146927, 10475, 'aliquam', 5, 41090017.063, 205450085.315),
(146928, 10475, 'excepturi', 10, 67899.24, 678992.4),
(146929, 10475, 'error', 7, 5438498.078, 38069486.546),
(146930, 10475, 'fugiat', 1, 3112, 3112),
(146931, 10475, 'necessitatibus', 6, 5618.531, 33711.186),
(146932, 10476, 'ut', 5, 519911, 2599555),
(146933, 10476, 'ab', 8, 1094, 8752),
(146934, 10476, 'quae', 9, 396786.343, 3571077.087),
(146935, 10476, 'expedita', 7, 287108024.431, 2009756171.017),
(146936, 10476, 'qui', 9, 358928.191, 3230353.719),
(146937, 10476, 'provident', 8, 56510751, 452086008),
(146938, 10476, 'distinctio', 2, 301.02, 602.04),
(146939, 10476, 'mollitia', 10, 1519001.338, 15190013.38),
(146940, 10476, 'recusandae', 6, 1, 6),
(146941, 10476, 'voluptates', 10, 22.006, 220.06),
(146942, 10476, 'ratione', 4, 2620.321, 10481.284),
(146943, 10476, 'odit', 5, 179.111, 895.555),
(146944, 10476, 'quaerat', 9, 74.426, 669.834),
(146945, 10476, 'aspernatur', 8, 0.438, 3.504),
(146946, 10476, 'aliquid', 3, 2051928.34, 6155785.02),
(146947, 10476, 'enim', 9, 1252944.692, 11276502.228),
(146948, 10476, 'amet', 8, 47084328.874, 376674630.992),
(146949, 10477, 'mollitia', 6, 165176.955, 991061.73),
(146950, 10477, 'est', 1, 174697.757, 174697.757),
(146951, 10477, 'consequuntur', 8, 128235.49, 1025883.92),
(146952, 10477, 'inventore', 8, 20615271.36, 164922170.88),
(146953, 10477, 'est', 5, 0.036, 0.18),
(146954, 10477, 'unde', 10, 145691.69, 1456916.9),
(146955, 10477, 'corporis', 8, 605185.046, 4841480.368),
(146956, 10477, 'velit', 8, 410570.9, 3284567.2),
(146957, 10477, 'nihil', 6, 2062807.816, 12376846.896),
(146958, 10477, 'rerum', 4, 20837587.005, 83350348.02),
(146959, 10477, 'ex', 2, 3054.05, 6108.1),
(146960, 10477, 'consequatur', 10, 1453905.068, 14539050.68),
(146961, 10477, 'sapiente', 10, 178856.319, 1788563.19),
(146962, 10478, 'odio', 7, 0, 0),
(146963, 10478, 'iure', 8, 4599426.642, 36795413.136),
(146964, 10478, 'et', 1, 46575962.557, 46575962.557),
(146965, 10478, 'blanditiis', 7, 99.84, 698.88),
(146966, 10478, 'quae', 9, 3.313, 29.817),
(146967, 10478, 'fugiat', 7, 42.627, 298.389),
(146968, 10478, 'qui', 8, 115698241.838, 925585934.704),
(146969, 10478, 'at', 7, 66699.356, 466895.492),
(146970, 10478, 'est', 8, 5.962, 47.696),
(146971, 10478, 'occaecati', 7, 2, 14),
(146972, 10478, 'quam', 8, 807260328.179, 6458082625.432),
(146973, 10478, 'omnis', 8, 1003108.92, 8024871.36),
(146974, 10478, 'voluptatem', 10, 209413.628, 2094136.28),
(146975, 10479, 'et', 3, 37.2, 111.6),
(146976, 10479, 'asperiores', 4, 297408.307, 1189633.228),
(146977, 10479, 'autem', 4, 24387292.238, 97549168.952),
(146978, 10479, 'doloremque', 1, 22928003, 22928003),
(146979, 10479, 'ea', 8, 4984.7, 39877.6),
(146980, 10479, 'non', 8, 493972, 3951776),
(146981, 10479, 'impedit', 8, 49489, 395912),
(146982, 10479, 'autem', 10, 368.773, 3687.73),
(146983, 10479, 'sequi', 4, 0, 0),
(146984, 10479, 'et', 9, 383521470.24, 3451693232.16),
(146985, 10479, 'porro', 8, 385458799.571, 3083670396.568),
(146986, 10479, 'dolore', 4, 2.213, 8.852),
(146987, 10479, 'aperiam', 7, 37040.894, 259286.258),
(146988, 10479, 'qui', 8, 15456.4, 123651.2),
(146989, 10480, 'nihil', 3, 65734, 197202),
(146990, 10480, 'aliquam', 6, 61054.032, 366324.192),
(146991, 10480, 'qui', 4, 112179.841, 448719.364),
(146992, 10480, 'alias', 6, 838541103.054, 5031246618.324),
(146993, 10480, 'tempora', 10, 87562820.339, 875628203.39),
(146994, 10480, 'ut', 9, 1766968.058, 15902712.522),
(146995, 10480, 'provident', 6, 2, 12),
(146996, 10480, 'quo', 2, 192.305, 384.61),
(146997, 10480, 'facilis', 2, 24119.866, 48239.732),
(146998, 10480, 'consectetur', 10, 607655.73, 6076557.3),
(146999, 10480, 'dolores', 8, 1475518.326, 11804146.608),
(147000, 10480, 'molestiae', 5, 181262.625, 906313.125),
(147001, 10480, 'et', 5, 901, 4505),
(147002, 10480, 'natus', 10, 25751.909, 257519.09),
(147003, 10480, 'voluptates', 9, 11115.859, 100042.731),
(147004, 10480, 'aliquid', 8, 29740.767, 237926.136),
(147005, 10480, 'non', 10, 95.631, 956.31),
(147006, 10480, 'voluptatem', 8, 4570414.637, 36563317.096),
(147007, 10480, 'minus', 3, 458.867, 1376.601),
(147008, 10481, 'dolor', 5, 154863.655, 774318.275),
(147009, 10481, 'asperiores', 9, 0.696, 6.264),
(147010, 10481, 'dolores', 10, 3.533, 35.33),
(147011, 10481, 'est', 4, 11.178, 44.712),
(147012, 10481, 'voluptas', 8, 5.9, 47.2),
(147013, 10481, 'corporis', 4, 42326.113, 169304.452),
(147014, 10481, 'in', 10, 323.239, 3232.39),
(147015, 10481, 'dolorem', 9, 393.386, 3540.474),
(147016, 10481, 'magnam', 9, 223077750.211, 2007699751.899),
(147017, 10481, 'omnis', 9, 6599350.1, 59394150.9),
(147018, 10481, 'error', 4, 608.835, 2435.34),
(147019, 10481, 'explicabo', 8, 895.118, 7160.944),
(147020, 10481, 'dolor', 4, 302455.5, 1209822),
(147021, 10481, 'placeat', 7, 7.406, 51.842),
(147022, 10482, 'dolorum', 1, 3402944.4, 3402944.4),
(147023, 10482, 'ea', 10, 11880.621, 118806.21),
(147024, 10482, 'voluptatem', 4, 316767, 1267068),
(147025, 10482, 'id', 9, 461966.817, 4157701.353),
(147026, 10482, 'deleniti', 4, 159852023.1, 639408092.4),
(147027, 10482, 'doloribus', 10, 5145134.4, 51451344),
(147028, 10482, 'sequi', 10, 15804786.08, 158047860.8),
(147029, 10482, 'beatae', 7, 127019883.4, 889139183.8),
(147030, 10482, 'dolorem', 10, 23123593.4, 231235934),
(147031, 10482, 'quisquam', 8, 26.742, 213.936),
(147032, 10482, 'aut', 5, 55454651.272, 277273256.36),
(147033, 10482, 'aliquid', 10, 0.006, 0.06),
(147034, 10482, 'possimus', 2, 8.561, 17.122),
(147035, 10482, 'dicta', 8, 5.085, 40.68),
(147036, 10483, 'corrupti', 8, 3.35, 26.8),
(147037, 10483, 'laudantium', 4, 13.45, 53.8),
(147038, 10483, 'ducimus', 5, 215.213, 1076.065),
(147039, 10483, 'expedita', 4, 1387363.146, 5549452.584),
(147040, 10483, 'porro', 10, 8.14, 81.4),
(147041, 10483, 'sit', 9, 4848.274, 43634.466),
(147042, 10483, 'eos', 7, 36.287, 254.009),
(147043, 10483, 'dolores', 7, 108392.303, 758746.121),
(147044, 10483, 'dolorem', 5, 446636796.33, 2233183981.65),
(147045, 10483, 'tempore', 4, 83769.192, 335076.768),
(147046, 10483, 'ea', 2, 290647.368, 581294.736),
(147047, 10483, 'ut', 8, 120146230.007, 961169840.056),
(147048, 10483, 'suscipit', 7, 0.593, 4.151),
(147049, 10483, 'quia', 6, 19.288, 115.728),
(147050, 10483, 'sit', 10, 6, 60),
(147051, 10483, 'similique', 9, 2706.962, 24362.658),
(147052, 10483, 'et', 3, 82.338, 247.014),
(147053, 10483, 'eos', 10, 1811412.1, 18114121),
(147054, 10484, 'qui', 2, 67477.116, 134954.232),
(147055, 10484, 'praesentium', 6, 553965, 3323790),
(147056, 10484, 'asperiores', 4, 23928647.726, 95714590.904),
(147057, 10484, 'consequatur', 8, 2602431.006, 20819448.048),
(147058, 10484, 'unde', 4, 227.692, 910.768),
(147059, 10484, 'nihil', 4, 437357.453, 1749429.812),
(147060, 10484, 'qui', 3, 171214.78, 513644.34),
(147061, 10484, 'exercitationem', 8, 4727.644, 37821.152),
(147062, 10484, 'sint', 10, 112252023.472, 1122520234.72),
(147063, 10484, 'illum', 7, 2296621.918, 16076353.426),
(147064, 10484, 'tempora', 10, 1890, 18900),
(147065, 10484, 'nihil', 6, 695.58, 4173.48),
(147066, 10484, 'tempore', 7, 640937.229, 4486560.603),
(147067, 10484, 'illum', 9, 222134.596, 1999211.364),
(147068, 10485, 'nisi', 9, 381340853.688, 3432067683.192),
(147069, 10485, 'aliquid', 4, 758.105, 3032.42),
(147070, 10485, 'sit', 7, 951737.411, 6662161.877),
(147071, 10485, 'consequatur', 6, 730219617.93, 4381317707.58),
(147072, 10485, 'quis', 5, 40.499, 202.495),
(147073, 10485, 'porro', 1, 680.906, 680.906),
(147074, 10485, 'officiis', 2, 57.4, 114.8),
(147075, 10485, 'reprehenderit', 10, 65.609, 656.09),
(147076, 10485, 'rem', 4, 35851.195, 143404.78),
(147077, 10485, 'eius', 6, 274.517, 1647.102),
(147078, 10485, 'facilis', 5, 218740389.246, 1093701946.23),
(147079, 10485, 'et', 6, 668.117, 4008.702),
(147080, 10486, 'perferendis', 5, 183.605, 918.025),
(147081, 10486, 'ipsa', 10, 5267.5, 52675),
(147082, 10486, 'harum', 2, 26.982, 53.964),
(147083, 10486, 'voluptas', 6, 0.075, 0.45),
(147084, 10486, 'veniam', 10, 19993.451, 199934.51),
(147085, 10486, 'inventore', 3, 2158.24, 6474.72),
(147086, 10486, 'voluptatem', 3, 337.377, 1012.131),
(147087, 10486, 'non', 5, 365257952.585, 1826289762.925),
(147088, 10486, 'fuga', 8, 565.444, 4523.552),
(147089, 10486, 'et', 10, 0.6, 6),
(147090, 10486, 'pariatur', 7, 134565059.75, 941955418.25),
(147091, 10486, 'eum', 7, 289327, 2025289),
(147092, 10486, 'consequuntur', 2, 0.1, 0.2),
(147093, 10486, 'ex', 7, 9.371, 65.597),
(147094, 10486, 'voluptatem', 4, 17.2, 68.8),
(147095, 10486, 'eum', 10, 28314.827, 283148.27),
(147096, 10486, 'ea', 8, 4880.536, 39044.288),
(147097, 10486, 'eum', 8, 385661429, 3085291432),
(147098, 10487, 'voluptatem', 9, 107913697.1, 971223273.9),
(147099, 10487, 'animi', 6, 743483356.324, 4460900137.944),
(147100, 10487, 'et', 10, 278307979.312, 2783079793.12),
(147101, 10487, 'hic', 2, 219959713.809, 439919427.618),
(147102, 10487, 'dolores', 10, 23003.56, 230035.6),
(147103, 10487, 'ut', 10, 22.893, 228.93),
(147104, 10487, 'perferendis', 8, 4386279, 35090232),
(147105, 10487, 'nostrum', 10, 38.329, 383.29),
(147106, 10487, 'reprehenderit', 2, 39127.825, 78255.65),
(147107, 10487, 'eveniet', 7, 352257.491, 2465802.437),
(147108, 10487, 'corporis', 7, 59295.79, 415070.53),
(147109, 10487, 'maxime', 1, 8813085.325, 8813085.325),
(147110, 10487, 'omnis', 8, 14588, 116704),
(147111, 10487, 'velit', 7, 677236.971, 4740658.797),
(147112, 10488, 'sapiente', 7, 217363, 1521541),
(147113, 10488, 'placeat', 9, 802.12, 7219.08),
(147114, 10488, 'est', 4, 60708.7, 242834.8),
(147115, 10488, 'ut', 4, 203650.7, 814602.8),
(147116, 10488, 'laudantium', 3, 4550.115, 13650.345),
(147117, 10488, 'at', 9, 298988, 2690892),
(147118, 10488, 'autem', 4, 19801613.247, 79206452.988),
(147119, 10488, 'aut', 7, 75.152, 526.064),
(147120, 10488, 'magni', 4, 118.51, 474.04),
(147121, 10488, 'est', 6, 8493488.8, 50960932.8),
(147122, 10488, 'eos', 6, 170269245.892, 1021615475.352),
(147123, 10488, 'totam', 3, 145.936, 437.808),
(147124, 10488, 'est', 5, 414491287.63, 2072456438.15),
(147125, 10489, 'aut', 9, 334663.953, 3011975.577),
(147126, 10489, 'voluptatem', 3, 1899842.873, 5699528.619),
(147127, 10489, 'id', 8, 923597.806, 7388782.448),
(147128, 10489, 'sit', 8, 2844375, 22755000),
(147129, 10489, 'eos', 5, 274899459.975, 1374497299.875),
(147130, 10489, 'nihil', 3, 16.743, 50.229),
(147131, 10489, 'cum', 10, 2.797, 27.97),
(147132, 10489, 'cupiditate', 10, 4656.591, 46565.91),
(147133, 10489, 'provident', 7, 4262696, 29838872),
(147134, 10489, 'dolorem', 8, 2411412.945, 19291303.56),
(147135, 10489, 'quibusdam', 10, 1382.33, 13823.3),
(147136, 10489, 'nulla', 8, 165.8, 1326.4),
(147137, 10489, 'ea', 8, 6.477, 51.816),
(147138, 10490, 'dolor', 9, 7877430.045, 70896870.405),
(147139, 10490, 'quae', 5, 1860137.2, 9300686),
(147140, 10490, 'dignissimos', 4, 6899753.94, 27599015.76),
(147141, 10490, 'et', 4, 45.518, 182.072),
(147142, 10490, 'aut', 3, 6080236.654, 18240709.962),
(147143, 10490, 'nostrum', 4, 1.742, 6.968),
(147144, 10490, 'nam', 5, 253262.601, 1266313.005),
(147145, 10490, 'assumenda', 3, 20114.688, 60344.064),
(147146, 10490, 'occaecati', 3, 3078009.088, 9234027.264),
(147147, 10490, 'non', 10, 27086824.948, 270868249.48),
(147148, 10490, 'qui', 8, 556.493, 4451.944),
(147149, 10490, 'quia', 4, 498.843, 1995.372),
(147150, 10491, 'asperiores', 10, 0.918, 9.18),
(147151, 10491, 'quo', 10, 24454870.837, 244548708.37),
(147152, 10491, 'et', 8, 77435942.055, 619487536.44),
(147153, 10491, 'nam', 10, 734.465, 7344.65),
(147154, 10491, 'minima', 6, 30439, 182634),
(147155, 10491, 'consequatur', 4, 73505.19, 294020.76),
(147156, 10491, 'sapiente', 3, 43347810.9, 130043432.7),
(147157, 10491, 'excepturi', 3, 3.405, 10.215),
(147158, 10491, 'facilis', 10, 103985.52, 1039855.2),
(147159, 10491, 'asperiores', 10, 2.52, 25.2),
(147160, 10491, 'omnis', 6, 4580.2, 27481.2),
(147161, 10491, 'harum', 9, 6, 54),
(147162, 10491, 'doloremque', 10, 711.947, 7119.47),
(147163, 10491, 'suscipit', 7, 48727589.617, 341093127.319),
(147164, 10491, 'asperiores', 10, 31.4, 314),
(147165, 10491, 'cupiditate', 10, 0.956, 9.56),
(147166, 10491, 'modi', 4, 255262.136, 1021048.544),
(147167, 10492, 'ea', 1, 847.378, 847.378),
(147168, 10492, 'aliquam', 4, 917267.59, 3669070.36),
(147169, 10492, 'facere', 3, 105, 315),
(147170, 10492, 'quia', 10, 2491.92, 24919.2),
(147171, 10492, 'magnam', 6, 29.086, 174.516),
(147172, 10492, 'ea', 8, 4542524.659, 36340197.272),
(147173, 10492, 'temporibus', 9, 9623214.137, 86608927.233),
(147174, 10492, 'voluptatem', 10, 207.1, 2071),
(147175, 10492, 'iure', 1, 0.158, 0.158),
(147176, 10492, 'et', 3, 362687734.139, 1088063202.417),
(147177, 10492, 'quia', 9, 4.79, 43.11),
(147178, 10492, 'iste', 7, 19.61, 137.27),
(147179, 10492, 'est', 10, 19.6, 196),
(147180, 10492, 'minus', 6, 872866072.504, 5237196435.024),
(147181, 10492, 'modi', 8, 40.44, 323.52),
(147182, 10493, 'distinctio', 7, 75756.473, 530295.311),
(147183, 10493, 'culpa', 9, 39742038.89, 357678350.01),
(147184, 10493, 'omnis', 8, 99177.859, 793422.872),
(147185, 10493, 'perferendis', 2, 19.379, 38.758),
(147186, 10493, 'commodi', 9, 2.955, 26.595),
(147187, 10493, 'magnam', 8, 23884772.204, 191078177.632),
(147188, 10493, 'non', 9, 20091253.985, 180821285.865),
(147189, 10493, 'aliquam', 8, 275348.923, 2202791.384),
(147190, 10493, 'temporibus', 8, 2386.347, 19090.776),
(147191, 10493, 'molestiae', 9, 176099.33, 1584893.97),
(147192, 10493, 'dolores', 10, 16.06, 160.6),
(147193, 10493, 'quos', 2, 40026.7, 80053.4),
(147194, 10493, 'quo', 7, 44983.14, 314881.98),
(147195, 10493, 'quas', 3, 459440218.572, 1378320655.716),
(147196, 10493, 'eum', 10, 441, 4410),
(147197, 10493, 'qui', 3, 92572471.846, 277717415.538),
(147198, 10493, 'natus', 7, 55496.89, 388478.23),
(147199, 10494, 'tempore', 6, 54525.904, 327155.424),
(147200, 10494, 'sint', 3, 21.14, 63.42),
(147201, 10494, 'est', 9, 327.777, 2949.993),
(147202, 10494, 'porro', 2, 1.1, 2.2),
(147203, 10494, 'necessitatibus', 9, 39690.496, 357214.464),
(147204, 10494, 'qui', 6, 984300.59, 5905803.54),
(147205, 10494, 'numquam', 5, 4, 20),
(147206, 10494, 'ipsum', 4, 3380.245, 13520.98),
(147207, 10494, 'molestias', 5, 463.694, 2318.47),
(147208, 10494, 'voluptas', 9, 28.392, 255.528),
(147209, 10494, 'est', 9, 279334123.277, 2514007109.493),
(147210, 10494, 'delectus', 9, 197813.564, 1780322.076),
(147211, 10494, 'aut', 3, 253.492, 760.476),
(147212, 10494, 'dicta', 5, 44.524, 222.62),
(147213, 10494, 'inventore', 8, 5, 40),
(147214, 10494, 'aut', 9, 45.648, 410.832),
(147215, 10494, 'possimus', 2, 80732.43, 161464.86),
(147216, 10494, 'enim', 10, 2.991, 29.91),
(147217, 10494, 'voluptatibus', 10, 251682698.006, 2516826980.06),
(147218, 10495, 'ut', 8, 346.39, 2771.12),
(147219, 10495, 'ducimus', 6, 938.515, 5631.09),
(147220, 10495, 'nihil', 9, 3.266, 29.394),
(147221, 10495, 'omnis', 6, 2.057, 12.342),
(147222, 10495, 'sit', 2, 10757.335, 21514.67),
(147223, 10495, 'et', 1, 1, 1),
(147224, 10495, 'velit', 3, 2.499, 7.497),
(147225, 10495, 'ab', 10, 427100331.884, 4271003318.84),
(147226, 10495, 'adipisci', 9, 83757.988, 753821.892),
(147227, 10495, 'sunt', 10, 125.822, 1258.22),
(147228, 10495, 'totam', 4, 315865.8, 1263463.2),
(147229, 10495, 'aut', 6, 584565.572, 3507393.432),
(147230, 10495, 'aliquam', 1, 9822557.471, 9822557.471),
(147231, 10495, 'accusantium', 7, 76, 532),
(147232, 10495, 'adipisci', 3, 32092062.9, 96276188.7),
(147233, 10496, 'quia', 8, 2.6, 20.8),
(147234, 10496, 'nihil', 8, 6.182, 49.456),
(147235, 10496, 'qui', 9, 62095177.383, 558856596.447),
(147236, 10496, 'ab', 7, 1271708, 8901956),
(147237, 10496, 'nisi', 4, 801836.61, 3207346.44),
(147238, 10496, 'quia', 10, 82988.315, 829883.15),
(147239, 10496, 'officia', 1, 0, 0),
(147240, 10496, 'nam', 6, 61237423.042, 367424538.252),
(147241, 10496, 'sed', 9, 1927905.24, 17351147.16),
(147242, 10496, 'consequuntur', 10, 2.071, 20.71),
(147243, 10496, 'aut', 9, 394.4, 3549.6),
(147244, 10496, 'voluptatem', 7, 1.775, 12.425),
(147245, 10496, 'nulla', 6, 6251.3, 37507.8),
(147246, 10496, 'in', 10, 2866301.667, 28663016.67),
(147247, 10496, 'rerum', 5, 104121820.837, 520609104.185),
(147248, 10496, 'laboriosam', 4, 28583.99, 114335.96),
(147249, 10496, 'sit', 5, 13884347.515, 69421737.575),
(147250, 10497, 'non', 3, 190876.575, 572629.725),
(147251, 10497, 'enim', 9, 0.377, 3.393),
(147252, 10497, 'sit', 9, 2073, 18657),
(147253, 10497, 'et', 4, 1985.455, 7941.82),
(147254, 10497, 'fugiat', 5, 1343561.299, 6717806.495),
(147255, 10497, 'aut', 8, 612.675, 4901.4),
(147256, 10497, 'similique', 9, 1449.19, 13042.71),
(147257, 10497, 'voluptatem', 10, 2.585, 25.85),
(147258, 10497, 'id', 6, 1004.894, 6029.364),
(147259, 10497, 'consequuntur', 7, 176145232.708, 1233016628.956),
(147260, 10497, 'quo', 5, 110389852.09, 551949260.45),
(147261, 10497, 'sapiente', 9, 2804055.844, 25236502.596),
(147262, 10497, 'fugit', 2, 24731673.906, 49463347.812),
(147263, 10497, 'consequatur', 5, 729650.096, 3648250.48),
(147264, 10497, 'nam', 10, 62783489, 627834890);
INSERT INTO `produit` (`id`, `facture_id`, `nom`, `nb`, `prix_unitaire`, `prix_total`) VALUES
(147265, 10497, 'amet', 10, 492.052, 4920.52),
(147266, 10497, 'incidunt', 10, 11081.147, 110811.47),
(147267, 10498, 'id', 5, 25.109, 125.545),
(147268, 10498, 'a', 10, 125981.822, 1259818.22),
(147269, 10498, 'asperiores', 9, 3685380.576, 33168425.184),
(147270, 10498, 'enim', 10, 7.108, 71.08),
(147271, 10498, 'non', 9, 956261.462, 8606353.158),
(147272, 10498, 'quisquam', 7, 2.744, 19.208),
(147273, 10498, 'qui', 8, 7929.904, 63439.232),
(147274, 10498, 'sed', 6, 0, 0),
(147275, 10498, 'tempora', 4, 563.231, 2252.924),
(147276, 10498, 'dolores', 6, 0, 0),
(147277, 10498, 'alias', 5, 531373.086, 2656865.43),
(147278, 10498, 'vel', 3, 4017.352, 12052.056),
(147279, 10498, 'enim', 10, 507446.765, 5074467.65),
(147280, 10498, 'et', 10, 2.306, 23.06),
(147281, 10498, 'quis', 9, 41.03, 369.27),
(147282, 10498, 'quia', 7, 381773573.551, 2672415014.857),
(147283, 10499, 'accusamus', 10, 10762106.651, 107621066.51),
(147284, 10499, 'animi', 1, 147327576.228, 147327576.228),
(147285, 10499, 'nostrum', 10, 23332.459, 233324.59),
(147286, 10499, 'corrupti', 8, 167.405, 1339.24),
(147287, 10499, 'dolorem', 9, 145035.816, 1305322.344),
(147288, 10499, 'nihil', 10, 2014583.696, 20145836.96),
(147289, 10499, 'sed', 5, 87778.868, 438894.34),
(147290, 10499, 'dolores', 4, 17624.668, 70498.672),
(147291, 10499, 'vero', 8, 44115697.288, 352925578.304),
(147292, 10499, 'qui', 5, 2627941.097, 13139705.485),
(147293, 10499, 'ipsum', 10, 77.901, 779.01),
(147294, 10499, 'ut', 7, 19116255.925, 133813791.475),
(147295, 10499, 'sit', 3, 2.297, 6.891),
(147296, 10499, 'corporis', 10, 2182.8, 21828),
(147297, 10500, 'qui', 9, 2681323.863, 24131914.767),
(147298, 10500, 'in', 9, 39928.5, 359356.5),
(147299, 10500, 'earum', 9, 428493.209, 3856438.881),
(147300, 10500, 'qui', 9, 18236026.617, 164124239.553),
(147301, 10500, 'sit', 10, 194.572, 1945.72),
(147302, 10500, 'repellendus', 6, 0.281, 1.686),
(147303, 10500, 'et', 8, 3.289, 26.312),
(147304, 10500, 'est', 8, 69270.949, 554167.592),
(147305, 10500, 'vel', 4, 834564709.757, 3338258839.028),
(147306, 10500, 'unde', 9, 47.92, 431.28),
(147307, 10500, 'ducimus', 10, 14.95, 149.5),
(147308, 10500, 'vitae', 5, 3818051.957, 19090259.785),
(147309, 10500, 'nesciunt', 5, 0.743, 3.715),
(147310, 10500, 'quia', 7, 403556247.334, 2824893731.338),
(147311, 10500, 'vel', 2, 4400111.896, 8800223.792),
(147312, 10500, 'quas', 10, 11479.782, 114797.82),
(147313, 10500, 'minima', 5, 16.515, 82.575),
(147314, 10500, 'qui', 4, 242548271.862, 970193087.448),
(147315, 10500, 'est', 5, 6521.573, 32607.865),
(147316, 10500, 'hic', 9, 85624481.231, 770620331.079),
(147317, 10500, 'velit', 9, 1935393.894, 17418545.046),
(147318, 10501, 'placeat', 7, 20776, 145432),
(147319, 10501, 'et', 6, 0.629, 3.774),
(147320, 10501, 'in', 9, 0.053, 0.477),
(147321, 10501, 'beatae', 10, 597655.8, 5976558),
(147322, 10501, 'alias', 8, 78.592, 628.736),
(147323, 10501, 'dolores', 3, 449.841, 1349.523),
(147324, 10501, 'ipsa', 7, 111.11, 777.77),
(147325, 10501, 'ducimus', 5, 891062.148, 4455310.74),
(147326, 10501, 'ipsum', 10, 0.2, 2),
(147327, 10501, 'magni', 10, 26805.895, 268058.95),
(147328, 10501, 'atque', 7, 6970.07, 48790.49),
(147329, 10501, 'amet', 5, 106.83, 534.15),
(147330, 10501, 'et', 10, 40859.734, 408597.34),
(147331, 10501, 'ullam', 4, 185078.497, 740313.988),
(147332, 10502, 'nihil', 8, 238, 1904),
(147333, 10502, 'nihil', 1, 3133054.681, 3133054.681),
(147334, 10502, 'sit', 3, 331990173.2, 995970519.6),
(147335, 10502, 'dignissimos', 6, 48931.787, 293590.722),
(147336, 10502, 'placeat', 6, 120.912, 725.472),
(147337, 10502, 'deserunt', 5, 25.488, 127.44),
(147338, 10502, 'consequatur', 3, 178795.384, 536386.152),
(147339, 10502, 'sit', 9, 286475.42, 2578278.78),
(147340, 10502, 'eos', 10, 30743, 307430),
(147341, 10502, 'ullam', 7, 0.312, 2.184),
(147342, 10502, 'temporibus', 7, 5551.405, 38859.835),
(147343, 10502, 'ut', 6, 2, 12),
(147344, 10502, 'nisi', 5, 9566.337, 47831.685),
(147345, 10503, 'accusamus', 7, 2, 14),
(147346, 10503, 'vitae', 5, 31912069.268, 159560346.34),
(147347, 10503, 'nihil', 3, 9289485, 27868455),
(147348, 10503, 'natus', 10, 1.4, 14),
(147349, 10503, 'commodi', 6, 4.772, 28.632),
(147350, 10503, 'repellat', 6, 5032, 30192),
(147351, 10503, 'necessitatibus', 8, 26.027, 208.216),
(147352, 10503, 'tempore', 6, 2.391, 14.346),
(147353, 10503, 'sit', 7, 1.908, 13.356),
(147354, 10503, 'consequatur', 10, 456.732, 4567.32),
(147355, 10503, 'suscipit', 6, 37679329, 226075974),
(147356, 10503, 'exercitationem', 10, 366.71, 3667.1),
(147357, 10504, 'ea', 7, 970552, 6793864),
(147358, 10504, 'dolorem', 9, 19.2, 172.8),
(147359, 10504, 'nostrum', 4, 157522.729, 630090.916),
(147360, 10504, 'voluptates', 9, 8191.896, 73727.064),
(147361, 10504, 'molestias', 4, 38354766.216, 153419064.864),
(147362, 10504, 'laborum', 6, 355.571, 2133.426),
(147363, 10504, 'consequatur', 6, 87.428, 524.568),
(147364, 10504, 'totam', 7, 322.164, 2255.148),
(147365, 10504, 'nam', 9, 72.63, 653.67),
(147366, 10504, 'non', 7, 3.337, 23.359),
(147367, 10504, 'voluptas', 2, 4340.612, 8681.224),
(147368, 10504, 'voluptatem', 8, 17505253.93, 140042031.44),
(147369, 10504, 'non', 7, 21374864.348, 149624050.436),
(147370, 10504, 'at', 1, 37.858, 37.858),
(147371, 10504, 'totam', 8, 18226.368, 145810.944),
(147372, 10505, 'et', 5, 2.613, 13.065),
(147373, 10505, 'consequuntur', 6, 203.7, 1222.2),
(147374, 10505, 'corrupti', 6, 2845.991, 17075.946),
(147375, 10505, 'voluptatum', 3, 0.19, 0.57),
(147376, 10505, 'odit', 9, 8.584, 77.256),
(147377, 10505, 'recusandae', 5, 11.83, 59.15),
(147378, 10505, 'natus', 8, 3.593, 28.744),
(147379, 10505, 'qui', 5, 7.8, 39),
(147380, 10505, 'nostrum', 10, 128522745.065, 1285227450.65),
(147381, 10505, 'reprehenderit', 8, 24.946, 199.568),
(147382, 10505, 'aut', 8, 207, 1656),
(147383, 10505, 'adipisci', 9, 2.448, 22.032),
(147384, 10505, 'et', 6, 1093932.166, 6563592.996),
(147385, 10505, 'aut', 9, 2517.283, 22655.547),
(147386, 10505, 'numquam', 7, 9262.116, 64834.812),
(147387, 10506, 'necessitatibus', 9, 3453764.755, 31083882.795),
(147388, 10506, 'aliquam', 5, 33795.485, 168977.425),
(147389, 10506, 'perspiciatis', 10, 698454.284, 6984542.84),
(147390, 10506, 'reiciendis', 7, 357.544, 2502.808),
(147391, 10506, 'omnis', 8, 1136703.452, 9093627.616),
(147392, 10506, 'nemo', 2, 88.334, 176.668),
(147393, 10506, 'vel', 10, 73.383, 733.83),
(147394, 10506, 'odit', 3, 23579086.9, 70737260.7),
(147395, 10506, 'sapiente', 3, 862018.798, 2586056.394),
(147396, 10506, 'itaque', 7, 1.674, 11.718),
(147397, 10506, 'dolorum', 9, 195, 1755),
(147398, 10506, 'facilis', 6, 13256.02, 79536.12),
(147399, 10506, 'et', 9, 41645578.472, 374810206.248),
(147400, 10506, 'dolore', 2, 13801980.667, 27603961.334),
(147401, 10506, 'et', 9, 4167.153, 37504.377),
(147402, 10506, 'adipisci', 10, 0.742, 7.42),
(147403, 10507, 'deserunt', 10, 9981744.8, 99817448),
(147404, 10507, 'repudiandae', 8, 8231, 65848),
(147405, 10507, 'sint', 2, 5942.21, 11884.42),
(147406, 10507, 'eos', 9, 21461.43, 193152.87),
(147407, 10507, 'et', 8, 6443.754, 51550.032),
(147408, 10507, 'expedita', 8, 31970.944, 255767.552),
(147409, 10507, 'ut', 4, 4108368.53, 16433474.12),
(147410, 10507, 'illo', 7, 1433.343, 10033.401),
(147411, 10507, 'ipsam', 7, 16922076.3, 118454534.1),
(147412, 10507, 'architecto', 2, 2.502, 5.004),
(147413, 10507, 'suscipit', 10, 29494.92, 294949.2),
(147414, 10507, 'architecto', 8, 3971.9, 31775.2),
(147415, 10507, 'delectus', 9, 3.458, 31.122),
(147416, 10507, 'sint', 1, 0.784, 0.784),
(147417, 10507, 'ratione', 2, 5902344.4, 11804688.8),
(147418, 10507, 'aut', 10, 4866327.144, 48663271.44),
(147419, 10507, 'doloremque', 10, 224161946, 2241619460),
(147420, 10507, 'vel', 10, 1936.559, 19365.59),
(147421, 10507, 'est', 9, 360064.06, 3240576.54),
(147422, 10507, 'et', 10, 98984350.351, 989843503.51),
(147423, 10508, 'dicta', 3, 471387.264, 1414161.792),
(147424, 10508, 'laudantium', 7, 210.054, 1470.378),
(147425, 10508, 'excepturi', 8, 287751.9, 2302015.2),
(147426, 10508, 'quisquam', 9, 676373352.51, 6087360172.59),
(147427, 10508, 'magni', 10, 1754.125, 17541.25),
(147428, 10508, 'amet', 4, 9, 36),
(147429, 10508, 'iusto', 9, 77191, 694719),
(147430, 10508, 'sunt', 8, 24.989, 199.912),
(147431, 10508, 'labore', 8, 35.164, 281.312),
(147432, 10508, 'et', 10, 0.141, 1.41),
(147433, 10508, 'eligendi', 3, 9.76, 29.28),
(147434, 10508, 'molestiae', 8, 319162320.717, 2553298565.736),
(147435, 10508, 'veniam', 7, 13.51, 94.57),
(147436, 10508, 'provident', 7, 7498542.348, 52489796.436),
(147437, 10508, 'magnam', 7, 463.172, 3242.204),
(147438, 10508, 'voluptatum', 1, 4736306.2, 4736306.2),
(147439, 10508, 'doloribus', 10, 345973.214, 3459732.14),
(147440, 10509, 'inventore', 7, 0.18, 1.26),
(147441, 10509, 'qui', 6, 92430021.5, 554580129),
(147442, 10509, 'cum', 7, 1536.2, 10753.4),
(147443, 10509, 'eius', 8, 1.3, 10.4),
(147444, 10509, 'illum', 2, 231.286, 462.572),
(147445, 10509, 'eum', 7, 5.997, 41.979),
(147446, 10509, 'cum', 7, 1, 7),
(147447, 10509, 'ullam', 4, 1785373.06, 7141492.24),
(147448, 10509, 'perspiciatis', 6, 0.71, 4.26),
(147449, 10509, 'dolor', 10, 278.854, 2788.54),
(147450, 10509, 'earum', 7, 34.303, 240.121),
(147451, 10509, 'quod', 5, 0, 0),
(147452, 10509, 'quibusdam', 9, 465.46, 4189.14),
(147453, 10510, 'iusto', 10, 24034060.56, 240340605.6),
(147454, 10510, 'explicabo', 7, 5.559, 38.913),
(147455, 10510, 'minima', 7, 15506.91, 108548.37),
(147456, 10510, 'et', 6, 582873099.132, 3497238594.792),
(147457, 10510, 'perferendis', 6, 0, 0),
(147458, 10510, 'sit', 3, 329.985, 989.955),
(147459, 10510, 'minus', 6, 40014.259, 240085.554),
(147460, 10510, 'mollitia', 6, 906.045, 5436.27),
(147461, 10510, 'non', 6, 1182.762, 7096.572),
(147462, 10510, 'delectus', 8, 3373030.633, 26984245.064),
(147463, 10510, 'beatae', 6, 1.662, 9.972),
(147464, 10510, 'maiores', 7, 540585.9, 3784101.3),
(147465, 10510, 'facere', 8, 423600550.894, 3388804407.152),
(147466, 10510, 'incidunt', 8, 108469766.998, 867758135.984),
(147467, 10511, 'dolorum', 7, 27323.392, 191263.744),
(147468, 10511, 'nisi', 1, 2.092, 2.092),
(147469, 10511, 'unde', 2, 278404274.008, 556808548.016),
(147470, 10511, 'qui', 3, 603864.1, 1811592.3),
(147471, 10511, 'nesciunt', 7, 6863114.47, 48041801.29),
(147472, 10511, 'eos', 4, 619622.05, 2478488.2),
(147473, 10511, 'repellendus', 8, 2196.286, 17570.288),
(147474, 10511, 'aut', 9, 47.53, 427.77),
(147475, 10511, 'est', 7, 2434240, 17039680),
(147476, 10511, 'nihil', 2, 164049891.45, 328099782.9),
(147477, 10511, 'nulla', 9, 2629.23, 23663.07),
(147478, 10511, 'sunt', 2, 856950.089, 1713900.178),
(147479, 10511, 'vitae', 6, 199.8, 1198.8),
(147480, 10512, 'repellendus', 7, 5529512.865, 38706590.055),
(147481, 10512, 'qui', 9, 4434016.565, 39906149.085),
(147482, 10512, 'quasi', 2, 648.12, 1296.24),
(147483, 10512, 'provident', 7, 234914.9, 1644404.3),
(147484, 10512, 'minima', 4, 7012.72, 28050.88),
(147485, 10512, 'quod', 1, 197427.6, 197427.6),
(147486, 10512, 'maiores', 9, 332.778, 2995.002),
(147487, 10512, 'qui', 2, 66870.044, 133740.088),
(147488, 10512, 'unde', 6, 4654.45, 27926.7),
(147489, 10512, 'expedita', 1, 2.5, 2.5),
(147490, 10512, 'repellendus', 5, 1498.934, 7494.67),
(147491, 10512, 'laborum', 7, 0.255, 1.785),
(147492, 10512, 'animi', 10, 584.699, 5846.99),
(147493, 10512, 'rerum', 8, 13584474.3, 108675794.4),
(147494, 10512, 'neque', 9, 326668392.379, 2940015531.411),
(147495, 10513, 'non', 10, 1.42, 14.2),
(147496, 10513, 'iure', 9, 101.6, 914.4),
(147497, 10513, 'voluptatibus', 9, 5.194, 46.746),
(147498, 10513, 'vero', 10, 812147376, 8121473760),
(147499, 10513, 'magnam', 5, 0.816, 4.08),
(147500, 10513, 'qui', 8, 108370.438, 866963.504),
(147501, 10513, 'qui', 7, 39937, 279559),
(147502, 10513, 'omnis', 8, 851.702, 6813.616),
(147503, 10513, 'explicabo', 9, 2504.204, 22537.836),
(147504, 10513, 'consectetur', 9, 235.541, 2119.869),
(147505, 10513, 'consectetur', 2, 176.1, 352.2),
(147506, 10513, 'dolores', 4, 75568694.88, 302274779.52),
(147507, 10513, 'deleniti', 8, 4188.03, 33504.24),
(147508, 10513, 'voluptatibus', 8, 2, 16),
(147509, 10514, 'rerum', 8, 70.295, 562.36),
(147510, 10514, 'tempore', 5, 26.832, 134.16),
(147511, 10514, 'porro', 8, 381461.018, 3051688.144),
(147512, 10514, 'voluptas', 1, 330, 330),
(147513, 10514, 'qui', 5, 13.033, 65.165),
(147514, 10514, 'officia', 5, 70.484, 352.42),
(147515, 10514, 'architecto', 3, 2489.225, 7467.675),
(147516, 10514, 'ut', 5, 1862437.947, 9312189.735),
(147517, 10514, 'ad', 9, 186258126.718, 1676323140.462),
(147518, 10514, 'perferendis', 10, 8.747, 87.47),
(147519, 10514, 'est', 10, 107.413, 1074.13),
(147520, 10514, 'nobis', 6, 1, 6),
(147521, 10514, 'est', 5, 1428753, 7143765),
(147522, 10514, 'mollitia', 3, 138509.456, 415528.368),
(147523, 10514, 'cumque', 6, 400795, 2404770),
(147524, 10514, 'voluptatem', 7, 2472.228, 17305.596),
(147525, 10514, 'soluta', 9, 5415556.912, 48740012.208),
(147526, 10514, 'culpa', 7, 7.401, 51.807),
(147527, 10514, 'distinctio', 5, 35.731, 178.655),
(147528, 10515, 'velit', 5, 546309.6, 2731548),
(147529, 10515, 'rerum', 3, 771.992, 2315.976),
(147530, 10515, 'iusto', 7, 0.057, 0.399),
(147531, 10515, 'inventore', 9, 71927.847, 647350.623),
(147532, 10515, 'non', 8, 95164.5, 761316),
(147533, 10515, 'est', 9, 11.824, 106.416),
(147534, 10515, 'blanditiis', 10, 3565372.16, 35653721.6),
(147535, 10515, 'vel', 4, 145829.34, 583317.36),
(147536, 10515, 'et', 10, 206455874, 2064558740),
(147537, 10515, 'esse', 4, 12655.012, 50620.048),
(147538, 10515, 'delectus', 1, 312012683.9, 312012683.9),
(147539, 10515, 'debitis', 4, 29.554, 118.216),
(147540, 10515, 'inventore', 5, 3641326.681, 18206633.405),
(147541, 10515, 'magni', 5, 6.095, 30.475),
(147542, 10515, 'dolorum', 9, 2720.191, 24481.719),
(147543, 10515, 'sit', 8, 1301.235, 10409.88),
(147544, 10516, 'minus', 5, 1.9, 9.5),
(147545, 10516, 'eveniet', 10, 90732.52, 907325.2),
(147546, 10516, 'aliquam', 2, 155.287, 310.574),
(147547, 10516, 'beatae', 6, 331298.038, 1987788.228),
(147548, 10516, 'sit', 1, 58619.19, 58619.19),
(147549, 10516, 'nam', 8, 33.316, 266.528),
(147550, 10516, 'esse', 9, 13750340, 123753060),
(147551, 10516, 'quia', 6, 7055644.393, 42333866.358),
(147552, 10516, 'id', 3, 23183140.482, 69549421.446),
(147553, 10516, 'est', 9, 39699543.537, 357295891.833),
(147554, 10516, 'aliquam', 9, 2557674.681, 23019072.129),
(147555, 10516, 'a', 8, 4760619.19, 38084953.52),
(147556, 10516, 'quisquam', 6, 52064.97, 312389.82),
(147557, 10517, 'qui', 7, 16.783, 117.481),
(147558, 10517, 'eius', 3, 24891185, 74673555),
(147559, 10517, 'quaerat', 9, 183720.135, 1653481.215),
(147560, 10517, 'aut', 10, 1304.706, 13047.06),
(147561, 10517, 'alias', 6, 44361.083, 266166.498),
(147562, 10517, 'expedita', 7, 0.733, 5.131),
(147563, 10517, 'aliquam', 2, 24797912.778, 49595825.556),
(147564, 10517, 'sunt', 3, 45844496.2, 137533488.6),
(147565, 10517, 'atque', 9, 193085.136, 1737766.224),
(147566, 10517, 'sed', 9, 477.532, 4297.788),
(147567, 10517, 'dolorem', 9, 643.567, 5792.103),
(147568, 10517, 'unde', 10, 215363.993, 2153639.93),
(147569, 10517, 'inventore', 7, 38310350, 268172450),
(147570, 10517, 'aut', 1, 1.316, 1.316),
(147571, 10517, 'nisi', 9, 1127552, 10147968),
(147572, 10517, 'ullam', 7, 36959357.957, 258715505.699),
(147573, 10518, 'vel', 4, 3.8, 15.2),
(147574, 10518, 'et', 5, 1314064.411, 6570322.055),
(147575, 10518, 'aperiam', 7, 108.879, 762.153),
(147576, 10518, 'voluptate', 8, 150.754, 1206.032),
(147577, 10518, 'natus', 3, 1.086, 3.258),
(147578, 10518, 'delectus', 4, 0, 0),
(147579, 10518, 'delectus', 7, 1143, 8001),
(147580, 10518, 'ab', 9, 41.919, 377.271),
(147581, 10518, 'quis', 8, 15.24, 121.92),
(147582, 10518, 'ipsa', 10, 8515119.986, 85151199.86),
(147583, 10518, 'omnis', 7, 6.53, 45.71),
(147584, 10518, 'quia', 3, 241806938.289, 725420814.867),
(147585, 10518, 'voluptas', 8, 246543.431, 1972347.448),
(147586, 10519, 'voluptatem', 5, 531310, 2656550),
(147587, 10519, 'quisquam', 2, 14918.349, 29836.698),
(147588, 10519, 'ut', 10, 1.512, 15.12),
(147589, 10519, 'repellendus', 5, 201.611, 1008.055),
(147590, 10519, 'nesciunt', 4, 6475777.603, 25903110.412),
(147591, 10519, 'et', 6, 4393.974, 26363.844),
(147592, 10519, 'illo', 2, 594380192.36, 1188760384.72),
(147593, 10519, 'officia', 10, 2, 20),
(147594, 10519, 'fugiat', 4, 2734551.3, 10938205.2),
(147595, 10519, 'deleniti', 6, 1.507, 9.042),
(147596, 10519, 'harum', 6, 0.993, 5.958),
(147597, 10519, 'placeat', 4, 4473.406, 17893.624),
(147598, 10519, 'sapiente', 10, 3.652, 36.52),
(147599, 10519, 'suscipit', 9, 368709362.135, 3318384259.215),
(147600, 10520, 'molestias', 7, 36555445.522, 255888118.654),
(147601, 10520, 'qui', 3, 0.497, 1.491),
(147602, 10520, 'voluptates', 9, 474198.055, 4267782.495),
(147603, 10520, 'neque', 4, 65.358, 261.432),
(147604, 10520, 'omnis', 4, 213614846.978, 854459387.912),
(147605, 10520, 'sapiente', 8, 162927505.738, 1303420045.904),
(147606, 10520, 'ratione', 8, 19.011, 152.088),
(147607, 10520, 'aut', 8, 54.22, 433.76),
(147608, 10520, 'rerum', 10, 25307787.806, 253077878.06),
(147609, 10520, 'neque', 7, 14632743, 102429201),
(147610, 10520, 'nam', 8, 2552.969, 20423.752),
(147611, 10520, 'eligendi', 9, 472678.237, 4254104.133),
(147612, 10520, 'qui', 10, 6181.05, 61810.5),
(147613, 10520, 'eligendi', 7, 3172.007, 22204.049),
(147614, 10520, 'qui', 6, 4.054, 24.324),
(147615, 10520, 'quo', 3, 9663132, 28989396),
(147616, 10521, 'et', 7, 0.2, 1.4),
(147617, 10521, 'rerum', 2, 111437700, 222875400),
(147618, 10521, 'magni', 9, 71868.531, 646816.779),
(147619, 10521, 'nulla', 5, 83595.359, 417976.795),
(147620, 10521, 'nobis', 7, 0, 0),
(147621, 10521, 'voluptatum', 9, 215153684.97, 1936383164.73),
(147622, 10521, 'nihil', 9, 2430.37, 21873.33),
(147623, 10521, 'quo', 4, 91917.2, 367668.8),
(147624, 10521, 'optio', 3, 42057353.458, 126172060.374),
(147625, 10521, 'doloremque', 1, 1524800.93, 1524800.93),
(147626, 10521, 'dolor', 5, 4389, 21945),
(147627, 10521, 'sapiente', 3, 4164343.774, 12493031.322),
(147628, 10521, 'nesciunt', 5, 0.029, 0.145),
(147629, 10521, 'rem', 6, 20092.903, 120557.418),
(147630, 10521, 'deserunt', 5, 25019942.474, 125099712.37),
(147631, 10521, 'voluptatibus', 6, 23480042.052, 140880252.312),
(147632, 10522, 'eos', 4, 3780.355, 15121.42),
(147633, 10522, 'consequuntur', 3, 20273.672, 60821.016),
(147634, 10522, 'id', 10, 2757797.334, 27577973.34),
(147635, 10522, 'libero', 3, 1306506.947, 3919520.841),
(147636, 10522, 'delectus', 9, 929909.255, 8369183.295),
(147637, 10522, 'possimus', 10, 641630.666, 6416306.66),
(147638, 10522, 'accusantium', 10, 4086, 40860),
(147639, 10522, 'iusto', 6, 369089719.309, 2214538315.854),
(147640, 10522, 'quia', 5, 1.95, 9.75),
(147641, 10522, 'molestiae', 4, 233.452, 933.808),
(147642, 10522, 'vitae', 9, 2320.984, 20888.856),
(147643, 10522, 'unde', 8, 28.341, 226.728),
(147644, 10523, 'nihil', 10, 19.607, 196.07),
(147645, 10523, 'et', 9, 132863.091, 1195767.819),
(147646, 10523, 'beatae', 7, 1, 7),
(147647, 10523, 'molestias', 10, 9164701.711, 91647017.11),
(147648, 10523, 'maiores', 3, 27.927, 83.781),
(147649, 10523, 'tempore', 7, 1.706, 11.942),
(147650, 10523, 'asperiores', 2, 828.283, 1656.566),
(147651, 10523, 'iure', 9, 5.613, 50.517),
(147652, 10523, 'aut', 4, 5066, 20264),
(147653, 10523, 'unde', 2, 426601157.009, 853202314.018),
(147654, 10523, 'ea', 5, 2067.682, 10338.41),
(147655, 10523, 'sit', 10, 10041445.98, 100414459.8),
(147656, 10523, 'assumenda', 9, 756002288.176, 6804020593.584),
(147657, 10523, 'qui', 8, 510.265, 4082.12),
(147658, 10524, 'in', 6, 496573086.353, 2979438518.118),
(147659, 10524, 'omnis', 1, 55950770.121, 55950770.121),
(147660, 10524, 'voluptatem', 4, 53918.781, 215675.124),
(147661, 10524, 'rerum', 6, 1261718.209, 7570309.254),
(147662, 10524, 'et', 4, 1216229.622, 4864918.488),
(147663, 10524, 'saepe', 8, 801.968, 6415.744),
(147664, 10524, 'ratione', 5, 90585.27, 452926.35),
(147665, 10524, 'porro', 10, 33963, 339630),
(147666, 10524, 'totam', 9, 943.926, 8495.334),
(147667, 10524, 'doloremque', 7, 456437786.903, 3195064508.321),
(147668, 10524, 'sint', 9, 39.849, 358.641),
(147669, 10524, 'ut', 4, 114907.608, 459630.432),
(147670, 10524, 'accusamus', 10, 34666.502, 346665.02),
(147671, 10524, 'incidunt', 10, 170.2, 1702),
(147672, 10524, 'autem', 6, 401.268, 2407.608),
(147673, 10524, 'blanditiis', 6, 1133.154, 6798.924),
(147674, 10525, 'assumenda', 8, 63049916.9, 504399335.2),
(147675, 10525, 'nihil', 4, 1.609, 6.436),
(147676, 10525, 'aliquam', 2, 1837861.581, 3675723.162),
(147677, 10525, 'non', 8, 61.12, 488.96),
(147678, 10525, 'debitis', 7, 2032.43, 14227.01),
(147679, 10525, 'doloremque', 10, 2253904.785, 22539047.85),
(147680, 10525, 'pariatur', 10, 21691442.271, 216914422.71),
(147681, 10525, 'sed', 3, 146029334.733, 438088004.199),
(147682, 10525, 'quis', 8, 192314, 1538512),
(147683, 10525, 'dolor', 6, 293725.79, 1762354.74),
(147684, 10525, 'possimus', 9, 147.771, 1329.939),
(147685, 10525, 'dolorem', 8, 227163643.982, 1817309151.856),
(147686, 10525, 'numquam', 7, 3.979, 27.853),
(147687, 10525, 'dolor', 4, 3330961.489, 13323845.956),
(147688, 10525, 'voluptates', 7, 471713.934, 3301997.538),
(147689, 10525, 'veniam', 9, 488429.565, 4395866.085),
(147690, 10525, 'sit', 8, 20172641, 161381128),
(147691, 10525, 'iste', 6, 82850.571, 497103.426),
(147692, 10526, 'quasi', 4, 0.9, 3.6),
(147693, 10526, 'saepe', 8, 26.3, 210.4),
(147694, 10526, 'ad', 8, 1508026.049, 12064208.392),
(147695, 10526, 'repellendus', 3, 494.77, 1484.31),
(147696, 10526, 'commodi', 5, 39717455.979, 198587279.895),
(147697, 10526, 'laboriosam', 6, 2926.719, 17560.314),
(147698, 10526, 'rerum', 3, 3729.39, 11188.17),
(147699, 10526, 'non', 10, 17386562.71, 173865627.1),
(147700, 10526, 'omnis', 6, 2262.836, 13577.016),
(147701, 10526, 'voluptas', 7, 995.517, 6968.619),
(147702, 10526, 'sit', 9, 73262926.833, 659366341.497),
(147703, 10526, 'nobis', 9, 3651.698, 32865.282),
(147704, 10526, 'aut', 9, 66687.443, 600186.987),
(147705, 10526, 'expedita', 5, 3519810.353, 17599051.765),
(147706, 10526, 'omnis', 10, 157901.576, 1579015.76),
(147707, 10527, 'error', 9, 34893284.48, 314039560.32),
(147708, 10527, 'veritatis', 3, 33481.015, 100443.045),
(147709, 10527, 'sed', 8, 0.665, 5.32),
(147710, 10527, 'exercitationem', 10, 17901686.406, 179016864.06),
(147711, 10527, 'sed', 6, 567920.818, 3407524.908),
(147712, 10527, 'delectus', 6, 111366, 668196),
(147713, 10527, 'ut', 7, 945.181, 6616.267),
(147714, 10527, 'numquam', 7, 1, 7),
(147715, 10527, 'aperiam', 6, 13.058, 78.348),
(147716, 10527, 'aut', 10, 5242.576, 52425.76),
(147717, 10527, 'repellendus', 3, 480, 1440),
(147718, 10527, 'et', 3, 14.866, 44.598),
(147719, 10527, 'iure', 9, 685.376, 6168.384),
(147720, 10527, 'est', 4, 72.41, 289.64),
(147721, 10527, 'dignissimos', 6, 19324148, 115944888),
(147722, 10528, 'et', 10, 72828281.513, 728282815.13),
(147723, 10528, 'optio', 8, 769347.217, 6154777.736),
(147724, 10528, 'fuga', 10, 508.921, 5089.21),
(147725, 10528, 'totam', 10, 3399985.595, 33999855.95),
(147726, 10528, 'voluptatum', 7, 12988503.134, 90919521.938),
(147727, 10528, 'in', 6, 811.109, 4866.654),
(147728, 10528, 'dolorem', 4, 518, 2072),
(147729, 10528, 'iste', 8, 1016.2, 8129.6),
(147730, 10528, 'et', 4, 7.443, 29.772),
(147731, 10528, 'quo', 8, 15673.952, 125391.616),
(147732, 10528, 'facere', 7, 141.457, 990.199),
(147733, 10528, 'dolor', 9, 611242, 5501178),
(147734, 10528, 'tenetur', 8, 66, 528),
(147735, 10528, 'quis', 10, 438227, 4382270),
(147736, 10529, 'officiis', 10, 3070.181, 30701.81),
(147737, 10529, 'et', 6, 62.904, 377.424),
(147738, 10529, 'et', 4, 5653109.389, 22612437.556),
(147739, 10529, 'error', 7, 3570.128, 24990.896),
(147740, 10529, 'ipsum', 8, 97.35, 778.8),
(147741, 10529, 'in', 8, 3504332.78, 28034662.24),
(147742, 10529, 'deleniti', 5, 69.281, 346.405),
(147743, 10529, 'dicta', 3, 326109509.906, 978328529.718),
(147744, 10529, 'rerum', 5, 467046.616, 2335233.08),
(147745, 10529, 'sapiente', 9, 53243.895, 479195.055),
(147746, 10529, 'perferendis', 8, 3627593.266, 29020746.128),
(147747, 10529, 'tempora', 1, 71.858, 71.858),
(147748, 10529, 'est', 10, 5256, 52560),
(147749, 10530, 'ea', 9, 0, 0),
(147750, 10530, 'voluptatem', 4, 50945478.504, 203781914.016),
(147751, 10530, 'eaque', 7, 4445880.479, 31121163.353),
(147752, 10530, 'quae', 5, 493011336, 2465056680),
(147753, 10530, 'atque', 6, 4552.433, 27314.598),
(147754, 10530, 'amet', 8, 4.885, 39.08),
(147755, 10530, 'ex', 9, 51.508, 463.572),
(147756, 10530, 'voluptas', 8, 6547.098, 52376.784),
(147757, 10530, 'sint', 10, 166, 1660),
(147758, 10530, 'quia', 2, 277291656.17, 554583312.34),
(147759, 10530, 'quasi', 3, 1969.866, 5909.598),
(147760, 10530, 'eum', 9, 169240693.492, 1523166241.428),
(147761, 10530, 'vitae', 5, 53059759.34, 265298796.7),
(147762, 10530, 'vel', 8, 6.503, 52.024),
(147763, 10530, 'quo', 10, 127.379, 1273.79),
(147764, 10530, 'voluptates', 8, 298733491.368, 2389867930.944),
(147765, 10530, 'nemo', 6, 287289905, 1723739430),
(147766, 10530, 'consequatur', 3, 8081, 24243),
(147767, 10530, 'nobis', 10, 145271420.627, 1452714206.27),
(147768, 10531, 'odio', 5, 701.877, 3509.385),
(147769, 10531, 'id', 7, 4.93, 34.51),
(147770, 10531, 'vel', 5, 0.66, 3.3),
(147771, 10531, 'quisquam', 3, 4890.921, 14672.763),
(147772, 10531, 'ut', 9, 9.385, 84.465),
(147773, 10531, 'doloribus', 2, 0.408, 0.816),
(147774, 10531, 'deleniti', 4, 31355730.831, 125422923.324),
(147775, 10531, 'et', 4, 5.659, 22.636),
(147776, 10531, 'consequatur', 7, 6549.036, 45843.252),
(147777, 10531, 'tempora', 8, 4363893.364, 34911146.912),
(147778, 10531, 'deserunt', 10, 1456.225, 14562.25),
(147779, 10531, 'omnis', 8, 11110.82, 88886.56),
(147780, 10531, 'nostrum', 6, 16.37, 98.22),
(147781, 10531, 'laborum', 9, 53308.786, 479779.074),
(147782, 10531, 'voluptatibus', 10, 79.809, 798.09),
(147783, 10531, 'fugit', 6, 12822.789, 76936.734),
(147784, 10532, 'consequatur', 9, 8.432, 75.888),
(147785, 10532, 'quia', 2, 17130146.033, 34260292.066),
(147786, 10532, 'ipsam', 2, 992.801, 1985.602),
(147787, 10532, 'fuga', 9, 4.749, 42.741),
(147788, 10532, 'et', 10, 0.369, 3.69),
(147789, 10532, 'debitis', 5, 1.027, 5.135),
(147790, 10532, 'exercitationem', 3, 44469.202, 133407.606),
(147791, 10532, 'consequatur', 9, 1791596.51, 16124368.59),
(147792, 10532, 'sapiente', 4, 0, 0),
(147793, 10532, 'molestiae', 6, 28126132, 168756792),
(147794, 10532, 'alias', 4, 1550353.77, 6201415.08),
(147795, 10532, 'distinctio', 10, 3.387, 33.87),
(147796, 10533, 'non', 9, 2086.277, 18776.493),
(147797, 10533, 'asperiores', 8, 7.813, 62.504),
(147798, 10533, 'iste', 5, 190544426, 952722130),
(147799, 10533, 'ea', 9, 137, 1233),
(147800, 10533, 'adipisci', 1, 5199.654, 5199.654),
(147801, 10533, 'laboriosam', 6, 10, 60),
(147802, 10533, 'laudantium', 9, 11258.4, 101325.6),
(147803, 10533, 'aperiam', 6, 5342911.041, 32057466.246),
(147804, 10533, 'aut', 3, 39767.245, 119301.735),
(147805, 10533, 'ipsa', 4, 55846098.548, 223384394.192),
(147806, 10533, 'ipsam', 5, 1314031.011, 6570155.055),
(147807, 10533, 'voluptatem', 1, 5236387.082, 5236387.082),
(147808, 10533, 'quos', 3, 34735034.961, 104205104.883),
(147809, 10533, 'consequatur', 6, 43.349, 260.094),
(147810, 10533, 'alias', 6, 1.588, 9.528),
(147811, 10534, 'iste', 5, 1, 5),
(147812, 10534, 'nulla', 10, 20.065, 200.65),
(147813, 10534, 'quo', 5, 224868100.289, 1124340501.445),
(147814, 10534, 'illum', 5, 5695874.929, 28479374.645),
(147815, 10534, 'quo', 7, 140550.5, 983853.5),
(147816, 10534, 'consequuntur', 7, 2984513.7, 20891595.9),
(147817, 10534, 'consequatur', 9, 27123583.281, 244112249.529),
(147818, 10534, 'ab', 4, 72.282, 289.128),
(147819, 10534, 'ut', 9, 601562.26, 5414060.34),
(147820, 10534, 'omnis', 10, 419629, 4196290),
(147821, 10534, 'accusantium', 10, 134720535.854, 1347205358.54),
(147822, 10534, 'sed', 4, 0, 0),
(147823, 10534, 'quia', 10, 10.546, 105.46),
(147824, 10534, 'quas', 4, 851957.58, 3407830.32),
(147825, 10534, 'odit', 10, 24940409.046, 249404090.46),
(147826, 10534, 'possimus', 9, 113.44, 1020.96),
(147827, 10535, 'soluta', 5, 6395284.6, 31976423),
(147828, 10535, 'quis', 7, 4661597.73, 32631184.11),
(147829, 10535, 'repudiandae', 9, 3340208.276, 30061874.484),
(147830, 10535, 'ducimus', 2, 1974341.9, 3948683.8),
(147831, 10535, 'ut', 8, 297426.341, 2379410.728),
(147832, 10535, 'laudantium', 9, 49.9, 449.1),
(147833, 10535, 'et', 10, 2648607.192, 26486071.92),
(147834, 10535, 'officia', 7, 39.385, 275.695),
(147835, 10535, 'dolor', 3, 20684.811, 62054.433),
(147836, 10535, 'optio', 8, 574.796, 4598.368),
(147837, 10535, 'quas', 10, 5115.629, 51156.29),
(147838, 10535, 'fugit', 1, 24448537.036, 24448537.036),
(147839, 10536, 'deleniti', 5, 27939817.433, 139699087.165),
(147840, 10536, 'quo', 4, 187, 748),
(147841, 10536, 'error', 5, 3.69, 18.45),
(147842, 10536, 'magni', 5, 94329791.82, 471648959.1),
(147843, 10536, 'sed', 7, 377.8, 2644.6),
(147844, 10536, 'voluptas', 7, 10145.866, 71021.062),
(147845, 10536, 'numquam', 7, 3681554.981, 25770884.867),
(147846, 10536, 'sint', 5, 32269889.586, 161349447.93),
(147847, 10536, 'corporis', 9, 15.36, 138.24),
(147848, 10536, 'aut', 6, 8, 48),
(147849, 10536, 'quibusdam', 1, 76.919, 76.919),
(147850, 10536, 'voluptas', 10, 9298723.7, 92987237),
(147851, 10536, 'iste', 4, 9517087, 38068348),
(147852, 10536, 'ab', 1, 29048.172, 29048.172),
(147853, 10536, 'nihil', 8, 44.912, 359.296),
(147854, 10536, 'consectetur', 3, 0.862, 2.586),
(147855, 10537, 'architecto', 4, 68074101.818, 272296407.272),
(147856, 10537, 'quam', 9, 13572.328, 122150.952),
(147857, 10537, 'officiis', 7, 4918.546, 34429.822),
(147858, 10537, 'sit', 5, 4, 20),
(147859, 10537, 'ea', 2, 29.778, 59.556),
(147860, 10537, 'eveniet', 5, 5517.603, 27588.015),
(147861, 10537, 'quia', 10, 1003, 10030),
(147862, 10537, 'et', 9, 290698.3, 2616284.7),
(147863, 10537, 'autem', 7, 4154770.439, 29083393.073),
(147864, 10537, 'cum', 6, 0.8, 4.8),
(147865, 10537, 'totam', 1, 4567927, 4567927),
(147866, 10538, 'beatae', 3, 189214.2, 567642.6),
(147867, 10538, 'nemo', 10, 17568.053, 175680.53),
(147868, 10538, 'ea', 5, 38.689, 193.445),
(147869, 10538, 'laboriosam', 6, 2.443, 14.658),
(147870, 10538, 'id', 8, 0, 0),
(147871, 10538, 'nesciunt', 5, 30284872.272, 151424361.36),
(147872, 10538, 'placeat', 2, 3967.9, 7935.8),
(147873, 10538, 'et', 4, 3580.371, 14321.484),
(147874, 10538, 'deleniti', 9, 23.863, 214.767),
(147875, 10538, 'impedit', 3, 83, 249),
(147876, 10538, 'error', 10, 38, 380),
(147877, 10538, 'in', 9, 435579, 3920211),
(147878, 10538, 'nam', 8, 331765665.301, 2654125322.408),
(147879, 10538, 'qui', 9, 348535.154, 3136816.386),
(147880, 10539, 'exercitationem', 4, 79989.398, 319957.592),
(147881, 10539, 'velit', 9, 43776.84, 393991.56),
(147882, 10539, 'magni', 3, 4.006, 12.018),
(147883, 10539, 'earum', 6, 1252.374, 7514.244),
(147884, 10539, 'praesentium', 2, 1390.184, 2780.368),
(147885, 10539, 'pariatur', 8, 0, 0),
(147886, 10539, 'qui', 9, 38556.065, 347004.585),
(147887, 10539, 'quasi', 10, 28, 280),
(147888, 10539, 'et', 8, 4928.21, 39425.68),
(147889, 10539, 'quod', 5, 281, 1405),
(147890, 10539, 'consequatur', 6, 949366.544, 5696199.264),
(147891, 10539, 'aut', 6, 6375700, 38254200),
(147892, 10539, 'maxime', 7, 30625378.24, 214377647.68),
(147893, 10539, 'qui', 7, 6283.26, 43982.82),
(147894, 10539, 'aliquam', 4, 0.883, 3.532),
(147895, 10540, 'praesentium', 10, 18, 180),
(147896, 10540, 'reiciendis', 9, 217525118.451, 1957726066.059),
(147897, 10540, 'amet', 5, 214.64, 1073.2),
(147898, 10540, 'aspernatur', 4, 47428239.652, 189712958.608),
(147899, 10540, 'est', 8, 710, 5680),
(147900, 10540, 'quo', 10, 451557573.7, 4515575737),
(147901, 10540, 'omnis', 9, 2523510.197, 22711591.773),
(147902, 10540, 'deleniti', 10, 14.336, 143.36),
(147903, 10540, 'tempora', 5, 5.866, 29.33),
(147904, 10540, 'molestiae', 4, 7881.484, 31525.936),
(147905, 10540, 'velit', 10, 39506.854, 395068.54),
(147906, 10540, 'blanditiis', 6, 28.183, 169.098),
(147907, 10540, 'assumenda', 10, 150.6, 1506),
(147908, 10540, 'blanditiis', 8, 339747106.892, 2717976855.136),
(147909, 10540, 'rem', 3, 9.154, 27.462),
(147910, 10541, 'voluptatum', 9, 2327929.827, 20951368.443),
(147911, 10541, 'sequi', 7, 87.003, 609.021),
(147912, 10541, 'et', 7, 8381248.79, 58668741.53),
(147913, 10541, 'sit', 9, 2687.1, 24183.9),
(147914, 10541, 'aut', 7, 1781.804, 12472.628),
(147915, 10541, 'odio', 5, 6474246.797, 32371233.985),
(147916, 10541, 'consequatur', 8, 50.7, 405.6),
(147917, 10541, 'impedit', 7, 2220899.094, 15546293.658),
(147918, 10541, 'qui', 5, 7310.978, 36554.89),
(147919, 10541, 'est', 9, 4478397.14, 40305574.26),
(147920, 10541, 'similique', 4, 15239150, 60956600),
(147921, 10541, 'dolorem', 2, 1646677.089, 3293354.178),
(147922, 10541, 'corporis', 3, 405473030.011, 1216419090.033),
(147923, 10541, 'et', 5, 20131640.703, 100658203.515),
(147924, 10542, 'quae', 9, 601961, 5417649),
(147925, 10542, 'atque', 3, 335.466, 1006.398),
(147926, 10542, 'aut', 8, 29.73, 237.84),
(147927, 10542, 'cum', 2, 139.6, 279.2),
(147928, 10542, 'aut', 3, 36846260.595, 110538781.785),
(147929, 10542, 'ratione', 7, 29198495.166, 204389466.162),
(147930, 10542, 'et', 8, 3.73, 29.84),
(147931, 10542, 'nemo', 7, 2.085, 14.595),
(147932, 10542, 'est', 6, 30686134.181, 184116805.086),
(147933, 10542, 'enim', 4, 2404534, 9618136),
(147934, 10542, 'ipsum', 3, 426580391.9, 1279741175.7),
(147935, 10542, 'ea', 8, 127, 1016),
(147936, 10542, 'qui', 8, 36267.246, 290137.968),
(147937, 10542, 'et', 6, 2.179, 13.074),
(147938, 10543, 'rerum', 7, 439.22, 3074.54),
(147939, 10543, 'doloribus', 2, 130273755.041, 260547510.082),
(147940, 10543, 'dolores', 10, 5.01, 50.1),
(147941, 10543, 'esse', 5, 3028, 15140),
(147942, 10543, 'autem', 7, 5983242.175, 41882695.225),
(147943, 10543, 'nemo', 8, 99.267, 794.136),
(147944, 10543, 'et', 2, 195.533, 391.066),
(147945, 10543, 'iure', 9, 4.021, 36.189),
(147946, 10543, 'voluptatem', 10, 1112.894, 11128.94),
(147947, 10543, 'voluptatibus', 7, 340.83, 2385.81),
(147948, 10543, 'nihil', 3, 510667.147, 1532001.441),
(147949, 10543, 'quia', 10, 130986.931, 1309869.31),
(147950, 10543, 'sunt', 10, 1245387.15, 12453871.5),
(147951, 10543, 'vero', 2, 1001.221, 2002.442),
(147952, 10543, 'adipisci', 3, 6564, 19692),
(147953, 10543, 'illum', 1, 11473.572, 11473.572),
(147954, 10543, 'quibusdam', 6, 734.93, 4409.58),
(147955, 10544, 'eum', 4, 442.28, 1769.12),
(147956, 10544, 'et', 6, 134944, 809664),
(147957, 10544, 'adipisci', 6, 541.8, 3250.8),
(147958, 10544, 'perferendis', 8, 293962.076, 2351696.608),
(147959, 10544, 'quo', 10, 21173.282, 211732.82),
(147960, 10544, 'illo', 8, 4.804, 38.432),
(147961, 10544, 'non', 9, 254397864.418, 2289580779.762),
(147962, 10544, 'aliquid', 3, 2026.877, 6080.631),
(147963, 10544, 'soluta', 10, 39.97, 399.7),
(147964, 10544, 'nemo', 7, 67105.733, 469740.131),
(147965, 10544, 'quasi', 10, 127.103, 1271.03),
(147966, 10544, 'sunt', 10, 968110196.82, 9681101968.2),
(147967, 10544, 'voluptas', 6, 8839151, 53034906),
(147968, 10544, 'est', 9, 19187394.6, 172686551.4),
(147969, 10544, 'velit', 4, 84206096.596, 336824386.384),
(147970, 10544, 'sed', 5, 3.2, 16),
(147971, 10545, 'perferendis', 6, 10.623, 63.738),
(147972, 10545, 'sed', 9, 478928834.678, 4310359512.102),
(147973, 10545, 'dolorem', 7, 5523.752, 38666.264),
(147974, 10545, 'corporis', 10, 51486678.349, 514866783.49),
(147975, 10545, 'ipsum', 8, 81.243, 649.944),
(147976, 10545, 'quia', 3, 6781570.624, 20344711.872),
(147977, 10545, 'optio', 10, 8.2, 82),
(147978, 10545, 'omnis', 7, 15.802, 110.614),
(147979, 10545, 'fugit', 9, 7618, 68562),
(147980, 10545, 'et', 9, 4.395, 39.555),
(147981, 10545, 'eius', 8, 17.267, 138.136),
(147982, 10545, 'sed', 5, 2451.84, 12259.2),
(147983, 10545, 'sint', 2, 75125922.98, 150251845.96),
(147984, 10545, 'delectus', 5, 24430.38, 122151.9),
(147985, 10545, 'et', 2, 120.072, 240.144),
(147986, 10545, 'voluptatem', 6, 56883941.023, 341303646.138),
(147987, 10546, 'eius', 7, 24033795.081, 168236565.567),
(147988, 10546, 'et', 5, 32.794, 163.97),
(147989, 10546, 'sit', 7, 7309493.876, 51166457.132),
(147990, 10546, 'odio', 3, 19263983.351, 57791950.053),
(147991, 10546, 'culpa', 6, 0.747, 4.482),
(147992, 10546, 'cupiditate', 4, 4042, 16168),
(147993, 10546, 'quia', 3, 121635.763, 364907.289),
(147994, 10546, 'ipsam', 6, 6787294, 40723764),
(147995, 10546, 'aspernatur', 8, 26, 208),
(147996, 10546, 'recusandae', 3, 644368935.649, 1933106806.947),
(147997, 10546, 'voluptatem', 3, 165.635, 496.905),
(147998, 10546, 'laudantium', 10, 226186202.96, 2261862029.6),
(147999, 10546, 'qui', 10, 0.1, 1),
(148000, 10546, 'reprehenderit', 4, 3.8, 15.2),
(148001, 10546, 'amet', 7, 1471.186, 10298.302),
(148002, 10547, 'quia', 8, 1920042.704, 15360341.632),
(148003, 10547, 'ipsa', 6, 34.8, 208.8),
(148004, 10547, 'voluptas', 1, 45828469.035, 45828469.035),
(148005, 10547, 'quas', 4, 60130660.774, 240522643.096),
(148006, 10547, 'aspernatur', 3, 1866.727, 5600.181),
(148007, 10547, 'quidem', 6, 30496.75, 182980.5),
(148008, 10547, 'possimus', 3, 446, 1338),
(148009, 10547, 'itaque', 5, 1.55, 7.75),
(148010, 10547, 'rem', 9, 1988.757, 17898.813),
(148011, 10547, 'ullam', 6, 631962.912, 3791777.472),
(148012, 10547, 'natus', 8, 1577, 12616),
(148013, 10547, 'quae', 9, 408204572.03, 3673841148.27),
(148014, 10547, 'nisi', 4, 12644.064, 50576.256),
(148015, 10548, 'et', 5, 522921428.514, 2614607142.57),
(148016, 10548, 'porro', 6, 296488.52, 1778931.12),
(148017, 10548, 'eos', 5, 21.836, 109.18),
(148018, 10548, 'ullam', 3, 322754679.072, 968264037.216),
(148019, 10548, 'in', 3, 55921496.889, 167764490.667),
(148020, 10548, 'tempore', 9, 124089, 1116801),
(148021, 10548, 'sed', 9, 56.505, 508.545),
(148022, 10548, 'quibusdam', 10, 250.2, 2502),
(148023, 10548, 'repudiandae', 4, 82.6, 330.4),
(148024, 10548, 'recusandae', 10, 4626.505, 46265.05),
(148025, 10548, 'ut', 5, 95.277, 476.385),
(148026, 10548, 'excepturi', 8, 74.127, 593.016),
(148027, 10548, 'saepe', 6, 219.8, 1318.8),
(148028, 10548, 'ducimus', 8, 4871920.342, 38975362.736),
(148029, 10549, 'dolores', 9, 245965.728, 2213691.552),
(148030, 10549, 'laborum', 7, 3093, 21651),
(148031, 10549, 'error', 6, 8.542, 51.252),
(148032, 10549, 'velit', 4, 4708995.688, 18835982.752),
(148033, 10549, 'rerum', 7, 2.593, 18.151),
(148034, 10549, 'placeat', 4, 2.599, 10.396),
(148035, 10549, 'autem', 8, 1661.104, 13288.832),
(148036, 10549, 'inventore', 9, 9351.142, 84160.278),
(148037, 10549, 'consequatur', 1, 35450.59, 35450.59),
(148038, 10549, 'nesciunt', 6, 0.91, 5.46),
(148039, 10549, 'repudiandae', 6, 2665.024, 15990.144),
(148040, 10549, 'voluptatibus', 10, 922806364, 9228063640),
(148041, 10549, 'cumque', 7, 566019447.88, 3962136135.16),
(148042, 10549, 'neque', 8, 1665.184, 13321.472),
(148043, 10549, 'aperiam', 10, 1485746.506, 14857465.06),
(148044, 10549, 'possimus', 10, 48.5, 485),
(148045, 10549, 'dolorum', 7, 178142671.579, 1246998701.053),
(148046, 10549, 'veritatis', 5, 5468956.8, 27344784),
(148047, 10549, 'consequatur', 4, 61.542, 246.168),
(148048, 10550, 'mollitia', 6, 17.743, 106.458),
(148049, 10550, 'consequuntur', 3, 2809833.236, 8429499.708),
(148050, 10550, 'laudantium', 9, 890865.169, 8017786.521),
(148051, 10550, 'aut', 7, 17523.179, 122662.253),
(148052, 10550, 'animi', 7, 0, 0),
(148053, 10550, 'quo', 4, 1336887, 5347548),
(148054, 10550, 'sint', 6, 7.717, 46.302),
(148055, 10550, 'voluptatum', 10, 2729.6, 27296),
(148056, 10550, 'sit', 7, 2447215.904, 17130511.328),
(148057, 10550, 'iure', 10, 3574963.735, 35749637.35),
(148058, 10550, 'et', 1, 40133.5, 40133.5),
(148059, 10550, 'architecto', 2, 22143025.175, 44286050.35),
(148060, 10550, 'iusto', 5, 6006500.611, 30032503.055),
(148061, 10550, 'cumque', 5, 9712903.065, 48564515.325),
(148062, 10550, 'dolor', 5, 464955.9, 2324779.5),
(148063, 10550, 'minus', 10, 35.9, 359),
(148064, 10550, 'officia', 8, 1871.16, 14969.28),
(148065, 10550, 'ut', 8, 619361091.94, 4954888735.52),
(148066, 10550, 'culpa', 3, 134.96, 404.88),
(148067, 10550, 'omnis', 8, 51945.019, 415560.152),
(148068, 10551, 'et', 6, 7259.546, 43557.276),
(148069, 10551, 'sit', 8, 7346.054, 58768.432),
(148070, 10551, 'odit', 10, 37789.8, 377898),
(148071, 10551, 'quasi', 9, 1014.045, 9126.405),
(148072, 10551, 'est', 3, 0.89, 2.67),
(148073, 10551, 'inventore', 3, 3.138, 9.414),
(148074, 10551, 'ut', 10, 4.544, 45.44),
(148075, 10551, 'harum', 9, 68636.467, 617728.203),
(148076, 10551, 'odio', 10, 59249323, 592493230),
(148077, 10551, 'qui', 4, 117427.111, 469708.444),
(148078, 10551, 'repellendus', 1, 14194.423, 14194.423),
(148079, 10551, 'consequatur', 5, 226.624, 1133.12),
(148080, 10551, 'perspiciatis', 5, 108, 540),
(148081, 10551, 'reiciendis', 5, 79449.106, 397245.53),
(148082, 10551, 'quam', 6, 1.851, 11.106),
(148083, 10551, 'quasi', 8, 59, 472),
(148084, 10551, 'qui', 2, 7.8, 15.6),
(148085, 10551, 'perferendis', 4, 2069.67, 8278.68),
(148086, 10552, 'et', 1, 8.106, 8.106),
(148087, 10552, 'aliquam', 8, 77087.08, 616696.64),
(148088, 10552, 'eum', 3, 0.623, 1.869),
(148089, 10552, 'eveniet', 3, 1779.795, 5339.385),
(148090, 10552, 'cupiditate', 8, 1.453, 11.624),
(148091, 10552, 'sint', 8, 24520788.775, 196166310.2),
(148092, 10552, 'dolorem', 5, 6852142, 34260710),
(148093, 10552, 'recusandae', 10, 739790781.209, 7397907812.09),
(148094, 10552, 'voluptatem', 7, 58528542, 409699794),
(148095, 10552, 'aut', 6, 270026.355, 1620158.13),
(148096, 10552, 'quidem', 7, 6.425, 44.975),
(148097, 10553, 'repellendus', 10, 464965.9, 4649659),
(148098, 10553, 'hic', 5, 20784883.8, 103924419),
(148099, 10553, 'ipsa', 5, 15331.286, 76656.43),
(148100, 10553, 'qui', 5, 4.865, 24.325),
(148101, 10553, 'expedita', 4, 0.9, 3.6),
(148102, 10553, 'repudiandae', 7, 2146784.166, 15027489.162),
(148103, 10553, 'laborum', 4, 1969, 7876),
(148104, 10553, 'autem', 2, 2147.14, 4294.28),
(148105, 10553, 'ut', 8, 263897212.077, 2111177696.616),
(148106, 10553, 'sapiente', 10, 136, 1360),
(148107, 10553, 'ut', 8, 2, 16),
(148108, 10553, 'iste', 6, 35662750.165, 213976500.99),
(148109, 10553, 'aut', 5, 1.113, 5.565),
(148110, 10553, 'adipisci', 9, 21.225, 191.025),
(148111, 10553, 'reiciendis', 8, 185661.461, 1485291.688),
(148112, 10553, 'possimus', 6, 3476.466, 20858.796),
(148113, 10553, 'hic', 7, 4.075, 28.525),
(148114, 10553, 'rem', 8, 1395378.483, 11163027.864),
(148115, 10554, 'eveniet', 4, 963177.173, 3852708.692),
(148116, 10554, 'consequuntur', 6, 42906.945, 257441.67),
(148117, 10554, 'qui', 3, 17.373, 52.119),
(148118, 10554, 'repellendus', 8, 2104, 16832),
(148119, 10554, 'velit', 10, 221689820.989, 2216898209.89),
(148120, 10554, 'sint', 6, 32246374.847, 193478249.082),
(148121, 10554, 'facilis', 8, 2221.32, 17770.56),
(148122, 10554, 'maiores', 5, 0.812, 4.06),
(148123, 10554, 'quia', 1, 614353.036, 614353.036),
(148124, 10554, 'quas', 10, 22044, 220440),
(148125, 10554, 'nobis', 8, 12829.967, 102639.736),
(148126, 10554, 'quod', 5, 72196230.024, 360981150.12),
(148127, 10554, 'est', 3, 246.792, 740.376),
(148128, 10554, 'corporis', 9, 264764.311, 2382878.799),
(148129, 10554, 'cum', 7, 8.091, 56.637),
(148130, 10554, 'similique', 6, 366429999.862, 2198579999.172),
(148131, 10554, 'voluptatem', 9, 41103.29, 369929.61),
(148132, 10554, 'ut', 7, 4.405, 30.835),
(148133, 10555, 'ea', 10, 0.729, 7.29),
(148134, 10555, 'voluptate', 10, 68.106, 681.06),
(148135, 10555, 'unde', 9, 6.613, 59.517),
(148136, 10555, 'ipsam', 6, 29654204.778, 177925228.668),
(148137, 10555, 'nemo', 2, 7.707, 15.414),
(148138, 10555, 'est', 4, 3047735.86, 12190943.44),
(148139, 10555, 'modi', 5, 410496.3, 2052481.5),
(148140, 10555, 'maxime', 1, 62479548.669, 62479548.669),
(148141, 10555, 'voluptas', 5, 718.893, 3594.465),
(148142, 10555, 'quisquam', 9, 77912, 701208),
(148143, 10555, 'consequatur', 2, 303341.069, 606682.138),
(148144, 10555, 'at', 1, 51113.865, 51113.865),
(148145, 10555, 'ducimus', 6, 2604015.7, 15624094.2),
(148146, 10556, 'vel', 1, 55177884.299, 55177884.299),
(148147, 10556, 'sit', 9, 3.089, 27.801),
(148148, 10556, 'eum', 8, 2491200.614, 19929604.912),
(148149, 10556, 'modi', 4, 152.836, 611.344),
(148150, 10556, 'et', 10, 858524.9, 8585249),
(148151, 10556, 'sunt', 1, 7387.869, 7387.869),
(148152, 10556, 'sed', 6, 472532.934, 2835197.604),
(148153, 10556, 'est', 10, 343536453, 3435364530),
(148154, 10556, 'sit', 6, 0.1, 0.6),
(148155, 10556, 'voluptates', 3, 14292.18, 42876.54),
(148156, 10556, 'nihil', 9, 289641.097, 2606769.873),
(148157, 10556, 'ut', 6, 64155.43, 384932.58),
(148158, 10556, 'omnis', 4, 6661.899, 26647.596),
(148159, 10556, 'quia', 6, 492390968.88, 2954345813.28),
(148160, 10556, 'et', 5, 374354.169, 1871770.845),
(148161, 10556, 'dolor', 6, 16.235, 97.41),
(148162, 10557, 'unde', 4, 61327.353, 245309.412),
(148163, 10557, 'voluptatem', 8, 65.73, 525.84),
(148164, 10557, 'eos', 8, 5299835.3, 42398682.4),
(148165, 10557, 'vitae', 3, 93843596, 281530788),
(148166, 10557, 'corrupti', 4, 30.91, 123.64),
(148167, 10557, 'blanditiis', 2, 3449305.513, 6898611.026),
(148168, 10557, 'ut', 7, 54.56, 381.92),
(148169, 10557, 'ad', 1, 477103.24, 477103.24),
(148170, 10557, 'pariatur', 8, 3, 24),
(148171, 10557, 'non', 3, 4601678.149, 13805034.447),
(148172, 10557, 'suscipit', 7, 5534.79, 38743.53),
(148173, 10557, 'suscipit', 5, 2.5, 12.5),
(148174, 10557, 'harum', 10, 4649.71, 46497.1),
(148175, 10558, 'architecto', 3, 9480212, 28440636),
(148176, 10558, 'eos', 7, 1.201, 8.407),
(148177, 10558, 'est', 4, 1.962, 7.848),
(148178, 10558, 'et', 4, 17.8, 71.2),
(148179, 10558, 'rerum', 6, 242486.297, 1454917.782),
(148180, 10558, 'at', 8, 39.299, 314.392),
(148181, 10558, 'qui', 8, 293580.292, 2348642.336),
(148182, 10558, 'dignissimos', 4, 255085.961, 1020343.844),
(148183, 10558, 'fugit', 4, 791837.322, 3167349.288),
(148184, 10558, 'culpa', 2, 147101710.97, 294203421.94),
(148185, 10558, 'ab', 1, 4641179.844, 4641179.844),
(148186, 10558, 'eveniet', 1, 11.645, 11.645),
(148187, 10558, 'enim', 8, 0.152, 1.216),
(148188, 10558, 'quos', 6, 1029481.143, 6176886.858),
(148189, 10558, 'libero', 10, 239.089, 2390.89),
(148190, 10559, 'aliquam', 6, 712.531, 4275.186),
(148191, 10559, 'occaecati', 8, 697.845, 5582.76),
(148192, 10559, 'totam', 10, 12.392, 123.92),
(148193, 10559, 'et', 2, 5710058.315, 11420116.63),
(148194, 10559, 'aut', 5, 106, 530),
(148195, 10559, 'quod', 10, 9271444.249, 92714442.49),
(148196, 10559, 'dicta', 6, 1.5, 9),
(148197, 10559, 'nostrum', 4, 69.645, 278.58),
(148198, 10559, 'aut', 9, 0, 0),
(148199, 10559, 'et', 10, 0, 0),
(148200, 10559, 'tempora', 2, 92795826.55, 185591653.1),
(148201, 10559, 'reiciendis', 5, 575.157, 2875.785),
(148202, 10559, 'culpa', 6, 549369750.96, 3296218505.76),
(148203, 10560, 'facilis', 6, 4989182.52, 29935095.12),
(148204, 10560, 'labore', 4, 603356.472, 2413425.888),
(148205, 10560, 'doloribus', 10, 20814, 208140),
(148206, 10560, 'aut', 8, 14.615, 116.92),
(148207, 10560, 'placeat', 8, 624710644.17, 4997685153.36),
(148208, 10560, 'enim', 3, 9.4, 28.2),
(148209, 10560, 'quos', 2, 5886.598, 11773.196),
(148210, 10560, 'perspiciatis', 6, 137.075, 822.45),
(148211, 10560, 'provident', 10, 413.534, 4135.34),
(148212, 10560, 'illum', 9, 4263.803, 38374.227),
(148213, 10560, 'sapiente', 4, 637684, 2550736),
(148214, 10560, 'omnis', 9, 33921.329, 305291.961),
(148215, 10560, 'ipsum', 8, 17908127.023, 143265016.184),
(148216, 10561, 'voluptatem', 10, 4173227, 41732270),
(148217, 10561, 'esse', 3, 1677631.757, 5032895.271),
(148218, 10561, 'eum', 5, 1.73, 8.65),
(148219, 10561, 'voluptas', 2, 2883.152, 5766.304),
(148220, 10561, 'quo', 7, 179.476, 1256.332),
(148221, 10561, 'qui', 7, 11.15, 78.05),
(148222, 10561, 'in', 6, 5209.708, 31258.248),
(148223, 10561, 'placeat', 4, 35002.705, 140010.82),
(148224, 10561, 'asperiores', 9, 12.88, 115.92),
(148225, 10561, 'aut', 6, 33231091.076, 199386546.456),
(148226, 10561, 'ipsam', 7, 28810682.181, 201674775.267),
(148227, 10561, 'quam', 10, 2922.9, 29229),
(148228, 10561, 'et', 6, 287.216, 1723.296),
(148229, 10562, 'qui', 7, 0.019, 0.133),
(148230, 10562, 'et', 4, 676.78, 2707.12),
(148231, 10562, 'debitis', 10, 0, 0),
(148232, 10562, 'et', 8, 939.633, 7517.064),
(148233, 10562, 'iste', 7, 15638, 109466),
(148234, 10562, 'qui', 9, 42472, 382248),
(148235, 10562, 'numquam', 8, 0.151, 1.208),
(148236, 10562, 'ratione', 3, 174371.215, 523113.645),
(148237, 10562, 'consectetur', 7, 600, 4200),
(148238, 10562, 'ut', 8, 65956549.946, 527652399.568),
(148239, 10562, 'atque', 10, 265.527, 2655.27),
(148240, 10562, 'dolores', 2, 4095.55, 8191.1),
(148241, 10562, 'officia', 7, 2.654, 18.578),
(148242, 10562, 'atque', 7, 71, 497),
(148243, 10562, 'nulla', 4, 3.05, 12.2),
(148244, 10562, 'recusandae', 8, 2821.6, 22572.8),
(148245, 10562, 'ut', 6, 1186615, 7119690),
(148246, 10562, 'placeat', 4, 42154327, 168617308),
(148247, 10563, 'et', 5, 53222596.73, 266112983.65),
(148248, 10563, 'sint', 4, 103.95, 415.8),
(148249, 10563, 'et', 2, 3518546.886, 7037093.772),
(148250, 10563, 'reprehenderit', 5, 20, 100),
(148251, 10563, 'voluptatem', 9, 10410, 93690),
(148252, 10563, 'aspernatur', 4, 1.854, 7.416),
(148253, 10563, 'fugiat', 3, 7996881.049, 23990643.147),
(148254, 10563, 'possimus', 9, 623501.189, 5611510.701),
(148255, 10563, 'laborum', 6, 21.585, 129.51),
(148256, 10563, 'aspernatur', 4, 652228184.27, 2608912737.08),
(148257, 10563, 'eaque', 8, 2165.88, 17327.04),
(148258, 10563, 'earum', 8, 358.656, 2869.248),
(148259, 10563, 'optio', 2, 204.259, 408.518),
(148260, 10563, 'voluptatem', 4, 25617.859, 102471.436),
(148261, 10563, 'qui', 3, 9574100.401, 28722301.203),
(148262, 10563, 'doloremque', 7, 2065197.654, 14456383.578),
(148263, 10563, 'in', 8, 16951, 135608),
(148264, 10563, 'facere', 4, 6754.3, 27017.2),
(148265, 10564, 'tempora', 6, 480177518.101, 2881065108.606),
(148266, 10564, 'blanditiis', 5, 0.09, 0.45),
(148267, 10564, 'ab', 4, 16, 64),
(148268, 10564, 'voluptatum', 6, 21015.223, 126091.338),
(148269, 10564, 'beatae', 9, 177.6, 1598.4),
(148270, 10564, 'voluptas', 9, 4662463.6, 41962172.4),
(148271, 10564, 'molestiae', 10, 3.411, 34.11),
(148272, 10564, 'earum', 7, 8.686, 60.802),
(148273, 10564, 'deleniti', 10, 5670.442, 56704.42),
(148274, 10564, 'aperiam', 8, 556930.698, 4455445.584),
(148275, 10564, 'sapiente', 4, 81429186.208, 325716744.832),
(148276, 10564, 'consequuntur', 9, 49861933.234, 448757399.106),
(148277, 10564, 'architecto', 8, 5297.64, 42381.12),
(148278, 10564, 'perspiciatis', 6, 0, 0),
(148279, 10565, 'dolores', 8, 2243.243, 17945.944),
(148280, 10565, 'molestiae', 5, 1183427, 5917135),
(148281, 10565, 'ut', 2, 69.29, 138.58),
(148282, 10565, 'fuga', 9, 184499.3, 1660493.7),
(148283, 10565, 'beatae', 10, 17128506.067, 171285060.67),
(148284, 10565, 'consequatur', 9, 352750, 3174750),
(148285, 10565, 'et', 6, 40362386.823, 242174320.938),
(148286, 10565, 'expedita', 8, 983293.31, 7866346.48),
(148287, 10565, 'adipisci', 4, 1297.144, 5188.576),
(148288, 10565, 'inventore', 1, 0.829, 0.829),
(148289, 10565, 'dolorum', 5, 37515479.166, 187577395.83),
(148290, 10565, 'magni', 10, 40.87, 408.7),
(148291, 10565, 'sed', 2, 770.13, 1540.26),
(148292, 10565, 'voluptas', 2, 58116.874, 116233.748),
(148293, 10565, 'aut', 5, 595430.841, 2977154.205),
(148294, 10565, 'exercitationem', 3, 22.835, 68.505),
(148295, 10565, 'illo', 2, 42.124, 84.248),
(148296, 10566, 'omnis', 6, 79.867, 479.202),
(148297, 10566, 'eos', 9, 52667.077, 474003.693),
(148298, 10566, 'ut', 10, 3.686, 36.86),
(148299, 10566, 'est', 3, 44.7, 134.1),
(148300, 10566, 'pariatur', 9, 5094.9, 45854.1),
(148301, 10566, 'aperiam', 5, 5, 25),
(148302, 10566, 'quibusdam', 9, 3592301.831, 32330716.479),
(148303, 10566, 'aliquid', 2, 2882.923, 5765.846),
(148304, 10566, 'rem', 10, 4351993.693, 43519936.93),
(148305, 10566, 'rerum', 10, 495669142.725, 4956691427.25),
(148306, 10566, 'iste', 5, 24084.59, 120422.95),
(148307, 10566, 'dolore', 9, 184.425, 1659.825);
INSERT INTO `produit` (`id`, `facture_id`, `nom`, `nb`, `prix_unitaire`, `prix_total`) VALUES
(148308, 10566, 'laboriosam', 10, 76.904, 769.04),
(148309, 10566, 'et', 10, 3169328.123, 31693281.23),
(148310, 10567, 'quas', 9, 57317704.5, 515859340.5),
(148311, 10567, 'et', 7, 3969.229, 27784.603),
(148312, 10567, 'rem', 8, 363.475, 2907.8),
(148313, 10567, 'aspernatur', 5, 3848642.77, 19243213.85),
(148314, 10567, 'id', 3, 25.226, 75.678),
(148315, 10567, 'in', 4, 5855862.684, 23423450.736),
(148316, 10567, 'ipsa', 6, 11870, 71220),
(148317, 10567, 'quia', 10, 1602784.104, 16027841.04),
(148318, 10567, 'vel', 3, 2.13, 6.39),
(148319, 10567, 'voluptas', 7, 112638.03, 788466.21),
(148320, 10567, 'enim', 2, 1.968, 3.936),
(148321, 10567, 'et', 9, 32980476.558, 296824289.022),
(148322, 10568, 'doloremque', 10, 69277, 692770),
(148323, 10568, 'et', 6, 53.038, 318.228),
(148324, 10568, 'porro', 4, 2.418, 9.672),
(148325, 10568, 'suscipit', 6, 1533.176, 9199.056),
(148326, 10568, 'temporibus', 8, 39842.68, 318741.44),
(148327, 10568, 'adipisci', 9, 0, 0),
(148328, 10568, 'et', 7, 11679458.4, 81756208.8),
(148329, 10568, 'quis', 7, 22061824.431, 154432771.017),
(148330, 10568, 'repellat', 3, 393827, 1181481),
(148331, 10568, 'soluta', 6, 301402333.799, 1808414002.794),
(148332, 10568, 'aut', 2, 1.737, 3.474),
(148333, 10568, 'id', 10, 83794655.6, 837946556),
(148334, 10568, 'dignissimos', 4, 688.305, 2753.22),
(148335, 10569, 'voluptatem', 10, 46622532.729, 466225327.29),
(148336, 10569, 'ea', 2, 29394498.846, 58788997.692),
(148337, 10569, 'atque', 1, 0.778, 0.778),
(148338, 10569, 'perferendis', 8, 7435908.245, 59487265.96),
(148339, 10569, 'sapiente', 5, 83892.78, 419463.9),
(148340, 10569, 'aut', 10, 1.541, 15.41),
(148341, 10569, 'dolor', 9, 501789.033, 4516101.297),
(148342, 10569, 'aut', 8, 364399.611, 2915196.888),
(148343, 10569, 'sunt', 8, 644244.226, 5153953.808),
(148344, 10569, 'ea', 3, 607915.404, 1823746.212),
(148345, 10569, 'reprehenderit', 2, 77408.534, 154817.068),
(148346, 10569, 'vero', 7, 1.582, 11.074),
(148347, 10569, 'perspiciatis', 9, 1430148.559, 12871337.031),
(148348, 10569, 'nobis', 9, 20150456.766, 181354110.894),
(148349, 10569, 'dolorum', 10, 584643369, 5846433690),
(148350, 10569, 'eligendi', 7, 19974.07, 139818.49),
(148351, 10569, 'est', 2, 751, 1502),
(148352, 10570, 'itaque', 3, 31093.089, 93279.267),
(148353, 10570, 'officia', 3, 3817803.63, 11453410.89),
(148354, 10570, 'deleniti', 7, 19572015.359, 137004107.513),
(148355, 10570, 'voluptatum', 4, 444237.12, 1776948.48),
(148356, 10570, 'quo', 4, 35551.7, 142206.8),
(148357, 10570, 'tempore', 9, 89751921.197, 807767290.773),
(148358, 10570, 'soluta', 10, 5.597, 55.97),
(148359, 10570, 'voluptatum', 5, 19.46, 97.3),
(148360, 10570, 'iusto', 10, 47.742, 477.42),
(148361, 10570, 'consequuntur', 10, 161539307.439, 1615393074.39),
(148362, 10570, 'fugit', 7, 45767712.264, 320373985.848),
(148363, 10570, 'reprehenderit', 4, 65.807, 263.228),
(148364, 10570, 'dolores', 3, 39639.022, 118917.066),
(148365, 10570, 'officiis', 9, 1843280.436, 16589523.924),
(148366, 10570, 'rerum', 10, 3911141.629, 39111416.29),
(148367, 10570, 'aut', 5, 1187315.533, 5936577.665),
(148368, 10571, 'corrupti', 4, 802, 3208),
(148369, 10571, 'voluptates', 1, 7823807.85, 7823807.85),
(148370, 10571, 'unde', 10, 6746116.74, 67461167.4),
(148371, 10571, 'excepturi', 5, 69822847.441, 349114237.205),
(148372, 10571, 'sit', 4, 72.592, 290.368),
(148373, 10571, 'vel', 7, 28805840.333, 201640882.331),
(148374, 10571, 'dolor', 10, 45.885, 458.85),
(148375, 10571, 'accusantium', 7, 25526669.834, 178686688.838),
(148376, 10571, 'ut', 6, 33847, 203082),
(148377, 10571, 'facere', 5, 106.761, 533.805),
(148378, 10571, 'deleniti', 6, 1262.077, 7572.462),
(148379, 10571, 'hic', 10, 3.12, 31.2),
(148380, 10571, 'sit', 1, 696346.091, 696346.091),
(148381, 10571, 'accusamus', 8, 930974.018, 7447792.144),
(148382, 10571, 'similique', 7, 4561455.865, 31930191.055),
(148383, 10571, 'animi', 2, 5620.099, 11240.198),
(148384, 10571, 'et', 9, 130512278.9, 1174610510.1),
(148385, 10572, 'perspiciatis', 10, 524.012, 5240.12),
(148386, 10572, 'id', 7, 1.47, 10.29),
(148387, 10572, 'ut', 8, 0.4, 3.2),
(148388, 10572, 'temporibus', 10, 69508.658, 695086.58),
(148389, 10572, 'qui', 4, 582925.119, 2331700.476),
(148390, 10572, 'ullam', 3, 160104.893, 480314.679),
(148391, 10572, 'reiciendis', 8, 685.172, 5481.376),
(148392, 10572, 'explicabo', 8, 28.8, 230.4),
(148393, 10572, 'quae', 2, 68465, 136930),
(148394, 10572, 'molestiae', 5, 152.323, 761.615),
(148395, 10572, 'autem', 5, 4506, 22530),
(148396, 10572, 'ut', 10, 188548.899, 1885488.99),
(148397, 10573, 'quo', 7, 18256743.157, 127797202.099),
(148398, 10573, 'ab', 1, 11.08, 11.08),
(148399, 10573, 'quod', 5, 1.088, 5.44),
(148400, 10573, 'harum', 8, 234.022, 1872.176),
(148401, 10573, 'voluptatum', 6, 356.92, 2141.52),
(148402, 10573, 'sed', 2, 8877.28, 17754.56),
(148403, 10573, 'at', 4, 660325287.5, 2641301150),
(148404, 10573, 'odit', 1, 8838724, 8838724),
(148405, 10573, 'quam', 6, 2018.034, 12108.204),
(148406, 10573, 'reprehenderit', 7, 3405922.55, 23841457.85),
(148407, 10573, 'eius', 1, 6.304, 6.304),
(148408, 10573, 'qui', 7, 621.743, 4352.201),
(148409, 10573, 'error', 3, 84.36, 253.08),
(148410, 10573, 'officiis', 6, 333.254, 1999.524),
(148411, 10573, 'et', 7, 2517.422, 17621.954),
(148412, 10573, 'architecto', 9, 12243.899, 110195.091),
(148413, 10573, 'incidunt', 1, 2.83, 2.83),
(148414, 10573, 'illum', 3, 2.42, 7.26),
(148415, 10574, 'voluptatem', 9, 41823.681, 376413.129),
(148416, 10574, 'quas', 9, 638152.274, 5743370.466),
(148417, 10574, 'expedita', 10, 3.872, 38.72),
(148418, 10574, 'et', 9, 67271.684, 605445.156),
(148419, 10574, 'dolorem', 4, 2084144.142, 8336576.568),
(148420, 10574, 'occaecati', 10, 54447.166, 544471.66),
(148421, 10574, 'facilis', 7, 616729.51, 4317106.57),
(148422, 10574, 'cumque', 8, 1.458, 11.664),
(148423, 10574, 'quis', 8, 72, 576),
(148424, 10574, 'in', 10, 622513.951, 6225139.51),
(148425, 10574, 'doloremque', 6, 53.746, 322.476),
(148426, 10574, 'repellat', 3, 6406.988, 19220.964),
(148427, 10574, 'ipsa', 2, 40, 80),
(148428, 10574, 'voluptatem', 7, 29.308, 205.156),
(148429, 10575, 'tempora', 10, 144881968.42, 1448819684.2),
(148430, 10575, 'in', 4, 31765807.207, 127063228.828),
(148431, 10575, 'facilis', 4, 310.003, 1240.012),
(148432, 10575, 'neque', 6, 492991979, 2957951874),
(148433, 10575, 'qui', 3, 1389.942, 4169.826),
(148434, 10575, 'impedit', 10, 369735.589, 3697355.89),
(148435, 10575, 'voluptatibus', 10, 29.886, 298.86),
(148436, 10575, 'nam', 1, 15850996.282, 15850996.282),
(148437, 10575, 'quasi', 7, 38651121.915, 270557853.405),
(148438, 10575, 'illo', 7, 27.685, 193.795),
(148439, 10575, 'impedit', 7, 1194035.095, 8358245.665),
(148440, 10575, 'hic', 7, 106.547, 745.829),
(148441, 10575, 'earum', 7, 91.84, 642.88),
(148442, 10575, 'ducimus', 3, 75.78, 227.34),
(148443, 10576, 'exercitationem', 9, 74625, 671625),
(148444, 10576, 'itaque', 9, 2.74, 24.66),
(148445, 10576, 'quia', 1, 2579.04, 2579.04),
(148446, 10576, 'reiciendis', 7, 2300.527, 16103.689),
(148447, 10576, 'omnis', 4, 16446984, 65787936),
(148448, 10576, 'nemo', 10, 18772.1, 187721),
(148449, 10576, 'illum', 9, 5685006.984, 51165062.856),
(148450, 10576, 'molestiae', 5, 1783.168, 8915.84),
(148451, 10576, 'incidunt', 10, 356.8, 3568),
(148452, 10576, 'dolorem', 10, 4760.6, 47606),
(148453, 10576, 'molestias', 4, 3.042, 12.168),
(148454, 10576, 'in', 10, 44355.81, 443558.1),
(148455, 10576, 'quia', 9, 3749.19, 33742.71),
(148456, 10576, 'a', 8, 3.607, 28.856),
(148457, 10576, 'alias', 2, 17.63, 35.26),
(148458, 10576, 'nisi', 5, 63.332, 316.66),
(148459, 10576, 'voluptatem', 3, 8388441.008, 25165323.024),
(148460, 10576, 'aut', 8, 4082614.505, 32660916.04),
(148461, 10577, 'non', 3, 8235.952, 24707.856),
(148462, 10577, 'officiis', 9, 26651178.17, 239860603.53),
(148463, 10577, 'officiis', 1, 2.844, 2.844),
(148464, 10577, 'aliquam', 9, 306049.775, 2754447.975),
(148465, 10577, 'non', 8, 3.953, 31.624),
(148466, 10577, 'blanditiis', 7, 132, 924),
(148467, 10577, 'optio', 8, 127.217, 1017.736),
(148468, 10577, 'minus', 8, 1.828, 14.624),
(148469, 10577, 'ut', 1, 274197178.057, 274197178.057),
(148470, 10577, 'aspernatur', 3, 6258023.729, 18774071.187),
(148471, 10577, 'optio', 9, 1.605, 14.445),
(148472, 10577, 'qui', 10, 12851824, 128518240),
(148473, 10577, 'aut', 6, 703999.9, 4223999.4),
(148474, 10577, 'laudantium', 9, 666342.1, 5997078.9),
(148475, 10577, 'quam', 9, 2.259, 20.331),
(148476, 10577, 'sit', 9, 191957457.137, 1727617114.233),
(148477, 10578, 'sit', 9, 6517204.128, 58654837.152),
(148478, 10578, 'distinctio', 6, 36.125, 216.75),
(148479, 10578, 'aut', 3, 376612.621, 1129837.863),
(148480, 10578, 'debitis', 10, 60492885.737, 604928857.37),
(148481, 10578, 'adipisci', 7, 200463.172, 1403242.204),
(148482, 10578, 'eius', 10, 18264.2, 182642),
(148483, 10578, 'debitis', 8, 24901.321, 199210.568),
(148484, 10578, 'cum', 6, 447642147.647, 2685852885.882),
(148485, 10578, 'dolore', 9, 217331, 1955979),
(148486, 10578, 'voluptatem', 9, 520.8, 4687.2),
(148487, 10578, 'quo', 9, 0.52, 4.68),
(148488, 10579, 'praesentium', 9, 1883.707, 16953.363),
(148489, 10579, 'eaque', 7, 223.785, 1566.495),
(148490, 10579, 'enim', 8, 3.045, 24.36),
(148491, 10579, 'nam', 10, 188054246.37, 1880542463.7),
(148492, 10579, 'itaque', 7, 187825.492, 1314778.444),
(148493, 10579, 'eos', 6, 65202940.714, 391217644.284),
(148494, 10579, 'quod', 9, 408012, 3672108),
(148495, 10579, 'similique', 10, 444468215.127, 4444682151.27),
(148496, 10579, 'velit', 9, 1905904, 17153136),
(148497, 10579, 'animi', 10, 335458, 3354580),
(148498, 10579, 'magni', 8, 33366.253, 266930.024),
(148499, 10579, 'dolorem', 8, 248.838, 1990.704),
(148500, 10579, 'sed', 9, 104071823.6, 936646412.4),
(148501, 10580, 'consequatur', 6, 4674748.685, 28048492.11),
(148502, 10580, 'voluptatibus', 8, 110862.794, 886902.352),
(148503, 10580, 'tenetur', 9, 118.481, 1066.329),
(148504, 10580, 'eligendi', 9, 108.068, 972.612),
(148505, 10580, 'vitae', 9, 46.217, 415.953),
(148506, 10580, 'cumque', 9, 3030098.6, 27270887.4),
(148507, 10580, 'temporibus', 3, 375653081.192, 1126959243.576),
(148508, 10580, 'sed', 7, 129920.608, 909444.256),
(148509, 10580, 'laboriosam', 7, 561323517.914, 3929264625.398),
(148510, 10580, 'quo', 5, 14383.773, 71918.865),
(148511, 10580, 'ex', 8, 20.25, 162),
(148512, 10580, 'ipsum', 8, 2548645.597, 20389164.776),
(148513, 10580, 'eos', 7, 4509425.693, 31565979.851),
(148514, 10580, 'eum', 1, 814096720.248, 814096720.248),
(148515, 10580, 'vel', 2, 4.189, 8.378),
(148516, 10580, 'itaque', 8, 1.7, 13.6),
(148517, 10581, 'deleniti', 5, 3735.859, 18679.295),
(148518, 10581, 'explicabo', 7, 119.25, 834.75),
(148519, 10581, 'numquam', 6, 96520.09, 579120.54),
(148520, 10581, 'reprehenderit', 7, 856.659, 5996.613),
(148521, 10581, 'velit', 3, 14434.019, 43302.057),
(148522, 10581, 'et', 10, 254.929, 2549.29),
(148523, 10581, 'non', 9, 1322310.975, 11900798.775),
(148524, 10581, 'laborum', 9, 0, 0),
(148525, 10581, 'sequi', 5, 10781113.836, 53905569.18),
(148526, 10581, 'voluptatem', 9, 4.2, 37.8),
(148527, 10581, 'perferendis', 2, 0, 0),
(148528, 10581, 'rerum', 3, 559.955, 1679.865),
(148529, 10581, 'reiciendis', 8, 436303.05, 3490424.4),
(148530, 10581, 'ipsa', 7, 165192006.7, 1156344046.9),
(148531, 10582, 'cumque', 6, 6731.44, 40388.64),
(148532, 10582, 'cupiditate', 7, 1.796, 12.572),
(148533, 10582, 'veritatis', 2, 1.288, 2.576),
(148534, 10582, 'facere', 9, 40.736, 366.624),
(148535, 10582, 'amet', 8, 328.966, 2631.728),
(148536, 10582, 'quia', 10, 11.033, 110.33),
(148537, 10582, 'eum', 10, 2.138, 21.38),
(148538, 10582, 'et', 1, 180.719, 180.719),
(148539, 10582, 'ea', 6, 4032.677, 24196.062),
(148540, 10582, 'voluptas', 7, 1835.999, 12851.993),
(148541, 10582, 'repudiandae', 10, 354388.568, 3543885.68),
(148542, 10582, 'velit', 6, 36.247, 217.482),
(148543, 10583, 'mollitia', 9, 726.137, 6535.233),
(148544, 10583, 'aut', 4, 67.13, 268.52),
(148545, 10583, 'deleniti', 1, 5616.3, 5616.3),
(148546, 10583, 'commodi', 2, 228, 456),
(148547, 10583, 'voluptatem', 7, 43153005.8, 302071040.6),
(148548, 10583, 'accusamus', 8, 6596.716, 52773.728),
(148549, 10583, 'modi', 6, 1.721, 10.326),
(148550, 10583, 'ut', 7, 14.147, 99.029),
(148551, 10583, 'libero', 5, 0.967, 4.835),
(148552, 10583, 'est', 6, 71800, 430800),
(148553, 10583, 'et', 10, 25248337.36, 252483373.6),
(148554, 10583, 'dolor', 5, 9141.117, 45705.585),
(148555, 10583, 'beatae', 3, 213570.189, 640710.567),
(148556, 10583, 'eius', 6, 35329431.19, 211976587.14),
(148557, 10584, 'assumenda', 7, 166253.192, 1163772.344),
(148558, 10584, 'ut', 4, 1.59, 6.36),
(148559, 10584, 'molestiae', 7, 1050090.9, 7350636.3),
(148560, 10584, 'vel', 7, 0.2, 1.4),
(148561, 10584, 'asperiores', 2, 139.245, 278.49),
(148562, 10584, 'ratione', 2, 637387, 1274774),
(148563, 10584, 'nemo', 10, 5463936.424, 54639364.24),
(148564, 10584, 'in', 4, 15.103, 60.412),
(148565, 10584, 'ratione', 10, 191.58, 1915.8),
(148566, 10584, 'impedit', 3, 353547718.41, 1060643155.23),
(148567, 10584, 'eum', 2, 27815463.24, 55630926.48),
(148568, 10584, 'nihil', 10, 86047807.362, 860478073.62),
(148569, 10584, 'reiciendis', 9, 28.366, 255.294),
(148570, 10584, 'eum', 5, 10, 50),
(148571, 10584, 'quas', 10, 335020494.973, 3350204949.73),
(148572, 10585, 'est', 5, 159699255.569, 798496277.845),
(148573, 10585, 'veritatis', 7, 351.269, 2458.883),
(148574, 10585, 'itaque', 6, 4.541, 27.246),
(148575, 10585, 'odit', 9, 75728583.4, 681557250.6),
(148576, 10585, 'et', 5, 482514.42, 2412572.1),
(148577, 10585, 'qui', 9, 13487068.48, 121383616.32),
(148578, 10585, 'sed', 3, 158.307, 474.921),
(148579, 10585, 'beatae', 7, 5864497.248, 41051480.736),
(148580, 10585, 'quia', 4, 14276124.808, 57104499.232),
(148581, 10585, 'voluptas', 8, 6830170.32, 54641362.56),
(148582, 10585, 'aliquam', 2, 79.2, 158.4),
(148583, 10585, 'fugit', 7, 30.1, 210.7),
(148584, 10585, 'iste', 5, 2.02, 10.1),
(148585, 10586, 'reiciendis', 8, 4479, 35832),
(148586, 10586, 'sit', 10, 159704.233, 1597042.33),
(148587, 10586, 'ut', 8, 7.3, 58.4),
(148588, 10586, 'numquam', 7, 874.1, 6118.7),
(148589, 10586, 'tenetur', 4, 359782.939, 1439131.756),
(148590, 10586, 'suscipit', 2, 935.81, 1871.62),
(148591, 10586, 'velit', 8, 3.75, 30),
(148592, 10586, 'et', 5, 37263109.467, 186315547.335),
(148593, 10586, 'debitis', 2, 3135, 6270),
(148594, 10586, 'reprehenderit', 5, 2, 10),
(148595, 10586, 'quasi', 10, 0.598, 5.98),
(148596, 10586, 'a', 5, 7576850.197, 37884250.985),
(148597, 10586, 'est', 4, 0.477, 1.908),
(148598, 10587, 'nihil', 6, 327, 1962),
(148599, 10587, 'eaque', 9, 218, 1962),
(148600, 10587, 'quas', 9, 8421.6, 75794.4),
(148601, 10587, 'aspernatur', 6, 59.3, 355.8),
(148602, 10587, 'nobis', 9, 53879.807, 484918.263),
(148603, 10587, 'quia', 9, 271729.324, 2445563.916),
(148604, 10587, 'molestias', 10, 247471701.245, 2474717012.45),
(148605, 10587, 'ut', 9, 0.8, 7.2),
(148606, 10587, 'fugiat', 3, 2051.6, 6154.8),
(148607, 10587, 'qui', 8, 440.1, 3520.8),
(148608, 10587, 'quis', 4, 409156.982, 1636627.928),
(148609, 10587, 'aperiam', 9, 142820085.631, 1285380770.679),
(148610, 10587, 'quod', 8, 32, 256),
(148611, 10587, 'minus', 9, 0.123, 1.107),
(148612, 10587, 'est', 10, 167.03, 1670.3),
(148613, 10587, 'et', 6, 1874078.771, 11244472.626),
(148614, 10587, 'autem', 4, 444762.698, 1779050.792),
(148615, 10588, 'ut', 6, 1534.884, 9209.304),
(148616, 10588, 'quo', 9, 16724681, 150522129),
(148617, 10588, 'eaque', 7, 4328.379, 30298.653),
(148618, 10588, 'similique', 5, 927163.226, 4635816.13),
(148619, 10588, 'aperiam', 7, 3382.577, 23678.039),
(148620, 10588, 'laboriosam', 4, 200.94, 803.76),
(148621, 10588, 'aut', 4, 2669591.797, 10678367.188),
(148622, 10588, 'dolores', 8, 1.625, 13),
(148623, 10588, 'dolorum', 5, 5754, 28770),
(148624, 10588, 'alias', 6, 2873145.942, 17238875.652),
(148625, 10588, 'illum', 3, 56.227, 168.681),
(148626, 10588, 'repellendus', 7, 28.368, 198.576),
(148627, 10588, 'voluptas', 9, 7.76, 69.84),
(148628, 10588, 'molestiae', 6, 1862, 11172),
(148629, 10588, 'ducimus', 4, 648.02, 2592.08),
(148630, 10588, 'magni', 4, 82910945.219, 331643780.876),
(148631, 10589, 'maiores', 9, 248554603.564, 2236991432.076),
(148632, 10589, 'blanditiis', 9, 1.509, 13.581),
(148633, 10589, 'dignissimos', 9, 78169.09, 703521.81),
(148634, 10589, 'ipsum', 5, 4052248.148, 20261240.74),
(148635, 10589, 'rerum', 7, 2, 14),
(148636, 10589, 'hic', 3, 32528588.281, 97585764.843),
(148637, 10589, 'occaecati', 5, 26849.754, 134248.77),
(148638, 10589, 'quos', 7, 6.856, 47.992),
(148639, 10589, 'qui', 10, 5833620.187, 58336201.87),
(148640, 10589, 'beatae', 3, 6661204.701, 19983614.103),
(148641, 10589, 'similique', 9, 564736.38, 5082627.42),
(148642, 10589, 'laborum', 2, 75165049.119, 150330098.238),
(148643, 10589, 'reprehenderit', 4, 9.3, 37.2),
(148644, 10589, 'sint', 5, 2448933.12, 12244665.6),
(148645, 10589, 'et', 9, 71.83, 646.47),
(148646, 10589, 'corrupti', 1, 302.145, 302.145),
(148647, 10590, 'inventore', 10, 33702, 337020),
(148648, 10590, 'enim', 10, 13103.9, 131039),
(148649, 10590, 'atque', 7, 1821.805, 12752.635),
(148650, 10590, 'ab', 8, 1851528.66, 14812229.28),
(148651, 10590, 'maiores', 10, 1194.006, 11940.06),
(148652, 10590, 'sit', 7, 23755578.715, 166289051.005),
(148653, 10590, 'sed', 2, 71.8, 143.6),
(148654, 10590, 'deserunt', 7, 7879561.027, 55156927.189),
(148655, 10590, 'sed', 10, 91859.592, 918595.92),
(148656, 10590, 'culpa', 4, 88450692.674, 353802770.696),
(148657, 10590, 'nihil', 7, 41457, 290199),
(148658, 10590, 'debitis', 10, 5884, 58840),
(148659, 10590, 'temporibus', 10, 0, 0),
(148660, 10590, 'quis', 7, 84018.162, 588127.134),
(148661, 10590, 'sint', 9, 22.4, 201.6),
(148662, 10590, 'et', 6, 190349, 1142094),
(148663, 10591, 'ut', 3, 418, 1254),
(148664, 10591, 'molestias', 6, 448, 2688),
(148665, 10591, 'ipsum', 10, 1502.546, 15025.46),
(148666, 10591, 'dolorem', 4, 318233977.794, 1272935911.176),
(148667, 10591, 'modi', 4, 4, 16),
(148668, 10591, 'repellat', 9, 16.112, 145.008),
(148669, 10591, 'voluptatum', 9, 6563821.8, 59074396.2),
(148670, 10591, 'non', 8, 33.301, 266.408),
(148671, 10591, 'quam', 3, 13583.042, 40749.126),
(148672, 10591, 'quia', 9, 16707121.414, 150364092.726),
(148673, 10591, 'blanditiis', 3, 44584.303, 133752.909),
(148674, 10591, 'ut', 3, 4476.416, 13429.248),
(148675, 10591, 'minus', 7, 100583, 704081),
(148676, 10591, 'nam', 6, 1741, 10446),
(148677, 10591, 'veritatis', 10, 3.595, 35.95),
(148678, 10591, 'sit', 3, 11428.137, 34284.411),
(148679, 10591, 'esse', 9, 8.358, 75.222),
(148680, 10592, 'enim', 4, 2.815, 11.26),
(148681, 10592, 'inventore', 4, 510509.59, 2042038.36),
(148682, 10592, 'quia', 8, 0.1, 0.8),
(148683, 10592, 'autem', 10, 2860, 28600),
(148684, 10592, 'nobis', 4, 3426.685, 13706.74),
(148685, 10592, 'omnis', 6, 7569764.394, 45418586.364),
(148686, 10592, 'voluptas', 9, 405808, 3652272),
(148687, 10592, 'est', 7, 39370.938, 275596.566),
(148688, 10592, 'pariatur', 9, 11.93, 107.37),
(148689, 10592, 'ratione', 5, 2438.995, 12194.975),
(148690, 10592, 'odit', 3, 20458769.726, 61376309.178),
(148691, 10592, 'consequatur', 7, 2541.282, 17788.974),
(148692, 10592, 'illum', 9, 18846180.169, 169615621.521),
(148693, 10592, 'porro', 3, 184.918, 554.754),
(148694, 10592, 'eum', 3, 1.696, 5.088),
(148695, 10592, 'ipsa', 2, 49282216.1, 98564432.2),
(148696, 10592, 'esse', 9, 175159613.387, 1576436520.483),
(148697, 10592, 'est', 9, 7179, 64611),
(148698, 10593, 'tenetur', 7, 623530366.57, 4364712565.99),
(148699, 10593, 'et', 5, 104742785.2, 523713926),
(148700, 10593, 'quo', 5, 3358.01, 16790.05),
(148701, 10593, 'molestias', 6, 159042404.237, 954254425.422),
(148702, 10593, 'est', 5, 95.958, 479.79),
(148703, 10593, 'placeat', 9, 0.905, 8.145),
(148704, 10593, 'ut', 9, 2475.598, 22280.382),
(148705, 10593, 'ipsa', 7, 7356.99, 51498.93),
(148706, 10593, 'quam', 5, 7664974.942, 38324874.71),
(148707, 10593, 'excepturi', 7, 8, 56),
(148708, 10593, 'consequatur', 8, 1848480.799, 14787846.392),
(148709, 10593, 'nobis', 7, 42195106.1, 295365742.7),
(148710, 10593, 'necessitatibus', 9, 28.807, 259.263),
(148711, 10593, 'vel', 7, 27140.143, 189981.001),
(148712, 10593, 'eum', 7, 57.18, 400.26),
(148713, 10593, 'veritatis', 2, 285.27, 570.54);

-- --------------------------------------------------------

--
-- Structure de la table `rendezvous`
--

CREATE TABLE `rendezvous` (
  `id` int(11) NOT NULL,
  `entrepreneur_id` int(11) NOT NULL,
  `created_at` datetime NOT NULL,
  `daterendezvous` datetime NOT NULL,
  `objet` varchar(255) COLLATE utf8mb4_unicode_ci NOT NULL,
  `etat` tinyint(1) NOT NULL,
  `slug` varchar(255) COLLATE utf8mb4_unicode_ci NOT NULL,
  `observation` varchar(255) COLLATE utf8mb4_unicode_ci DEFAULT NULL,
  `agent_id` int(11) DEFAULT NULL
) ENGINE=InnoDB DEFAULT CHARSET=utf8mb4 COLLATE=utf8mb4_unicode_ci;

-- --------------------------------------------------------

--
-- Structure de la table `reset_password_request`
--

CREATE TABLE `reset_password_request` (
  `id` int(11) NOT NULL,
  `user_id` int(11) NOT NULL,
  `selector` varchar(20) COLLATE utf8mb4_unicode_ci NOT NULL,
  `hashed_token` varchar(100) COLLATE utf8mb4_unicode_ci NOT NULL,
  `requested_at` datetime NOT NULL COMMENT '(DC2Type:datetime_immutable)',
  `expires_at` datetime NOT NULL COMMENT '(DC2Type:datetime_immutable)'
) ENGINE=InnoDB DEFAULT CHARSET=utf8mb4 COLLATE=utf8mb4_unicode_ci;

-- --------------------------------------------------------

--
-- Structure de la table `temoignage`
--

CREATE TABLE `temoignage` (
  `id` int(11) NOT NULL,
  `entrepreneur_id` int(11) NOT NULL,
  `title` varchar(255) COLLATE utf8mb4_unicode_ci NOT NULL,
  `created_at` date NOT NULL,
  `ref` varchar(255) COLLATE utf8mb4_unicode_ci NOT NULL,
  `url` varchar(255) COLLATE utf8mb4_unicode_ci NOT NULL
) ENGINE=InnoDB DEFAULT CHARSET=utf8mb4 COLLATE=utf8mb4_unicode_ci;

--
-- Déchargement des données de la table `temoignage`
--

INSERT INTO `temoignage` (`id`, `entrepreneur_id`, `title`, `created_at`, `ref`, `url`) VALUES
(189, 853, 'Labore nulla corporis aut nobis in.', '2021-07-30', 'Tem-610346a990cc8', '<iframe width=\"853\" height=\"480\" src=\"https://www.youtube.com/embed/utQLvM6Y2Ts\" title=\"YouTube video player\" frameborder=\"0\" allow=\"accelerometer; autoplay; clipboard-write; encrypted-media; gyroscope; picture-in-picture\" allowfullscreen></iframe>'),
(190, 854, 'Omnis in eos esse dicta.', '2021-07-30', 'Tem-610346a9cce0f', '<iframe width=\"853\" height=\"480\" src=\"https://www.youtube.com/embed/8MJNuEPciJ8\" title=\"YouTube video player\" frameborder=\"0\" allow=\"accelerometer; autoplay; clipboard-write; encrypted-media; gyroscope; picture-in-picture\" allowfullscreen></iframe>'),
(191, 855, 'In similique voluptatum minus officia beatae ut.', '2021-07-30', 'Tem-610346aa1193f', '<iframe width=\"853\" height=\"480\" src=\"https://www.youtube.com/embed/jaS6o5jQLVw\" title=\"YouTube video player\" frameborder=\"0\" allow=\"accelerometer; autoplay; clipboard-write; encrypted-media; gyroscope; picture-in-picture\" allowfullscreen></iframe>'),
(192, 856, 'Voluptas et ipsum quia dolore unde.', '2021-07-30', 'Tem-610346aa4ac23', '<iframe width=\"600\" height=\"400\" src=\"https://www.youtube.com/embed/VIQHxeCtCZs\" title=\"YouTube video player\" frameborder=\"0\" allow=\"accelerometer; autoplay; clipboard-write; encrypted-media; gyroscope; picture-in-picture\" allowfullscreen></iframe>'),
(193, 857, 'Quos aut consequatur nobis dolores voluptas tempora.', '2021-07-30', 'Tem-610346aa83e64', '<iframe width=\"600\" height=\"400\" src=\"https://www.youtube.com/embed/VIQHxeCtCZs\" title=\"YouTube video player\" frameborder=\"0\" allow=\"accelerometer; autoplay; clipboard-write; encrypted-media; gyroscope; picture-in-picture\" allowfullscreen></iframe>'),
(194, 858, 'Illum assumenda voluptatem nemo non dolorum.', '2021-07-30', 'Tem-610346aabd039', '<iframe width=\"853\" height=\"480\" src=\"https://www.youtube.com/embed/utQLvM6Y2Ts\" title=\"YouTube video player\" frameborder=\"0\" allow=\"accelerometer; autoplay; clipboard-write; encrypted-media; gyroscope; picture-in-picture\" allowfullscreen></iframe>'),
(195, 859, 'Voluptatum ratione delectus ea ullam.', '2021-07-30', 'Tem-610346ab011d0', '<iframe width=\"853\" height=\"480\" src=\"https://www.youtube.com/embed/jaS6o5jQLVw\" title=\"YouTube video player\" frameborder=\"0\" allow=\"accelerometer; autoplay; clipboard-write; encrypted-media; gyroscope; picture-in-picture\" allowfullscreen></iframe>'),
(196, 860, 'Quia quisquam velit modi omnis.', '2021-07-30', 'Tem-610346ab3a462', '<iframe width=\"853\" height=\"480\" src=\"https://www.youtube.com/embed/utQLvM6Y2Ts\" title=\"YouTube video player\" frameborder=\"0\" allow=\"accelerometer; autoplay; clipboard-write; encrypted-media; gyroscope; picture-in-picture\" allowfullscreen></iframe>'),
(197, 861, 'Et recusandae dolores porro enim corporis.', '2021-07-30', 'Tem-610346ab730c1', '<iframe width=\"600\" height=\"400\" src=\"https://www.youtube.com/embed/VIQHxeCtCZs\" title=\"YouTube video player\" frameborder=\"0\" allow=\"accelerometer; autoplay; clipboard-write; encrypted-media; gyroscope; picture-in-picture\" allowfullscreen></iframe>'),
(198, 862, 'Impedit aperiam et consequatur corporis non vel.', '2021-07-30', 'Tem-610346abac433', '<iframe width=\"853\" height=\"480\" src=\"https://www.youtube.com/embed/jaS6o5jQLVw\" title=\"YouTube video player\" frameborder=\"0\" allow=\"accelerometer; autoplay; clipboard-write; encrypted-media; gyroscope; picture-in-picture\" allowfullscreen></iframe>'),
(199, 863, 'Temporibus et autem magni animi.', '2021-07-30', 'Tem-610346abe4453', '<iframe width=\"853\" height=\"480\" src=\"https://www.youtube.com/embed/jaS6o5jQLVw\" title=\"YouTube video player\" frameborder=\"0\" allow=\"accelerometer; autoplay; clipboard-write; encrypted-media; gyroscope; picture-in-picture\" allowfullscreen></iframe>');

--
-- Index pour les tables déchargées
--

--
-- Index pour la table `activite`
--
ALTER TABLE `activite`
  ADD PRIMARY KEY (`id`);

--
-- Index pour la table `actualite`
--
ALTER TABLE `actualite`
  ADD PRIMARY KEY (`id`);

--
-- Index pour la table `admin`
--
ALTER TABLE `admin`
  ADD PRIMARY KEY (`id`),
  ADD UNIQUE KEY `UNIQ_880E0D76E7927C74` (`email`);

--
-- Index pour la table `agent`
--
ALTER TABLE `agent`
  ADD PRIMARY KEY (`id`),
  ADD UNIQUE KEY `UNIQ_268B9C9DE7927C74` (`email`);

--
-- Index pour la table `attestation_chiffre_affaire`
--
ALTER TABLE `attestation_chiffre_affaire`
  ADD PRIMARY KEY (`id`),
  ADD KEY `IDX_20AD573E283063EA` (`entrepreneur_id`);

--
-- Index pour la table `attestation_fiscale`
--
ALTER TABLE `attestation_fiscale`
  ADD PRIMARY KEY (`id`),
  ADD KEY `IDX_1EE2A57B283063EA` (`entrepreneur_id`);

--
-- Index pour la table `categorie`
--
ALTER TABLE `categorie`
  ADD PRIMARY KEY (`id`),
  ADD UNIQUE KEY `UNIQ_497DD634283063EA` (`entrepreneur_id`),
  ADD KEY `IDX_497DD6349B0F88B1` (`activite_id`);

--
-- Index pour la table `declaration`
--
ALTER TABLE `declaration`
  ADD PRIMARY KEY (`id`),
  ADD KEY `IDX_7AA3DAC2283063EA` (`entrepreneur_id`),
  ADD KEY `IDX_7AA3DAC21529194C` (`attestation_chiffre_affaire_id`),
  ADD KEY `IDX_7AA3DAC2A3918967` (`attestation_fiscale_id`);

--
-- Index pour la table `doctrine_migration_versions`
--
ALTER TABLE `doctrine_migration_versions`
  ADD PRIMARY KEY (`version`);

--
-- Index pour la table `entrepreneur`
--
ALTER TABLE `entrepreneur`
  ADD PRIMARY KEY (`id`),
  ADD UNIQUE KEY `UNIQ_F28C90A3E7927C74` (`email`);

--
-- Index pour la table `facture`
--
ALTER TABLE `facture`
  ADD PRIMARY KEY (`id`),
  ADD KEY `IDX_FE866410283063EA` (`entrepreneur_id`);

--
-- Index pour la table `paiement`
--
ALTER TABLE `paiement`
  ADD PRIMARY KEY (`id`),
  ADD UNIQUE KEY `UNIQ_B1DC7A1EC06258A3` (`declaration_id`);

--
-- Index pour la table `produit`
--
ALTER TABLE `produit`
  ADD PRIMARY KEY (`id`),
  ADD KEY `IDX_29A5EC277F2DEE08` (`facture_id`);

--
-- Index pour la table `rendezvous`
--
ALTER TABLE `rendezvous`
  ADD PRIMARY KEY (`id`),
  ADD KEY `IDX_C09A9BA8283063EA` (`entrepreneur_id`),
  ADD KEY `IDX_C09A9BA83414710B` (`agent_id`);

--
-- Index pour la table `reset_password_request`
--
ALTER TABLE `reset_password_request`
  ADD PRIMARY KEY (`id`),
  ADD KEY `IDX_7CE748AA76ED395` (`user_id`);

--
-- Index pour la table `temoignage`
--
ALTER TABLE `temoignage`
  ADD PRIMARY KEY (`id`),
  ADD KEY `IDX_BDADBC46283063EA` (`entrepreneur_id`);

--
-- AUTO_INCREMENT pour les tables déchargées
--

--
-- AUTO_INCREMENT pour la table `activite`
--
ALTER TABLE `activite`
  MODIFY `id` int(11) NOT NULL AUTO_INCREMENT, AUTO_INCREMENT=160;

--
-- AUTO_INCREMENT pour la table `actualite`
--
ALTER TABLE `actualite`
  MODIFY `id` int(11) NOT NULL AUTO_INCREMENT, AUTO_INCREMENT=215;

--
-- AUTO_INCREMENT pour la table `admin`
--
ALTER TABLE `admin`
  MODIFY `id` int(11) NOT NULL AUTO_INCREMENT, AUTO_INCREMENT=86;

--
-- AUTO_INCREMENT pour la table `agent`
--
ALTER TABLE `agent`
  MODIFY `id` int(11) NOT NULL AUTO_INCREMENT, AUTO_INCREMENT=1057;

--
-- AUTO_INCREMENT pour la table `attestation_chiffre_affaire`
--
ALTER TABLE `attestation_chiffre_affaire`
  MODIFY `id` int(11) NOT NULL AUTO_INCREMENT, AUTO_INCREMENT=27;

--
-- AUTO_INCREMENT pour la table `attestation_fiscale`
--
ALTER TABLE `attestation_fiscale`
  MODIFY `id` int(11) NOT NULL AUTO_INCREMENT, AUTO_INCREMENT=4;

--
-- AUTO_INCREMENT pour la table `categorie`
--
ALTER TABLE `categorie`
  MODIFY `id` int(11) NOT NULL AUTO_INCREMENT, AUTO_INCREMENT=299;

--
-- AUTO_INCREMENT pour la table `declaration`
--
ALTER TABLE `declaration`
  MODIFY `id` int(11) NOT NULL AUTO_INCREMENT, AUTO_INCREMENT=8726;

--
-- AUTO_INCREMENT pour la table `entrepreneur`
--
ALTER TABLE `entrepreneur`
  MODIFY `id` int(11) NOT NULL AUTO_INCREMENT, AUTO_INCREMENT=864;

--
-- AUTO_INCREMENT pour la table `facture`
--
ALTER TABLE `facture`
  MODIFY `id` int(11) NOT NULL AUTO_INCREMENT, AUTO_INCREMENT=10594;

--
-- AUTO_INCREMENT pour la table `paiement`
--
ALTER TABLE `paiement`
  MODIFY `id` int(11) NOT NULL AUTO_INCREMENT, AUTO_INCREMENT=24;

--
-- AUTO_INCREMENT pour la table `produit`
--
ALTER TABLE `produit`
  MODIFY `id` int(11) NOT NULL AUTO_INCREMENT, AUTO_INCREMENT=148714;

--
-- AUTO_INCREMENT pour la table `rendezvous`
--
ALTER TABLE `rendezvous`
  MODIFY `id` int(11) NOT NULL AUTO_INCREMENT, AUTO_INCREMENT=29;

--
-- AUTO_INCREMENT pour la table `reset_password_request`
--
ALTER TABLE `reset_password_request`
  MODIFY `id` int(11) NOT NULL AUTO_INCREMENT, AUTO_INCREMENT=7;

--
-- AUTO_INCREMENT pour la table `temoignage`
--
ALTER TABLE `temoignage`
  MODIFY `id` int(11) NOT NULL AUTO_INCREMENT, AUTO_INCREMENT=200;

--
-- Contraintes pour les tables déchargées
--

--
-- Contraintes pour la table `attestation_chiffre_affaire`
--
ALTER TABLE `attestation_chiffre_affaire`
  ADD CONSTRAINT `FK_20AD573E283063EA` FOREIGN KEY (`entrepreneur_id`) REFERENCES `entrepreneur` (`id`);

--
-- Contraintes pour la table `attestation_fiscale`
--
ALTER TABLE `attestation_fiscale`
  ADD CONSTRAINT `FK_1EE2A57B283063EA` FOREIGN KEY (`entrepreneur_id`) REFERENCES `entrepreneur` (`id`);

--
-- Contraintes pour la table `categorie`
--
ALTER TABLE `categorie`
  ADD CONSTRAINT `FK_497DD634283063EA` FOREIGN KEY (`entrepreneur_id`) REFERENCES `entrepreneur` (`id`),
  ADD CONSTRAINT `FK_497DD6349B0F88B1` FOREIGN KEY (`activite_id`) REFERENCES `activite` (`id`);

--
-- Contraintes pour la table `declaration`
--
ALTER TABLE `declaration`
  ADD CONSTRAINT `FK_7AA3DAC21529194C` FOREIGN KEY (`attestation_chiffre_affaire_id`) REFERENCES `attestation_chiffre_affaire` (`id`),
  ADD CONSTRAINT `FK_7AA3DAC2283063EA` FOREIGN KEY (`entrepreneur_id`) REFERENCES `entrepreneur` (`id`),
  ADD CONSTRAINT `FK_7AA3DAC2A3918967` FOREIGN KEY (`attestation_fiscale_id`) REFERENCES `attestation_fiscale` (`id`);

--
-- Contraintes pour la table `facture`
--
ALTER TABLE `facture`
  ADD CONSTRAINT `FK_FE866410283063EA` FOREIGN KEY (`entrepreneur_id`) REFERENCES `entrepreneur` (`id`);

--
-- Contraintes pour la table `paiement`
--
ALTER TABLE `paiement`
  ADD CONSTRAINT `FK_B1DC7A1EC06258A3` FOREIGN KEY (`declaration_id`) REFERENCES `declaration` (`id`);

--
-- Contraintes pour la table `produit`
--
ALTER TABLE `produit`
  ADD CONSTRAINT `FK_29A5EC277F2DEE08` FOREIGN KEY (`facture_id`) REFERENCES `facture` (`id`);

--
-- Contraintes pour la table `rendezvous`
--
ALTER TABLE `rendezvous`
  ADD CONSTRAINT `FK_C09A9BA8283063EA` FOREIGN KEY (`entrepreneur_id`) REFERENCES `entrepreneur` (`id`),
  ADD CONSTRAINT `FK_C09A9BA83414710B` FOREIGN KEY (`agent_id`) REFERENCES `agent` (`id`);

--
-- Contraintes pour la table `reset_password_request`
--
ALTER TABLE `reset_password_request`
  ADD CONSTRAINT `FK_7CE748AA76ED395` FOREIGN KEY (`user_id`) REFERENCES `entrepreneur` (`id`);

--
-- Contraintes pour la table `temoignage`
--
ALTER TABLE `temoignage`
  ADD CONSTRAINT `FK_BDADBC46283063EA` FOREIGN KEY (`entrepreneur_id`) REFERENCES `entrepreneur` (`id`);
COMMIT;

/*!40101 SET CHARACTER_SET_CLIENT=@OLD_CHARACTER_SET_CLIENT */;
/*!40101 SET CHARACTER_SET_RESULTS=@OLD_CHARACTER_SET_RESULTS */;
/*!40101 SET COLLATION_CONNECTION=@OLD_COLLATION_CONNECTION */;
